2026-07-04 01:41:56,320 [INFO] [MainThread] [root/api.py:69]: Fetching new weather data at 2026-07-04 01:41:56.320394
2026-07-04 01:51:56,319 [INFO] [MainThread] [root/api.py:69]: Fetching new weather data at 2026-07-04 01:51:56.319026
Windows fatal exception: code 0x80010108

Thread 0x00004194 [SystrayMonitor] (most recent call first):
  File "D:\a\yasb\yasb\src\core\widgets\services\systray\utils.py", line 145 in start_message_loop
  File "D:\a\yasb\yasb\src\core\widgets\services\systray\systray_monitor.py", line 99 in run
  File "D:\a\yasb\yasb\src\core\widgets\yasb\systray.py", line 65 in run

Thread 0x00004138 [asyncio_0] (most recent call first):
  File "C:\hostedtoolcache\windows\Python\3.14.4\x64\Lib\threading.py", line 373 in wait
  File "C:\hostedtoolcache\windows\Python\3.14.4\x64\Lib\threading.py", line 670 in wait
  File "C:\hostedtoolcache\windows\Python\3.14.4\x64\Lib\concurrent\futures\thread.py", line 73 in run
  File "C:\hostedtoolcache\windows\Python\3.14.4\x64\Lib\concurrent\futures\thread.py", line 86 in run
  File "C:\hostedtoolcache\windows\Python\3.14.4\x64\Lib\concurrent\futures\thread.py", line 119 in _worker
  File "C:\hostedtoolcache\windows\Python\3.14.4\x64\Lib\threading.py", line 1024 in run
  File "C:\hostedtoolcache\windows\Python\3.14.4\x64\Lib\threading.py", line 1082 in _bootstrap_inner
  File "C:\hostedtoolcache\windows\Python\3.14.4\x64\Lib\threading.py", line 1044 in _bootstrap

Thread 0x000040e0 [Thread-8] (most recent call first):
  File "C:\hostedtoolcache\windows\Python\3.14.4\x64\Lib\threading.py", line 369 in wait
  File "C:\hostedtoolcache\windows\Python\3.14.4\x64\Lib\queue.py", line 199 in get
  File "D:\a\yasb\yasb\venv\Lib\site-packages\watchdog\observers\api.py", line 379 in dispatch_events
  File "D:\a\yasb\yasb\venv\Lib\site-packages\watchdog\observers\api.py", line 213 in run
  File "C:\hostedtoolcache\windows\Python\3.14.4\x64\Lib\threading.py", line 1082 in _bootstrap_inner
  File "C:\hostedtoolcache\windows\Python\3.14.4\x64\Lib\threading.py", line 1044 in _bootstrap

Thread 0x000040dc [Thread-9] (most recent call first):
  File "D:\a\yasb\yasb\venv\Lib\site-packages\watchdog\observers\winapi.py", line 326 in read_directory_changes
  File "D:\a\yasb\yasb\venv\Lib\site-packages\watchdog\observers\winapi.py", line 380 in read_events
  File "D:\a\yasb\yasb\venv\Lib\site-packages\watchdog\observers\read_directory_changes.py", line 67 in _read_events
  File "D:\a\yasb\yasb\venv\Lib\site-packages\watchdog\observers\read_directory_changes.py", line 70 in queue_events
  File "D:\a\yasb\yasb\venv\Lib\site-packages\watchdog\observers\api.py", line 158 in run
  File "C:\hostedtoolcache\windows\Python\3.14.4\x64\Lib\threading.py", line 1082 in _bootstrap_inner
  File "C:\hostedtoolcache\windows\Python\3.14.4\x64\Lib\threading.py", line 1044 in _bootstrap

Thread 0x000040d8 [WindowsNotificationEventListener] (most recent call first):
  File "C:\hostedtoolcache\windows\Python\3.14.4\x64\Lib\asyncio\windows_events.py", line 775 in _poll
  File "C:\hostedtoolcache\windows\Python\3.14.4\x64\Lib\asyncio\windows_events.py", line 446 in select
  File "C:\hostedtoolcache\windows\Python\3.14.4\x64\Lib\asyncio\base_events.py", line 2019 in _run_once
  File "C:\hostedtoolcache\windows\Python\3.14.4\x64\Lib\asyncio\base_events.py", line 677 in run_forever
  File "C:\hostedtoolcache\windows\Python\3.14.4\x64\Lib\asyncio\base_events.py", line 706 in run_until_complete
  File "D:\a\yasb\yasb\src\core\widgets\services\notifications\windows_notification.py", line 101 in run

Thread 0x000040d4 [KomorebiEventListener] (most recent call first):
  File "C:\hostedtoolcache\windows\Python\3.14.4\x64\Lib\threading.py", line 373 in wait
  File "C:\hostedtoolcache\windows\Python\3.14.4\x64\Lib\threading.py", line 670 in wait
  File "D:\a\yasb\yasb\src\core\widgets\services\komorebi\event_listener.py", line 75 in run

Thread 0x000040d0 [HotkeyListener] (most recent call first):
  File "D:\a\yasb\yasb\src\core\utils\win32\hotkeys.py", line 252 in run

Thread 0x000026c8 [WiFiWorker] (most recent call first):
  File "D:\a\yasb\yasb\src\core\widgets\services\wifi\wifi_managers.py", line 151 in run

Thread 0x00003590 [MemoryWorker] (most recent call first):
  File "D:\a\yasb\yasb\src\core\widgets\services\memory\memory_api.py", line 244 in run

Thread 0x00003f7c [CpuWorker] (most recent call first):
  File "D:\a\yasb\yasb\src\core\widgets\services\cpu\cpu_api.py", line 318 in run

Thread 0x00003f84 [QueryWorker] (most recent call first):
  File "D:\a\yasb\yasb\src\core\widgets\services\quick_launch\workers.py", line 61 in run

Thread 0x00003b24 [_EventWorker] (most recent call first):
  File "D:\a\yasb\yasb\venv\Lib\site-packages\qasync\_windows.py", line 147 in _poll
  File "D:\a\yasb\yasb\venv\Lib\site-packages\qasync\_windows.py", line 72 in select
  File "D:\a\yasb\yasb\venv\Lib\site-packages\qasync\_windows.py", line 199 in run

Thread 0x00003b10 [LogPipeServer] (most recent call first):
  File "D:\a\yasb\yasb\src\core\utils\win32\bindings\kernel32.py", line 288 in ConnectNamedPipe
  File "D:\a\yasb\yasb\src\core\utils\cli_server.py", line 138 in _run_server
  File "C:\hostedtoolcache\windows\Python\3.14.4\x64\Lib\threading.py", line 1024 in run
  File "C:\hostedtoolcache\windows\Python\3.14.4\x64\Lib\threading.py", line 1082 in _bootstrap_inner
  File "C:\hostedtoolcache\windows\Python\3.14.4\x64\Lib\threading.py", line 1044 in _bootstrap

Thread 0x00003b0c [CLIPipeServer] (most recent call first):
  File "D:\a\yasb\yasb\src\core\utils\win32\bindings\kernel32.py", line 288 in ConnectNamedPipe
  File "D:\a\yasb\yasb\src\core\utils\cli_server.py", line 235 in _run_server
  File "C:\hostedtoolcache\windows\Python\3.14.4\x64\Lib\threading.py", line 1024 in run
  File "C:\hostedtoolcache\windows\Python\3.14.4\x64\Lib\threading.py", line 1082 in _bootstrap_inner
  File "C:\hostedtoolcache\windows\Python\3.14.4\x64\Lib\threading.py", line 1044 in _bootstrap

Thread 0x00003aa8 (most recent call first):
  File "D:\a\yasb\yasb\venv\Lib\site-packages\qasync\__init__.py", line 404 in run_forever
  File "D:\a\yasb\yasb\venv\Lib\site-packages\qasync\__init__.py", line 428 in run_until_complete
  File "main.py", line 98 in main
  File "main.py", line 188 in <module>
  File "D:\a\yasb\yasb\venv\Lib\site-packages\freeze_core\initscripts\console.py", line 27 in run
  File "D:\a\yasb\yasb\venv\Lib\site-packages\freeze_core\initscripts\__startup__.py", line 137 in run

Current thread's C stack trace (most recent call first):
  <cannot get C stack on this system>
Windows fatal exception: code 0x80010108

Thread 0x00004194 [SystrayMonitor] (most recent call first):
  File "D:\a\yasb\yasb\src\core\widgets\services\systray\utils.py", line 145 in start_message_loop
  File "D:\a\yasb\yasb\src\core\widgets\services\systray\systray_monitor.py", line 99 in run
  File "D:\a\yasb\yasb\src\core\widgets\yasb\systray.py", line 65 in run

Thread 0x00004138 [asyncio_0] (most recent call first):
  File "C:\hostedtoolcache\windows\Python\3.14.4\x64\Lib\threading.py", line 373 in wait
  File "C:\hostedtoolcache\windows\Python\3.14.4\x64\Lib\threading.py", line 670 in wait
  File "C:\hostedtoolcache\windows\Python\3.14.4\x64\Lib\concurrent\futures\thread.py", line 73 in run
  File "C:\hostedtoolcache\windows\Python\3.14.4\x64\Lib\concurrent\futures\thread.py", line 86 in run
  File "C:\hostedtoolcache\windows\Python\3.14.4\x64\Lib\concurrent\futures\thread.py", line 119 in _worker
  File "C:\hostedtoolcache\windows\Python\3.14.4\x64\Lib\threading.py", line 1024 in run
  File "C:\hostedtoolcache\windows\Python\3.14.4\x64\Lib\threading.py", line 1082 in _bootstrap_inner
  File "C:\hostedtoolcache\windows\Python\3.14.4\x64\Lib\threading.py", line 1044 in _bootstrap

Thread 0x000040e0 [Thread-8] (most recent call first):
  File "C:\hostedtoolcache\windows\Python\3.14.4\x64\Lib\threading.py", line 369 in wait
  File "C:\hostedtoolcache\windows\Python\3.14.4\x64\Lib\queue.py", line 199 in get
  File "D:\a\yasb\yasb\venv\Lib\site-packages\watchdog\observers\api.py", line 379 in dispatch_events
  File "D:\a\yasb\yasb\venv\Lib\site-packages\watchdog\observers\api.py", line 213 in run
  File "C:\hostedtoolcache\windows\Python\3.14.4\x64\Lib\threading.py", line 1082 in _bootstrap_inner
  File "C:\hostedtoolcache\windows\Python\3.14.4\x64\Lib\threading.py", line 1044 in _bootstrap

Thread 0x000040dc [Thread-9] (most recent call first):
  File "D:\a\yasb\yasb\venv\Lib\site-packages\watchdog\observers\winapi.py", line 326 in read_directory_changes
  File "D:\a\yasb\yasb\venv\Lib\site-packages\watchdog\observers\winapi.py", line 380 in read_events
  File "D:\a\yasb\yasb\venv\Lib\site-packages\watchdog\observers\read_directory_changes.py", line 67 in _read_events
  File "D:\a\yasb\yasb\venv\Lib\site-packages\watchdog\observers\read_directory_changes.py", line 70 in queue_events
  File "D:\a\yasb\yasb\venv\Lib\site-packages\watchdog\observers\api.py", line 158 in run
  File "C:\hostedtoolcache\windows\Python\3.14.4\x64\Lib\threading.py", line 1082 in _bootstrap_inner
  File "C:\hostedtoolcache\windows\Python\3.14.4\x64\Lib\threading.py", line 1044 in _bootstrap

Thread 0x000040d8 [WindowsNotificationEventListener] (most recent call first):
  File "C:\hostedtoolcache\windows\Python\3.14.4\x64\Lib\asyncio\windows_events.py", line 775 in _poll
  File "C:\hostedtoolcache\windows\Python\3.14.4\x64\Lib\asyncio\windows_events.py", line 446 in select
  File "C:\hostedtoolcache\windows\Python\3.14.4\x64\Lib\asyncio\base_events.py", line 2019 in _run_once
  File "C:\hostedtoolcache\windows\Python\3.14.4\x64\Lib\asyncio\base_events.py", line 677 in run_forever
  File "C:\hostedtoolcache\windows\Python\3.14.4\x64\Lib\asyncio\base_events.py", line 706 in run_until_complete
  File "D:\a\yasb\yasb\src\core\widgets\services\notifications\windows_notification.py", line 101 in run

Thread 0x000040d4 [KomorebiEventListener] (most recent call first):
  File "C:\hostedtoolcache\windows\Python\3.14.4\x64\Lib\threading.py", line 373 in wait
  File "C:\hostedtoolcache\windows\Python\3.14.4\x64\Lib\threading.py", line 670 in wait
  File "D:\a\yasb\yasb\src\core\widgets\services\komorebi\event_listener.py", line 75 in run

Thread 0x000040d0 [HotkeyListener] (most recent call first):
  File "D:\a\yasb\yasb\src\core\utils\win32\hotkeys.py", line 252 in run

Thread 0x000026c8 [WiFiWorker] (most recent call first):
  File "D:\a\yasb\yasb\src\core\widgets\services\wifi\wifi_managers.py", line 151 in run

Thread 0x00003590 [MemoryWorker] (most recent call first):
  File "D:\a\yasb\yasb\src\core\widgets\services\memory\memory_api.py", line 244 in run

Thread 0x00003f7c [CpuWorker] (most recent call first):
  File "D:\a\yasb\yasb\src\core\widgets\services\cpu\cpu_api.py", line 318 in run

Thread 0x00003f84 [QueryWorker] (most recent call first):
  File "D:\a\yasb\yasb\src\core\widgets\services\quick_launch\workers.py", line 61 in run

Thread 0x00003b24 [_EventWorker] (most recent call first):
  File "D:\a\yasb\yasb\venv\Lib\site-packages\qasync\_windows.py", line 147 in _poll
  File "D:\a\yasb\yasb\venv\Lib\site-packages\qasync\_windows.py", line 72 in select
  File "D:\a\yasb\yasb\venv\Lib\site-packages\qasync\_windows.py", line 199 in run

Thread 0x00003b10 [LogPipeServer] (most recent call first):
  File "D:\a\yasb\yasb\src\core\utils\win32\bindings\kernel32.py", line 288 in ConnectNamedPipe
  File "D:\a\yasb\yasb\src\core\utils\cli_server.py", line 138 in _run_server
  File "C:\hostedtoolcache\windows\Python\3.14.4\x64\Lib\threading.py", line 1024 in run
  File "C:\hostedtoolcache\windows\Python\3.14.4\x64\Lib\threading.py", line 1082 in _bootstrap_inner
  File "C:\hostedtoolcache\windows\Python\3.14.4\x64\Lib\threading.py", line 1044 in _bootstrap

Thread 0x00003b0c [CLIPipeServer] (most recent call first):
  File "D:\a\yasb\yasb\src\core\utils\win32\bindings\kernel32.py", line 288 in ConnectNamedPipe
  File "D:\a\yasb\yasb\src\core\utils\cli_server.py", line 235 in _run_server
  File "C:\hostedtoolcache\windows\Python\3.14.4\x64\Lib\threading.py", line 1024 in run
  File "C:\hostedtoolcache\windows\Python\3.14.4\x64\Lib\threading.py", line 1082 in _bootstrap_inner
  File "C:\hostedtoolcache\windows\Python\3.14.4\x64\Lib\threading.py", line 1044 in _bootstrap

Thread 0x00003aa8 (most recent call first):
  File "D:\a\yasb\yasb\venv\Lib\site-packages\qasync\__init__.py", line 404 in run_forever
  File "D:\a\yasb\yasb\venv\Lib\site-packages\qasync\__init__.py", line 428 in run_until_complete
  File "main.py", line 98 in main
  File "main.py", line 188 in <module>
  File "D:\a\yasb\yasb\venv\Lib\site-packages\freeze_core\initscripts\console.py", line 27 in run
  File "D:\a\yasb\yasb\venv\Lib\site-packages\freeze_core\initscripts\__startup__.py", line 137 in run

Current thread's C stack trace (most recent call first):
  <cannot get C stack on this system>
Windows fatal exception: code 0x80010108

Thread 0x00004194 [SystrayMonitor] (most recent call first):
  File "D:\a\yasb\yasb\src\core\widgets\services\systray\utils.py", line 145 in start_message_loop
  File "D:\a\yasb\yasb\src\core\widgets\services\systray\systray_monitor.py", line 99 in run
  File "D:\a\yasb\yasb\src\core\widgets\yasb\systray.py", line 65 in run

Thread 0x00004138 [asyncio_0] (most recent call first):
  File "C:\hostedtoolcache\windows\Python\3.14.4\x64\Lib\threading.py", line 373 in wait
  File "C:\hostedtoolcache\windows\Python\3.14.4\x64\Lib\threading.py", line 670 in wait
  File "C:\hostedtoolcache\windows\Python\3.14.4\x64\Lib\concurrent\futures\thread.py", line 73 in run
  File "C:\hostedtoolcache\windows\Python\3.14.4\x64\Lib\concurrent\futures\thread.py", line 86 in run
  File "C:\hostedtoolcache\windows\Python\3.14.4\x64\Lib\concurrent\futures\thread.py", line 119 in _worker
  File "C:\hostedtoolcache\windows\Python\3.14.4\x64\Lib\threading.py", line 1024 in run
  File "C:\hostedtoolcache\windows\Python\3.14.4\x64\Lib\threading.py", line 1082 in _bootstrap_inner
  File "C:\hostedtoolcache\windows\Python\3.14.4\x64\Lib\threading.py", line 1044 in _bootstrap

Thread 0x000040e0 [Thread-8] (most recent call first):
  File "C:\hostedtoolcache\windows\Python\3.14.4\x64\Lib\threading.py", line 369 in wait
  File "C:\hostedtoolcache\windows\Python\3.14.4\x64\Lib\queue.py", line 199 in get
  File "D:\a\yasb\yasb\venv\Lib\site-packages\watchdog\observers\api.py", line 379 in dispatch_events
  File "D:\a\yasb\yasb\venv\Lib\site-packages\watchdog\observers\api.py", line 213 in run
  File "C:\hostedtoolcache\windows\Python\3.14.4\x64\Lib\threading.py", line 1082 in _bootstrap_inner
  File "C:\hostedtoolcache\windows\Python\3.14.4\x64\Lib\threading.py", line 1044 in _bootstrap

Thread 0x000040dc [Thread-9] (most recent call first):
  File "D:\a\yasb\yasb\venv\Lib\site-packages\watchdog\observers\winapi.py", line 326 in read_directory_changes
  File "D:\a\yasb\yasb\venv\Lib\site-packages\watchdog\observers\winapi.py", line 380 in read_events
  File "D:\a\yasb\yasb\venv\Lib\site-packages\watchdog\observers\read_directory_changes.py", line 67 in _read_events
  File "D:\a\yasb\yasb\venv\Lib\site-packages\watchdog\observers\read_directory_changes.py", line 70 in queue_events
  File "D:\a\yasb\yasb\venv\Lib\site-packages\watchdog\observers\api.py", line 158 in run
  File "C:\hostedtoolcache\windows\Python\3.14.4\x64\Lib\threading.py", line 1082 in _bootstrap_inner
  File "C:\hostedtoolcache\windows\Python\3.14.4\x64\Lib\threading.py", line 1044 in _bootstrap

Thread 0x000040d8 [WindowsNotificationEventListener] (most recent call first):
  File "C:\hostedtoolcache\windows\Python\3.14.4\x64\Lib\asyncio\windows_events.py", line 775 in _poll
  File "C:\hostedtoolcache\windows\Python\3.14.4\x64\Lib\asyncio\windows_events.py", line 446 in select
  File "C:\hostedtoolcache\windows\Python\3.14.4\x64\Lib\asyncio\base_events.py", line 2019 in _run_once
  File "C:\hostedtoolcache\windows\Python\3.14.4\x64\Lib\asyncio\base_events.py", line 677 in run_forever
  File "C:\hostedtoolcache\windows\Python\3.14.4\x64\Lib\asyncio\base_events.py", line 706 in run_until_complete
  File "D:\a\yasb\yasb\src\core\widgets\services\notifications\windows_notification.py", line 101 in run

Thread 0x000040d4 [KomorebiEventListener] (most recent call first):
  File "C:\hostedtoolcache\windows\Python\3.14.4\x64\Lib\threading.py", line 373 in wait
  File "C:\hostedtoolcache\windows\Python\3.14.4\x64\Lib\threading.py", line 670 in wait
  File "D:\a\yasb\yasb\src\core\widgets\services\komorebi\event_listener.py", line 75 in run

Thread 0x000040d0 [HotkeyListener] (most recent call first):
  File "D:\a\yasb\yasb\src\core\utils\win32\hotkeys.py", line 252 in run

Thread 0x000026c8 [WiFiWorker] (most recent call first):
  File "D:\a\yasb\yasb\src\core\widgets\services\wifi\wifi_managers.py", line 151 in run

Thread 0x00003590 [MemoryWorker] (most recent call first):
  File "D:\a\yasb\yasb\src\core\widgets\services\memory\memory_api.py", line 244 in run

Thread 0x00003f7c [CpuWorker] (most recent call first):
  File "D:\a\yasb\yasb\src\core\widgets\services\cpu\cpu_api.py", line 318 in run

Thread 0x00003f84 [QueryWorker] (most recent call first):
  File "D:\a\yasb\yasb\src\core\widgets\services\quick_launch\workers.py", line 61 in run

Thread 0x00003b24 [_EventWorker] (most recent call first):
  File "D:\a\yasb\yasb\venv\Lib\site-packages\qasync\_windows.py", line 147 in _poll
  File "D:\a\yasb\yasb\venv\Lib\site-packages\qasync\_windows.py", line 72 in select
  File "D:\a\yasb\yasb\venv\Lib\site-packages\qasync\_windows.py", line 199 in run

Thread 0x00003b10 [LogPipeServer] (most recent call first):
  File "D:\a\yasb\yasb\src\core\utils\win32\bindings\kernel32.py", line 288 in ConnectNamedPipe
  File "D:\a\yasb\yasb\src\core\utils\cli_server.py", line 138 in _run_server
  File "C:\hostedtoolcache\windows\Python\3.14.4\x64\Lib\threading.py", line 1024 in run
  File "C:\hostedtoolcache\windows\Python\3.14.4\x64\Lib\threading.py", line 1082 in _bootstrap_inner
  File "C:\hostedtoolcache\windows\Python\3.14.4\x64\Lib\threading.py", line 1044 in _bootstrap

Thread 0x00003b0c [CLIPipeServer] (most recent call first):
  File "D:\a\yasb\yasb\src\core\utils\win32\bindings\kernel32.py", line 288 in ConnectNamedPipe
  File "D:\a\yasb\yasb\src\core\utils\cli_server.py", line 235 in _run_server
  File "C:\hostedtoolcache\windows\Python\3.14.4\x64\Lib\threading.py", line 1024 in run
  File "C:\hostedtoolcache\windows\Python\3.14.4\x64\Lib\threading.py", line 1082 in _bootstrap_inner
  File "C:\hostedtoolcache\windows\Python\3.14.4\x64\Lib\threading.py", line 1044 in _bootstrap

Thread 0x00003aa8 (most recent call first):
  File "D:\a\yasb\yasb\venv\Lib\site-packages\qasync\__init__.py", line 404 in run_forever
  File "D:\a\yasb\yasb\venv\Lib\site-packages\qasync\__init__.py", line 428 in run_until_complete
  File "main.py", line 98 in main
  File "main.py", line 188 in <module>
  File "D:\a\yasb\yasb\venv\Lib\site-packages\freeze_core\initscripts\console.py", line 27 in run
  File "D:\a\yasb\yasb\venv\Lib\site-packages\freeze_core\initscripts\__startup__.py", line 137 in run

Current thread's C stack trace (most recent call first):
  <cannot get C stack on this system>
2026-07-04 02:01:56,334 [INFO] [MainThread] [root/api.py:69]: Fetching new weather data at 2026-07-04 02:01:56.334075
2026-07-04 02:11:56,323 [INFO] [MainThread] [root/api.py:69]: Fetching new weather data at 2026-07-04 02:11:56.323067
2026-07-04 02:21:56,364 [INFO] [MainThread] [root/api.py:69]: Fetching new weather data at 2026-07-04 02:21:56.364563
2026-07-04 02:31:56,341 [INFO] [MainThread] [root/api.py:69]: Fetching new weather data at 2026-07-04 02:31:56.341378
2026-07-04 02:41:56,330 [INFO] [MainThread] [root/api.py:69]: Fetching new weather data at 2026-07-04 02:41:56.330335
2026-07-04 02:51:56,485 [INFO] [MainThread] [root/api.py:69]: Fetching new weather data at 2026-07-04 02:51:56.485897
2026-07-04 03:01:56,341 [INFO] [MainThread] [root/api.py:69]: Fetching new weather data at 2026-07-04 03:01:56.341528
2026-07-04 03:11:56,341 [INFO] [MainThread] [root/api.py:69]: Fetching new weather data at 2026-07-04 03:11:56.341460
2026-07-04 03:21:56,345 [INFO] [MainThread] [root/api.py:69]: Fetching new weather data at 2026-07-04 03:21:56.345074
2026-07-04 03:31:56,323 [INFO] [MainThread] [root/api.py:69]: Fetching new weather data at 2026-07-04 03:31:56.323196
Windows fatal exception: code 0x80010108

Thread 0x00004194 [SystrayMonitor] (most recent call first):
  File "D:\a\yasb\yasb\src\core\widgets\services\systray\utils.py", line 145 in start_message_loop
  File "D:\a\yasb\yasb\src\core\widgets\services\systray\systray_monitor.py", line 99 in run
  File "D:\a\yasb\yasb\src\core\widgets\yasb\systray.py", line 65 in run

Thread 0x00004138 [asyncio_0] (most recent call first):
  File "C:\hostedtoolcache\windows\Python\3.14.4\x64\Lib\threading.py", line 373 in wait
  File "C:\hostedtoolcache\windows\Python\3.14.4\x64\Lib\threading.py", line 670 in wait
  File "C:\hostedtoolcache\windows\Python\3.14.4\x64\Lib\concurrent\futures\thread.py", line 73 in run
  File "C:\hostedtoolcache\windows\Python\3.14.4\x64\Lib\concurrent\futures\thread.py", line 86 in run
  File "C:\hostedtoolcache\windows\Python\3.14.4\x64\Lib\concurrent\futures\thread.py", line 119 in _worker
  File "C:\hostedtoolcache\windows\Python\3.14.4\x64\Lib\threading.py", line 1024 in run
  File "C:\hostedtoolcache\windows\Python\3.14.4\x64\Lib\threading.py", line 1082 in _bootstrap_inner
  File "C:\hostedtoolcache\windows\Python\3.14.4\x64\Lib\threading.py", line 1044 in _bootstrap

Thread 0x000040e0 [Thread-8] (most recent call first):
  File "C:\hostedtoolcache\windows\Python\3.14.4\x64\Lib\threading.py", line 369 in wait
  File "C:\hostedtoolcache\windows\Python\3.14.4\x64\Lib\queue.py", line 199 in get
  File "D:\a\yasb\yasb\venv\Lib\site-packages\watchdog\observers\api.py", line 379 in dispatch_events
  File "D:\a\yasb\yasb\venv\Lib\site-packages\watchdog\observers\api.py", line 213 in run
  File "C:\hostedtoolcache\windows\Python\3.14.4\x64\Lib\threading.py", line 1082 in _bootstrap_inner
  File "C:\hostedtoolcache\windows\Python\3.14.4\x64\Lib\threading.py", line 1044 in _bootstrap

Thread 0x000040dc [Thread-9] (most recent call first):
  File "D:\a\yasb\yasb\venv\Lib\site-packages\watchdog\observers\winapi.py", line 326 in read_directory_changes
  File "D:\a\yasb\yasb\venv\Lib\site-packages\watchdog\observers\winapi.py", line 380 in read_events
  File "D:\a\yasb\yasb\venv\Lib\site-packages\watchdog\observers\read_directory_changes.py", line 67 in _read_events
  File "D:\a\yasb\yasb\venv\Lib\site-packages\watchdog\observers\read_directory_changes.py", line 70 in queue_events
  File "D:\a\yasb\yasb\venv\Lib\site-packages\watchdog\observers\api.py", line 158 in run
  File "C:\hostedtoolcache\windows\Python\3.14.4\x64\Lib\threading.py", line 1082 in _bootstrap_inner
  File "C:\hostedtoolcache\windows\Python\3.14.4\x64\Lib\threading.py", line 1044 in _bootstrap

Thread 0x000040d8 [WindowsNotificationEventListener] (most recent call first):
  File "C:\hostedtoolcache\windows\Python\3.14.4\x64\Lib\asyncio\windows_events.py", line 775 in _poll
  File "C:\hostedtoolcache\windows\Python\3.14.4\x64\Lib\asyncio\windows_events.py", line 446 in select
  File "C:\hostedtoolcache\windows\Python\3.14.4\x64\Lib\asyncio\base_events.py", line 2019 in _run_once
  File "C:\hostedtoolcache\windows\Python\3.14.4\x64\Lib\asyncio\base_events.py", line 677 in run_forever
  File "C:\hostedtoolcache\windows\Python\3.14.4\x64\Lib\asyncio\base_events.py", line 706 in run_until_complete
  File "D:\a\yasb\yasb\src\core\widgets\services\notifications\windows_notification.py", line 101 in run

Thread 0x000040d4 [KomorebiEventListener] (most recent call first):
  File "C:\hostedtoolcache\windows\Python\3.14.4\x64\Lib\threading.py", line 373 in wait
  File "C:\hostedtoolcache\windows\Python\3.14.4\x64\Lib\threading.py", line 670 in wait
  File "D:\a\yasb\yasb\src\core\widgets\services\komorebi\event_listener.py", line 75 in run

Thread 0x000040d0 [HotkeyListener] (most recent call first):
  File "D:\a\yasb\yasb\src\core\utils\win32\hotkeys.py", line 252 in run

Thread 0x000026c8 [WiFiWorker] (most recent call first):
  File "D:\a\yasb\yasb\src\core\widgets\services\wifi\wifi_managers.py", line 151 in run

Thread 0x00003590 [MemoryWorker] (most recent call first):
  File "D:\a\yasb\yasb\src\core\widgets\services\memory\memory_api.py", line 244 in run

Thread 0x00003f7c [CpuWorker] (most recent call first):
  File "D:\a\yasb\yasb\src\core\widgets\services\cpu\cpu_api.py", line 318 in run

Thread 0x00003f84 [QueryWorker] (most recent call first):
  File "D:\a\yasb\yasb\src\core\widgets\services\quick_launch\workers.py", line 61 in run

Thread 0x00003b24 [_EventWorker] (most recent call first):
  File "D:\a\yasb\yasb\venv\Lib\site-packages\qasync\_windows.py", line 147 in _poll
  File "D:\a\yasb\yasb\venv\Lib\site-packages\qasync\_windows.py", line 72 in select
  File "D:\a\yasb\yasb\venv\Lib\site-packages\qasync\_windows.py", line 199 in run

Thread 0x00003b10 [LogPipeServer] (most recent call first):
  File "D:\a\yasb\yasb\src\core\utils\win32\bindings\kernel32.py", line 288 in ConnectNamedPipe
  File "D:\a\yasb\yasb\src\core\utils\cli_server.py", line 138 in _run_server
  File "C:\hostedtoolcache\windows\Python\3.14.4\x64\Lib\threading.py", line 1024 in run
  File "C:\hostedtoolcache\windows\Python\3.14.4\x64\Lib\threading.py", line 1082 in _bootstrap_inner
  File "C:\hostedtoolcache\windows\Python\3.14.4\x64\Lib\threading.py", line 1044 in _bootstrap

Thread 0x00003b0c [CLIPipeServer] (most recent call first):
  File "D:\a\yasb\yasb\src\core\utils\win32\bindings\kernel32.py", line 288 in ConnectNamedPipe
  File "D:\a\yasb\yasb\src\core\utils\cli_server.py", line 235 in _run_server
  File "C:\hostedtoolcache\windows\Python\3.14.4\x64\Lib\threading.py", line 1024 in run
  File "C:\hostedtoolcache\windows\Python\3.14.4\x64\Lib\threading.py", line 1082 in _bootstrap_inner
  File "C:\hostedtoolcache\windows\Python\3.14.4\x64\Lib\threading.py", line 1044 in _bootstrap

Thread 0x00003aa8 (most recent call first):
  File "D:\a\yasb\yasb\venv\Lib\site-packages\qasync\__init__.py", line 404 in run_forever
  File "D:\a\yasb\yasb\venv\Lib\site-packages\qasync\__init__.py", line 428 in run_until_complete
  File "main.py", line 98 in main
  File "main.py", line 188 in <module>
  File "D:\a\yasb\yasb\venv\Lib\site-packages\freeze_core\initscripts\console.py", line 27 in run
  File "D:\a\yasb\yasb\venv\Lib\site-packages\freeze_core\initscripts\__startup__.py", line 137 in run

Current thread's C stack trace (most recent call first):
  <cannot get C stack on this system>
Windows fatal exception: code 0x80010108

Thread 0x00004194 [SystrayMonitor] (most recent call first):
  File "D:\a\yasb\yasb\src\core\widgets\services\systray\utils.py", line 145 in start_message_loop
  File "D:\a\yasb\yasb\src\core\widgets\services\systray\systray_monitor.py", line 99 in run
  File "D:\a\yasb\yasb\src\core\widgets\yasb\systray.py", line 65 in run

Thread 0x00004138 [asyncio_0] (most recent call first):
  File "C:\hostedtoolcache\windows\Python\3.14.4\x64\Lib\threading.py", line 373 in wait
  File "C:\hostedtoolcache\windows\Python\3.14.4\x64\Lib\threading.py", line 670 in wait
  File "C:\hostedtoolcache\windows\Python\3.14.4\x64\Lib\concurrent\futures\thread.py", line 73 in run
  File "C:\hostedtoolcache\windows\Python\3.14.4\x64\Lib\concurrent\futures\thread.py", line 86 in run
  File "C:\hostedtoolcache\windows\Python\3.14.4\x64\Lib\concurrent\futures\thread.py", line 119 in _worker
  File "C:\hostedtoolcache\windows\Python\3.14.4\x64\Lib\threading.py", line 1024 in run
  File "C:\hostedtoolcache\windows\Python\3.14.4\x64\Lib\threading.py", line 1082 in _bootstrap_inner
  File "C:\hostedtoolcache\windows\Python\3.14.4\x64\Lib\threading.py", line 1044 in _bootstrap

Thread 0x000040e0 [Thread-8] (most recent call first):
  File "C:\hostedtoolcache\windows\Python\3.14.4\x64\Lib\threading.py", line 369 in wait
  File "C:\hostedtoolcache\windows\Python\3.14.4\x64\Lib\queue.py", line 199 in get
  File "D:\a\yasb\yasb\venv\Lib\site-packages\watchdog\observers\api.py", line 379 in dispatch_events
  File "D:\a\yasb\yasb\venv\Lib\site-packages\watchdog\observers\api.py", line 213 in run
  File "C:\hostedtoolcache\windows\Python\3.14.4\x64\Lib\threading.py", line 1082 in _bootstrap_inner
  File "C:\hostedtoolcache\windows\Python\3.14.4\x64\Lib\threading.py", line 1044 in _bootstrap

Thread 0x000040dc [Thread-9] (most recent call first):
  File "D:\a\yasb\yasb\venv\Lib\site-packages\watchdog\observers\winapi.py", line 326 in read_directory_changes
  File "D:\a\yasb\yasb\venv\Lib\site-packages\watchdog\observers\winapi.py", line 380 in read_events
  File "D:\a\yasb\yasb\venv\Lib\site-packages\watchdog\observers\read_directory_changes.py", line 67 in _read_events
  File "D:\a\yasb\yasb\venv\Lib\site-packages\watchdog\observers\read_directory_changes.py", line 70 in queue_events
  File "D:\a\yasb\yasb\venv\Lib\site-packages\watchdog\observers\api.py", line 158 in run
  File "C:\hostedtoolcache\windows\Python\3.14.4\x64\Lib\threading.py", line 1082 in _bootstrap_inner
  File "C:\hostedtoolcache\windows\Python\3.14.4\x64\Lib\threading.py", line 1044 in _bootstrap

Thread 0x000040d8 [WindowsNotificationEventListener] (most recent call first):
  File "C:\hostedtoolcache\windows\Python\3.14.4\x64\Lib\asyncio\windows_events.py", line 775 in _poll
  File "C:\hostedtoolcache\windows\Python\3.14.4\x64\Lib\asyncio\windows_events.py", line 446 in select
  File "C:\hostedtoolcache\windows\Python\3.14.4\x64\Lib\asyncio\base_events.py", line 2019 in _run_once
  File "C:\hostedtoolcache\windows\Python\3.14.4\x64\Lib\asyncio\base_events.py", line 677 in run_forever
  File "C:\hostedtoolcache\windows\Python\3.14.4\x64\Lib\asyncio\base_events.py", line 706 in run_until_complete
  File "D:\a\yasb\yasb\src\core\widgets\services\notifications\windows_notification.py", line 101 in run

Thread 0x000040d4 [KomorebiEventListener] (most recent call first):
  File "C:\hostedtoolcache\windows\Python\3.14.4\x64\Lib\threading.py", line 373 in wait
  File "C:\hostedtoolcache\windows\Python\3.14.4\x64\Lib\threading.py", line 670 in wait
  File "D:\a\yasb\yasb\src\core\widgets\services\komorebi\event_listener.py", line 75 in run

Thread 0x000040d0 [HotkeyListener] (most recent call first):
  File "D:\a\yasb\yasb\src\core\utils\win32\hotkeys.py", line 252 in run

Thread 0x000026c8 [WiFiWorker] (most recent call first):
  File "D:\a\yasb\yasb\src\core\widgets\services\wifi\wifi_managers.py", line 151 in run

Thread 0x00003590 [MemoryWorker] (most recent call first):
  File "D:\a\yasb\yasb\src\core\widgets\services\memory\memory_api.py", line 244 in run

Thread 0x00003f7c [CpuWorker] (most recent call first):
  File "D:\a\yasb\yasb\src\core\widgets\services\cpu\cpu_api.py", line 318 in run

Thread 0x00003f84 [QueryWorker] (most recent call first):
  File "D:\a\yasb\yasb\src\core\widgets\services\quick_launch\workers.py", line 61 in run

Thread 0x00003b24 [_EventWorker] (most recent call first):
  File "D:\a\yasb\yasb\venv\Lib\site-packages\qasync\_windows.py", line 147 in _poll
  File "D:\a\yasb\yasb\venv\Lib\site-packages\qasync\_windows.py", line 72 in select
  File "D:\a\yasb\yasb\venv\Lib\site-packages\qasync\_windows.py", line 199 in run

Thread 0x00003b10 [LogPipeServer] (most recent call first):
  File "D:\a\yasb\yasb\src\core\utils\win32\bindings\kernel32.py", line 288 in ConnectNamedPipe
  File "D:\a\yasb\yasb\src\core\utils\cli_server.py", line 138 in _run_server
  File "C:\hostedtoolcache\windows\Python\3.14.4\x64\Lib\threading.py", line 1024 in run
  File "C:\hostedtoolcache\windows\Python\3.14.4\x64\Lib\threading.py", line 1082 in _bootstrap_inner
  File "C:\hostedtoolcache\windows\Python\3.14.4\x64\Lib\threading.py", line 1044 in _bootstrap

Thread 0x00003b0c [CLIPipeServer] (most recent call first):
  File "D:\a\yasb\yasb\src\core\utils\win32\bindings\kernel32.py", line 288 in ConnectNamedPipe
  File "D:\a\yasb\yasb\src\core\utils\cli_server.py", line 235 in _run_server
  File "C:\hostedtoolcache\windows\Python\3.14.4\x64\Lib\threading.py", line 1024 in run
  File "C:\hostedtoolcache\windows\Python\3.14.4\x64\Lib\threading.py", line 1082 in _bootstrap_inner
  File "C:\hostedtoolcache\windows\Python\3.14.4\x64\Lib\threading.py", line 1044 in _bootstrap

Thread 0x00003aa8 (most recent call first):
  File "D:\a\yasb\yasb\venv\Lib\site-packages\qasync\__init__.py", line 404 in run_forever
  File "D:\a\yasb\yasb\venv\Lib\site-packages\qasync\__init__.py", line 428 in run_until_complete
  File "main.py", line 98 in main
  File "main.py", line 188 in <module>
  File "D:\a\yasb\yasb\venv\Lib\site-packages\freeze_core\initscripts\console.py", line 27 in run
  File "D:\a\yasb\yasb\venv\Lib\site-packages\freeze_core\initscripts\__startup__.py", line 137 in run

Current thread's C stack trace (most recent call first):
  <cannot get C stack on this system>
Windows fatal exception: code 0x80010108

Thread 0x00004194 [SystrayMonitor] (most recent call first):
  File "D:\a\yasb\yasb\src\core\widgets\services\systray\utils.py", line 145 in start_message_loop
  File "D:\a\yasb\yasb\src\core\widgets\services\systray\systray_monitor.py", line 99 in run
  File "D:\a\yasb\yasb\src\core\widgets\yasb\systray.py", line 65 in run

Thread 0x00004138 [asyncio_0] (most recent call first):
  File "C:\hostedtoolcache\windows\Python\3.14.4\x64\Lib\threading.py", line 373 in wait
  File "C:\hostedtoolcache\windows\Python\3.14.4\x64\Lib\threading.py", line 670 in wait
  File "C:\hostedtoolcache\windows\Python\3.14.4\x64\Lib\concurrent\futures\thread.py", line 73 in run
  File "C:\hostedtoolcache\windows\Python\3.14.4\x64\Lib\concurrent\futures\thread.py", line 86 in run
  File "C:\hostedtoolcache\windows\Python\3.14.4\x64\Lib\concurrent\futures\thread.py", line 119 in _worker
  File "C:\hostedtoolcache\windows\Python\3.14.4\x64\Lib\threading.py", line 1024 in run
  File "C:\hostedtoolcache\windows\Python\3.14.4\x64\Lib\threading.py", line 1082 in _bootstrap_inner
  File "C:\hostedtoolcache\windows\Python\3.14.4\x64\Lib\threading.py", line 1044 in _bootstrap

Thread 0x000040e0 [Thread-8] (most recent call first):
  File "C:\hostedtoolcache\windows\Python\3.14.4\x64\Lib\threading.py", line 369 in wait
  File "C:\hostedtoolcache\windows\Python\3.14.4\x64\Lib\queue.py", line 199 in get
  File "D:\a\yasb\yasb\venv\Lib\site-packages\watchdog\observers\api.py", line 379 in dispatch_events
  File "D:\a\yasb\yasb\venv\Lib\site-packages\watchdog\observers\api.py", line 213 in run
  File "C:\hostedtoolcache\windows\Python\3.14.4\x64\Lib\threading.py", line 1082 in _bootstrap_inner
  File "C:\hostedtoolcache\windows\Python\3.14.4\x64\Lib\threading.py", line 1044 in _bootstrap

Thread 0x000040dc [Thread-9] (most recent call first):
  File "D:\a\yasb\yasb\venv\Lib\site-packages\watchdog\observers\winapi.py", line 326 in read_directory_changes
  File "D:\a\yasb\yasb\venv\Lib\site-packages\watchdog\observers\winapi.py", line 380 in read_events
  File "D:\a\yasb\yasb\venv\Lib\site-packages\watchdog\observers\read_directory_changes.py", line 67 in _read_events
  File "D:\a\yasb\yasb\venv\Lib\site-packages\watchdog\observers\read_directory_changes.py", line 70 in queue_events
  File "D:\a\yasb\yasb\venv\Lib\site-packages\watchdog\observers\api.py", line 158 in run
  File "C:\hostedtoolcache\windows\Python\3.14.4\x64\Lib\threading.py", line 1082 in _bootstrap_inner
  File "C:\hostedtoolcache\windows\Python\3.14.4\x64\Lib\threading.py", line 1044 in _bootstrap

Thread 0x000040d8 [WindowsNotificationEventListener] (most recent call first):
  File "C:\hostedtoolcache\windows\Python\3.14.4\x64\Lib\asyncio\windows_events.py", line 775 in _poll
  File "C:\hostedtoolcache\windows\Python\3.14.4\x64\Lib\asyncio\windows_events.py", line 446 in select
  File "C:\hostedtoolcache\windows\Python\3.14.4\x64\Lib\asyncio\base_events.py", line 2019 in _run_once
  File "C:\hostedtoolcache\windows\Python\3.14.4\x64\Lib\asyncio\base_events.py", line 677 in run_forever
  File "C:\hostedtoolcache\windows\Python\3.14.4\x64\Lib\asyncio\base_events.py", line 706 in run_until_complete
  File "D:\a\yasb\yasb\src\core\widgets\services\notifications\windows_notification.py", line 101 in run

Thread 0x000040d4 [KomorebiEventListener] (most recent call first):
  File "C:\hostedtoolcache\windows\Python\3.14.4\x64\Lib\threading.py", line 373 in wait
  File "C:\hostedtoolcache\windows\Python\3.14.4\x64\Lib\threading.py", line 670 in wait
  File "D:\a\yasb\yasb\src\core\widgets\services\komorebi\event_listener.py", line 75 in run

Thread 0x000040d0 [HotkeyListener] (most recent call first):
  File "D:\a\yasb\yasb\src\core\utils\win32\hotkeys.py", line 252 in run

Thread 0x000026c8 [WiFiWorker] (most recent call first):
  File "D:\a\yasb\yasb\src\core\widgets\services\wifi\wifi_managers.py", line 151 in run

Thread 0x00003590 [MemoryWorker] (most recent call first):
  File "D:\a\yasb\yasb\src\core\widgets\services\memory\memory_api.py", line 244 in run

Thread 0x00003f7c [CpuWorker] (most recent call first):
  File "D:\a\yasb\yasb\src\core\widgets\services\cpu\cpu_api.py", line 318 in run

Thread 0x00003f84 [QueryWorker] (most recent call first):
  File "D:\a\yasb\yasb\src\core\widgets\services\quick_launch\workers.py", line 61 in run

Thread 0x00003b24 [_EventWorker] (most recent call first):
  File "D:\a\yasb\yasb\venv\Lib\site-packages\qasync\_windows.py", line 147 in _poll
  File "D:\a\yasb\yasb\venv\Lib\site-packages\qasync\_windows.py", line 72 in select
  File "D:\a\yasb\yasb\venv\Lib\site-packages\qasync\_windows.py", line 199 in run

Thread 0x00003b10 [LogPipeServer] (most recent call first):
  File "D:\a\yasb\yasb\src\core\utils\win32\bindings\kernel32.py", line 288 in ConnectNamedPipe
  File "D:\a\yasb\yasb\src\core\utils\cli_server.py", line 138 in _run_server
  File "C:\hostedtoolcache\windows\Python\3.14.4\x64\Lib\threading.py", line 1024 in run
  File "C:\hostedtoolcache\windows\Python\3.14.4\x64\Lib\threading.py", line 1082 in _bootstrap_inner
  File "C:\hostedtoolcache\windows\Python\3.14.4\x64\Lib\threading.py", line 1044 in _bootstrap

Thread 0x00003b0c [CLIPipeServer] (most recent call first):
  File "D:\a\yasb\yasb\src\core\utils\win32\bindings\kernel32.py", line 288 in ConnectNamedPipe
  File "D:\a\yasb\yasb\src\core\utils\cli_server.py", line 235 in _run_server
  File "C:\hostedtoolcache\windows\Python\3.14.4\x64\Lib\threading.py", line 1024 in run
  File "C:\hostedtoolcache\windows\Python\3.14.4\x64\Lib\threading.py", line 1082 in _bootstrap_inner
  File "C:\hostedtoolcache\windows\Python\3.14.4\x64\Lib\threading.py", line 1044 in _bootstrap

Thread 0x00003aa8 (most recent call first):
  File "D:\a\yasb\yasb\venv\Lib\site-packages\qasync\__init__.py", line 404 in run_forever
  File "D:\a\yasb\yasb\venv\Lib\site-packages\qasync\__init__.py", line 428 in run_until_complete
  File "main.py", line 98 in main
  File "main.py", line 188 in <module>
  File "D:\a\yasb\yasb\venv\Lib\site-packages\freeze_core\initscripts\console.py", line 27 in run
  File "D:\a\yasb\yasb\venv\Lib\site-packages\freeze_core\initscripts\__startup__.py", line 137 in run

Current thread's C stack trace (most recent call first):
  <cannot get C stack on this system>
2026-07-04 03:41:56,326 [INFO] [MainThread] [root/api.py:69]: Fetching new weather data at 2026-07-04 03:41:56.326831
2026-07-04 03:51:56,330 [INFO] [MainThread] [root/api.py:69]: Fetching new weather data at 2026-07-04 03:51:56.330171
2026-07-04 04:01:56,327 [INFO] [MainThread] [root/api.py:69]: Fetching new weather data at 2026-07-04 04:01:56.326985
2026-07-04 04:08:53,028 [INFO] [MainThread] [root/controller.py:43]: Exiting Application...
2026-07-04 04:08:53,140 [INFO] [MainThread] [cli_server/cli_server.py:114]: Log pipe server stopped
2026-07-04 04:08:54,677 [INFO] [MainThread] [root/bar_manager.py:110]: Stopping HotkeyListener...
2026-07-04 04:08:54,683 [INFO] [MainThread] [root/bar_manager.py:118]: Stopping KomorebiEventListener...
2026-07-04 04:08:54,694 [INFO] [MainThread] [root/bar_manager.py:118]: Stopping WindowsNotificationEventListener...
2026-07-04 09:35:09,904 [INFO] [MainThread] [root/log.py:104]: YASB v2.0.2
2026-07-04 09:35:09,906 [INFO] [CLIPipeServer] [cli_server/cli_server.py:216]: CLI server started v1.1.7
2026-07-04 09:35:09,906 [INFO] [MainThread] [cli_server/cli_server.py:106]: Log pipe server started
2026-07-04 09:35:10,020 [WARNING] [MainThread] [deprecation/deprecation.py:133]: [DEPRECATED] BarAlignment: 'center' - Use 'align' instead.
2026-07-04 09:35:10,021 [WARNING] [MainThread] [deprecation/deprecation.py:133]: [DEPRECATED] BarBlurEffect: 'acrylic' - No longer supported and can be removed from the config.
2026-07-04 09:35:10,767 [ERROR] [MainThread] [root/get_vscode_state_db_path.py:20]: Shared storage detection failed: _path_exists: path should be string, bytes, os.PathLike or integer, not NoneType
2026-07-04 09:35:11,757 [WARNING] [MainThread] [deprecation/deprecation.py:133]: [DEPRECATED] CpuConfig: 'label_shadow' - Use CSS text-shadow instead.
2026-07-04 09:35:11,977 [INFO] [MainThread] [root/service.py:52]: AudioOutputService starting...
2026-07-04 09:35:13,714 [INFO] [MainThread] [root/bar_manager.py:228]: Starting HotkeyListener...
2026-07-04 09:35:13,715 [INFO] [MainThread] [root/bar_manager.py:102]: Starting KomorebiEventListener...
2026-07-04 09:35:13,716 [INFO] [MainThread] [root/bar_manager.py:102]: Starting WindowsNotificationEventListener...
2026-07-04 09:35:13,717 [INFO] [Dummy-9] [root/event_listener.py:54]: Created named pipe yasb-fc2e010f-7750-11f1-afa9-e00af667f2ea
2026-07-04 09:35:13,720 [INFO] [MainThread] [root/watcher.py:65]: Watching directory: c:\users\nam khuc\.config\yasb
2026-07-04 09:35:13,721 [INFO] [MainThread] [root/watcher.py:104]: Created file watcher
2026-07-04 09:35:13,783 [INFO] [MainThread] [root/update_service.py:434]: Background update checker started
2026-07-04 09:35:13,862 [INFO] [Dummy-9] [root/event_listener.py:147]: Komorebi connected to named pipe: yasb-fc2e010f-7750-11f1-afa9-e00af667f2ea
2026-07-04 09:35:14,856 [INFO] [MainThread] [root/api.py:69]: Fetching new weather data at 2026-07-04 09:35:14.856105
Windows fatal exception: code 0x80010108

Thread 0x00004114 [SystrayMonitor] (most recent call first):
  File "D:\a\yasb\yasb\src\core\widgets\services\systray\utils.py", line 145 in start_message_loop
  File "D:\a\yasb\yasb\src\core\widgets\services\systray\systray_monitor.py", line 99 in run
  File "D:\a\yasb\yasb\src\core\widgets\yasb\systray.py", line 65 in run

Thread 0x00004004 [asyncio_0] (most recent call first):
  File "C:\hostedtoolcache\windows\Python\3.14.4\x64\Lib\threading.py", line 373 in wait
  File "C:\hostedtoolcache\windows\Python\3.14.4\x64\Lib\threading.py", line 670 in wait
  File "C:\hostedtoolcache\windows\Python\3.14.4\x64\Lib\concurrent\futures\thread.py", line 73 in run
  File "C:\hostedtoolcache\windows\Python\3.14.4\x64\Lib\concurrent\futures\thread.py", line 86 in run
  File "C:\hostedtoolcache\windows\Python\3.14.4\x64\Lib\concurrent\futures\thread.py", line 119 in _worker
  File "C:\hostedtoolcache\windows\Python\3.14.4\x64\Lib\threading.py", line 1024 in run
  File "C:\hostedtoolcache\windows\Python\3.14.4\x64\Lib\threading.py", line 1082 in _bootstrap_inner
  File "C:\hostedtoolcache\windows\Python\3.14.4\x64\Lib\threading.py", line 1044 in _bootstrap

Thread 0x00004318 [Thread-10] (most recent call first):
  File "C:\hostedtoolcache\windows\Python\3.14.4\x64\Lib\threading.py", line 369 in wait
  File "C:\hostedtoolcache\windows\Python\3.14.4\x64\Lib\queue.py", line 199 in get
  File "D:\a\yasb\yasb\venv\Lib\site-packages\watchdog\observers\api.py", line 379 in dispatch_events
  File "D:\a\yasb\yasb\venv\Lib\site-packages\watchdog\observers\api.py", line 213 in run
  File "C:\hostedtoolcache\windows\Python\3.14.4\x64\Lib\threading.py", line 1082 in _bootstrap_inner
  File "C:\hostedtoolcache\windows\Python\3.14.4\x64\Lib\threading.py", line 1044 in _bootstrap

Thread 0x0000430c [Thread-11] (most recent call first):
  File "D:\a\yasb\yasb\venv\Lib\site-packages\watchdog\observers\winapi.py", line 326 in read_directory_changes
  File "D:\a\yasb\yasb\venv\Lib\site-packages\watchdog\observers\winapi.py", line 380 in read_events
  File "D:\a\yasb\yasb\venv\Lib\site-packages\watchdog\observers\read_directory_changes.py", line 67 in _read_events
  File "D:\a\yasb\yasb\venv\Lib\site-packages\watchdog\observers\read_directory_changes.py", line 70 in queue_events
  File "D:\a\yasb\yasb\venv\Lib\site-packages\watchdog\observers\api.py", line 158 in run
  File "C:\hostedtoolcache\windows\Python\3.14.4\x64\Lib\threading.py", line 1082 in _bootstrap_inner
  File "C:\hostedtoolcache\windows\Python\3.14.4\x64\Lib\threading.py", line 1044 in _bootstrap

Thread 0x00004308 [WindowsNotificationEventListener] (most recent call first):
  File "C:\hostedtoolcache\windows\Python\3.14.4\x64\Lib\asyncio\windows_events.py", line 775 in _poll
  File "C:\hostedtoolcache\windows\Python\3.14.4\x64\Lib\asyncio\windows_events.py", line 446 in select
  File "C:\hostedtoolcache\windows\Python\3.14.4\x64\Lib\asyncio\base_events.py", line 2019 in _run_once
  File "C:\hostedtoolcache\windows\Python\3.14.4\x64\Lib\asyncio\base_events.py", line 677 in run_forever
  File "C:\hostedtoolcache\windows\Python\3.14.4\x64\Lib\asyncio\base_events.py", line 706 in run_until_complete
  File "D:\a\yasb\yasb\src\core\widgets\services\notifications\windows_notification.py", line 101 in run

Thread 0x00004300 [KomorebiEventListener] (most recent call first):
  File "C:\hostedtoolcache\windows\Python\3.14.4\x64\Lib\threading.py", line 373 in wait
  File "C:\hostedtoolcache\windows\Python\3.14.4\x64\Lib\threading.py", line 670 in wait
  File "D:\a\yasb\yasb\src\core\widgets\services\komorebi\event_listener.py", line 75 in run

Thread 0x000042f8 [HotkeyListener] (most recent call first):
  File "D:\a\yasb\yasb\src\core\utils\win32\hotkeys.py", line 252 in run

Thread 0x000041d0 [WiFiWorker] (most recent call first):
  File "D:\a\yasb\yasb\src\core\widgets\services\wifi\wifi_managers.py", line 151 in run

Thread 0x000041c4 [MemoryWorker] (most recent call first):
  File "D:\a\yasb\yasb\src\core\widgets\services\memory\memory_api.py", line 244 in run

Thread 0x000041c0 [CpuWorker] (most recent call first):
  File "D:\a\yasb\yasb\src\core\widgets\services\cpu\cpu_api.py", line 318 in run

Thread 0x00004014 [QueryWorker] (most recent call first):
  File "D:\a\yasb\yasb\src\core\widgets\services\quick_launch\workers.py", line 61 in run

Thread 0x00003da4 [_EventWorker] (most recent call first):
  File "D:\a\yasb\yasb\venv\Lib\site-packages\qasync\_windows.py", line 147 in _poll
  File "D:\a\yasb\yasb\venv\Lib\site-packages\qasync\_windows.py", line 72 in select
  File "D:\a\yasb\yasb\venv\Lib\site-packages\qasync\_windows.py", line 199 in run

Thread 0x00003dd0 [LogPipeServer] (most recent call first):
  File "D:\a\yasb\yasb\src\core\utils\win32\bindings\kernel32.py", line 288 in ConnectNamedPipe
  File "D:\a\yasb\yasb\src\core\utils\cli_server.py", line 138 in _run_server
  File "C:\hostedtoolcache\windows\Python\3.14.4\x64\Lib\threading.py", line 1024 in run
  File "C:\hostedtoolcache\windows\Python\3.14.4\x64\Lib\threading.py", line 1082 in _bootstrap_inner
  File "C:\hostedtoolcache\windows\Python\3.14.4\x64\Lib\threading.py", line 1044 in _bootstrap

Thread 0x000012a8 [CLIPipeServer] (most recent call first):
  File "D:\a\yasb\yasb\src\core\utils\win32\bindings\kernel32.py", line 288 in ConnectNamedPipe
  File "D:\a\yasb\yasb\src\core\utils\cli_server.py", line 235 in _run_server
  File "C:\hostedtoolcache\windows\Python\3.14.4\x64\Lib\threading.py", line 1024 in run
  File "C:\hostedtoolcache\windows\Python\3.14.4\x64\Lib\threading.py", line 1082 in _bootstrap_inner
  File "C:\hostedtoolcache\windows\Python\3.14.4\x64\Lib\threading.py", line 1044 in _bootstrap

Thread 0x00003ed0 (most recent call first):
  File "D:\a\yasb\yasb\venv\Lib\site-packages\qasync\__init__.py", line 404 in run_forever
  File "D:\a\yasb\yasb\venv\Lib\site-packages\qasync\__init__.py", line 428 in run_until_complete
  File "main.py", line 98 in main
  File "main.py", line 188 in <module>
  File "D:\a\yasb\yasb\venv\Lib\site-packages\freeze_core\initscripts\console.py", line 27 in run
  File "D:\a\yasb\yasb\venv\Lib\site-packages\freeze_core\initscripts\__startup__.py", line 137 in run

Current thread's C stack trace (most recent call first):
  <cannot get C stack on this system>
Windows fatal exception: code 0x80010108

Thread 0x00004114 [SystrayMonitor] (most recent call first):
  File "D:\a\yasb\yasb\src\core\widgets\services\systray\utils.py", line 145 in start_message_loop
  File "D:\a\yasb\yasb\src\core\widgets\services\systray\systray_monitor.py", line 99 in run
  File "D:\a\yasb\yasb\src\core\widgets\yasb\systray.py", line 65 in run

Thread 0x00004004 [asyncio_0] (most recent call first):
  File "C:\hostedtoolcache\windows\Python\3.14.4\x64\Lib\threading.py", line 373 in wait
  File "C:\hostedtoolcache\windows\Python\3.14.4\x64\Lib\threading.py", line 670 in wait
  File "C:\hostedtoolcache\windows\Python\3.14.4\x64\Lib\concurrent\futures\thread.py", line 73 in run
  File "C:\hostedtoolcache\windows\Python\3.14.4\x64\Lib\concurrent\futures\thread.py", line 86 in run
  File "C:\hostedtoolcache\windows\Python\3.14.4\x64\Lib\concurrent\futures\thread.py", line 119 in _worker
  File "C:\hostedtoolcache\windows\Python\3.14.4\x64\Lib\threading.py", line 1024 in run
  File "C:\hostedtoolcache\windows\Python\3.14.4\x64\Lib\threading.py", line 1082 in _bootstrap_inner
  File "C:\hostedtoolcache\windows\Python\3.14.4\x64\Lib\threading.py", line 1044 in _bootstrap

Thread 0x00004318 [Thread-10] (most recent call first):
  File "C:\hostedtoolcache\windows\Python\3.14.4\x64\Lib\threading.py", line 369 in wait
  File "C:\hostedtoolcache\windows\Python\3.14.4\x64\Lib\queue.py", line 199 in get
  File "D:\a\yasb\yasb\venv\Lib\site-packages\watchdog\observers\api.py", line 379 in dispatch_events
  File "D:\a\yasb\yasb\venv\Lib\site-packages\watchdog\observers\api.py", line 213 in run
  File "C:\hostedtoolcache\windows\Python\3.14.4\x64\Lib\threading.py", line 1082 in _bootstrap_inner
  File "C:\hostedtoolcache\windows\Python\3.14.4\x64\Lib\threading.py", line 1044 in _bootstrap

Thread 0x0000430c [Thread-11] (most recent call first):
  File "D:\a\yasb\yasb\venv\Lib\site-packages\watchdog\observers\winapi.py", line 326 in read_directory_changes
  File "D:\a\yasb\yasb\venv\Lib\site-packages\watchdog\observers\winapi.py", line 380 in read_events
  File "D:\a\yasb\yasb\venv\Lib\site-packages\watchdog\observers\read_directory_changes.py", line 67 in _read_events
  File "D:\a\yasb\yasb\venv\Lib\site-packages\watchdog\observers\read_directory_changes.py", line 70 in queue_events
  File "D:\a\yasb\yasb\venv\Lib\site-packages\watchdog\observers\api.py", line 158 in run
  File "C:\hostedtoolcache\windows\Python\3.14.4\x64\Lib\threading.py", line 1082 in _bootstrap_inner
  File "C:\hostedtoolcache\windows\Python\3.14.4\x64\Lib\threading.py", line 1044 in _bootstrap

Thread 0x00004308 [WindowsNotificationEventListener] (most recent call first):
  File "C:\hostedtoolcache\windows\Python\3.14.4\x64\Lib\asyncio\windows_events.py", line 775 in _poll
  File "C:\hostedtoolcache\windows\Python\3.14.4\x64\Lib\asyncio\windows_events.py", line 446 in select
  File "C:\hostedtoolcache\windows\Python\3.14.4\x64\Lib\asyncio\base_events.py", line 2019 in _run_once
  File "C:\hostedtoolcache\windows\Python\3.14.4\x64\Lib\asyncio\base_events.py", line 677 in run_forever
  File "C:\hostedtoolcache\windows\Python\3.14.4\x64\Lib\asyncio\base_events.py", line 706 in run_until_complete
  File "D:\a\yasb\yasb\src\core\widgets\services\notifications\windows_notification.py", line 101 in run

Thread 0x00004300 [KomorebiEventListener] (most recent call first):
  File "C:\hostedtoolcache\windows\Python\3.14.4\x64\Lib\threading.py", line 373 in wait
  File "C:\hostedtoolcache\windows\Python\3.14.4\x64\Lib\threading.py", line 670 in wait
  File "D:\a\yasb\yasb\src\core\widgets\services\komorebi\event_listener.py", line 75 in run

Thread 0x000042f8 [HotkeyListener] (most recent call first):
  File "D:\a\yasb\yasb\src\core\utils\win32\hotkeys.py", line 252 in run

Thread 0x000041d0 [WiFiWorker] (most recent call first):
  File "D:\a\yasb\yasb\src\core\widgets\services\wifi\wifi_managers.py", line 151 in run

Thread 0x000041c4 [MemoryWorker] (most recent call first):
  File "D:\a\yasb\yasb\src\core\widgets\services\memory\memory_api.py", line 244 in run

Thread 0x000041c0 [CpuWorker] (most recent call first):
  File "D:\a\yasb\yasb\src\core\widgets\services\cpu\cpu_api.py", line 318 in run

Thread 0x00004014 [QueryWorker] (most recent call first):
  File "D:\a\yasb\yasb\src\core\widgets\services\quick_launch\workers.py", line 61 in run

Thread 0x00003da4 [_EventWorker] (most recent call first):
  File "D:\a\yasb\yasb\venv\Lib\site-packages\qasync\_windows.py", line 147 in _poll
  File "D:\a\yasb\yasb\venv\Lib\site-packages\qasync\_windows.py", line 72 in select
  File "D:\a\yasb\yasb\venv\Lib\site-packages\qasync\_windows.py", line 199 in run

Thread 0x00003dd0 [LogPipeServer] (most recent call first):
  File "D:\a\yasb\yasb\src\core\utils\win32\bindings\kernel32.py", line 288 in ConnectNamedPipe
  File "D:\a\yasb\yasb\src\core\utils\cli_server.py", line 138 in _run_server
  File "C:\hostedtoolcache\windows\Python\3.14.4\x64\Lib\threading.py", line 1024 in run
  File "C:\hostedtoolcache\windows\Python\3.14.4\x64\Lib\threading.py", line 1082 in _bootstrap_inner
  File "C:\hostedtoolcache\windows\Python\3.14.4\x64\Lib\threading.py", line 1044 in _bootstrap

Thread 0x000012a8 [CLIPipeServer] (most recent call first):
  File "D:\a\yasb\yasb\src\core\utils\win32\bindings\kernel32.py", line 288 in ConnectNamedPipe
  File "D:\a\yasb\yasb\src\core\utils\cli_server.py", line 235 in _run_server
  File "C:\hostedtoolcache\windows\Python\3.14.4\x64\Lib\threading.py", line 1024 in run
  File "C:\hostedtoolcache\windows\Python\3.14.4\x64\Lib\threading.py", line 1082 in _bootstrap_inner
  File "C:\hostedtoolcache\windows\Python\3.14.4\x64\Lib\threading.py", line 1044 in _bootstrap

Thread 0x00003ed0 (most recent call first):
  File "D:\a\yasb\yasb\venv\Lib\site-packages\qasync\__init__.py", line 404 in run_forever
  File "D:\a\yasb\yasb\venv\Lib\site-packages\qasync\__init__.py", line 428 in run_until_complete
  File "main.py", line 98 in main
  File "main.py", line 188 in <module>
  File "D:\a\yasb\yasb\venv\Lib\site-packages\freeze_core\initscripts\console.py", line 27 in run
  File "D:\a\yasb\yasb\venv\Lib\site-packages\freeze_core\initscripts\__startup__.py", line 137 in run

Current thread's C stack trace (most recent call first):
  <cannot get C stack on this system>
Windows fatal exception: code 0x80010108

Thread 0x00004114 [SystrayMonitor] (most recent call first):
  File "D:\a\yasb\yasb\src\core\widgets\services\systray\utils.py", line 145 in start_message_loop
  File "D:\a\yasb\yasb\src\core\widgets\services\systray\systray_monitor.py", line 99 in run
  File "D:\a\yasb\yasb\src\core\widgets\yasb\systray.py", line 65 in run

Thread 0x00004004 [asyncio_0] (most recent call first):
  File "C:\hostedtoolcache\windows\Python\3.14.4\x64\Lib\threading.py", line 373 in wait
  File "C:\hostedtoolcache\windows\Python\3.14.4\x64\Lib\threading.py", line 670 in wait
  File "C:\hostedtoolcache\windows\Python\3.14.4\x64\Lib\concurrent\futures\thread.py", line 73 in run
  File "C:\hostedtoolcache\windows\Python\3.14.4\x64\Lib\concurrent\futures\thread.py", line 86 in run
  File "C:\hostedtoolcache\windows\Python\3.14.4\x64\Lib\concurrent\futures\thread.py", line 119 in _worker
  File "C:\hostedtoolcache\windows\Python\3.14.4\x64\Lib\threading.py", line 1024 in run
  File "C:\hostedtoolcache\windows\Python\3.14.4\x64\Lib\threading.py", line 1082 in _bootstrap_inner
  File "C:\hostedtoolcache\windows\Python\3.14.4\x64\Lib\threading.py", line 1044 in _bootstrap

Thread 0x00004318 [Thread-10] (most recent call first):
  File "C:\hostedtoolcache\windows\Python\3.14.4\x64\Lib\threading.py", line 369 in wait
  File "C:\hostedtoolcache\windows\Python\3.14.4\x64\Lib\queue.py", line 199 in get
  File "D:\a\yasb\yasb\venv\Lib\site-packages\watchdog\observers\api.py", line 379 in dispatch_events
  File "D:\a\yasb\yasb\venv\Lib\site-packages\watchdog\observers\api.py", line 213 in run
  File "C:\hostedtoolcache\windows\Python\3.14.4\x64\Lib\threading.py", line 1082 in _bootstrap_inner
  File "C:\hostedtoolcache\windows\Python\3.14.4\x64\Lib\threading.py", line 1044 in _bootstrap

Thread 0x0000430c [Thread-11] (most recent call first):
  File "D:\a\yasb\yasb\venv\Lib\site-packages\watchdog\observers\winapi.py", line 326 in read_directory_changes
  File "D:\a\yasb\yasb\venv\Lib\site-packages\watchdog\observers\winapi.py", line 380 in read_events
  File "D:\a\yasb\yasb\venv\Lib\site-packages\watchdog\observers\read_directory_changes.py", line 67 in _read_events
  File "D:\a\yasb\yasb\venv\Lib\site-packages\watchdog\observers\read_directory_changes.py", line 70 in queue_events
  File "D:\a\yasb\yasb\venv\Lib\site-packages\watchdog\observers\api.py", line 158 in run
  File "C:\hostedtoolcache\windows\Python\3.14.4\x64\Lib\threading.py", line 1082 in _bootstrap_inner
  File "C:\hostedtoolcache\windows\Python\3.14.4\x64\Lib\threading.py", line 1044 in _bootstrap

Thread 0x00004308 [WindowsNotificationEventListener] (most recent call first):
  File "C:\hostedtoolcache\windows\Python\3.14.4\x64\Lib\asyncio\windows_events.py", line 775 in _poll
  File "C:\hostedtoolcache\windows\Python\3.14.4\x64\Lib\asyncio\windows_events.py", line 446 in select
  File "C:\hostedtoolcache\windows\Python\3.14.4\x64\Lib\asyncio\base_events.py", line 2019 in _run_once
  File "C:\hostedtoolcache\windows\Python\3.14.4\x64\Lib\asyncio\base_events.py", line 677 in run_forever
  File "C:\hostedtoolcache\windows\Python\3.14.4\x64\Lib\asyncio\base_events.py", line 706 in run_until_complete
  File "D:\a\yasb\yasb\src\core\widgets\services\notifications\windows_notification.py", line 101 in run

Thread 0x00004300 [KomorebiEventListener] (most recent call first):
  File "C:\hostedtoolcache\windows\Python\3.14.4\x64\Lib\threading.py", line 373 in wait
  File "C:\hostedtoolcache\windows\Python\3.14.4\x64\Lib\threading.py", line 670 in wait
  File "D:\a\yasb\yasb\src\core\widgets\services\komorebi\event_listener.py", line 75 in run

Thread 0x000042f8 [HotkeyListener] (most recent call first):
  File "D:\a\yasb\yasb\src\core\utils\win32\hotkeys.py", line 252 in run

Thread 0x000041d0 [WiFiWorker] (most recent call first):
  File "D:\a\yasb\yasb\src\core\widgets\services\wifi\wifi_managers.py", line 151 in run

Thread 0x000041c4 [MemoryWorker] (most recent call first):
  File "D:\a\yasb\yasb\src\core\widgets\services\memory\memory_api.py", line 244 in run

Thread 0x000041c0 [CpuWorker] (most recent call first):
  File "D:\a\yasb\yasb\src\core\widgets\services\cpu\cpu_api.py", line 318 in run

Thread 0x00004014 [QueryWorker] (most recent call first):
  File "D:\a\yasb\yasb\src\core\widgets\services\quick_launch\workers.py", line 61 in run

Thread 0x00003da4 [_EventWorker] (most recent call first):
  File "D:\a\yasb\yasb\venv\Lib\site-packages\qasync\_windows.py", line 147 in _poll
  File "D:\a\yasb\yasb\venv\Lib\site-packages\qasync\_windows.py", line 72 in select
  File "D:\a\yasb\yasb\venv\Lib\site-packages\qasync\_windows.py", line 199 in run

Thread 0x00003dd0 [LogPipeServer] (most recent call first):
  File "D:\a\yasb\yasb\src\core\utils\win32\bindings\kernel32.py", line 288 in ConnectNamedPipe
  File "D:\a\yasb\yasb\src\core\utils\cli_server.py", line 138 in _run_server
  File "C:\hostedtoolcache\windows\Python\3.14.4\x64\Lib\threading.py", line 1024 in run
  File "C:\hostedtoolcache\windows\Python\3.14.4\x64\Lib\threading.py", line 1082 in _bootstrap_inner
  File "C:\hostedtoolcache\windows\Python\3.14.4\x64\Lib\threading.py", line 1044 in _bootstrap

Thread 0x000012a8 [CLIPipeServer] (most recent call first):
  File "D:\a\yasb\yasb\src\core\utils\win32\bindings\kernel32.py", line 288 in ConnectNamedPipe
  File "D:\a\yasb\yasb\src\core\utils\cli_server.py", line 235 in _run_server
  File "C:\hostedtoolcache\windows\Python\3.14.4\x64\Lib\threading.py", line 1024 in run
  File "C:\hostedtoolcache\windows\Python\3.14.4\x64\Lib\threading.py", line 1082 in _bootstrap_inner
  File "C:\hostedtoolcache\windows\Python\3.14.4\x64\Lib\threading.py", line 1044 in _bootstrap

Thread 0x00003ed0 (most recent call first):
  File "D:\a\yasb\yasb\venv\Lib\site-packages\qasync\__init__.py", line 404 in run_forever
  File "D:\a\yasb\yasb\venv\Lib\site-packages\qasync\__init__.py", line 428 in run_until_complete
  File "main.py", line 98 in main
  File "main.py", line 188 in <module>
  File "D:\a\yasb\yasb\venv\Lib\site-packages\freeze_core\initscripts\console.py", line 27 in run
  File "D:\a\yasb\yasb\venv\Lib\site-packages\freeze_core\initscripts\__startup__.py", line 137 in run

Current thread's C stack trace (most recent call first):
  <cannot get C stack on this system>
2026-07-04 09:45:12,165 [INFO] [MainThread] [root/api.py:69]: Fetching new weather data at 2026-07-04 09:45:12.165554
2026-07-04 09:55:12,356 [INFO] [MainThread] [root/api.py:69]: Fetching new weather data at 2026-07-04 09:55:12.356353
2026-07-04 10:05:12,900 [INFO] [MainThread] [root/api.py:69]: Fetching new weather data at 2026-07-04 10:05:12.900245
2026-07-04 10:15:12,151 [INFO] [MainThread] [root/api.py:69]: Fetching new weather data at 2026-07-04 10:15:12.151785
2026-07-04 10:25:12,328 [INFO] [MainThread] [root/api.py:69]: Fetching new weather data at 2026-07-04 10:25:12.328682
2026-07-04 10:35:12,218 [INFO] [MainThread] [root/api.py:69]: Fetching new weather data at 2026-07-04 10:35:12.218403
2026-07-04 10:45:12,168 [INFO] [MainThread] [root/api.py:69]: Fetching new weather data at 2026-07-04 10:45:12.168517
2026-07-04 10:55:12,302 [INFO] [MainThread] [root/api.py:69]: Fetching new weather data at 2026-07-04 10:55:12.302282
2026-07-04 11:07:08,249 [INFO] [MainThread] [root/api.py:69]: Fetching new weather data at 2026-07-04 11:07:08.249348
2026-07-04 11:17:08,108 [INFO] [MainThread] [root/api.py:69]: Fetching new weather data at 2026-07-04 11:17:08.108542
2026-07-04 11:29:23,022 [ERROR] [MainThread] [wifi_widget/wifi.py:141]: Error in wifi widget update: [Errno 11004] getaddrinfo failed
2026-07-04 11:33:21,016 [INFO] [MainThread] [root/controller.py:43]: Exiting Application...
2026-07-04 11:33:21,124 [INFO] [MainThread] [cli_server/cli_server.py:114]: Log pipe server stopped
2026-07-04 11:33:22,007 [INFO] [MainThread] [root/bar_manager.py:110]: Stopping HotkeyListener...
2026-07-04 11:33:22,014 [INFO] [MainThread] [root/bar_manager.py:118]: Stopping KomorebiEventListener...
2026-07-04 11:33:22,017 [INFO] [MainThread] [root/bar_manager.py:118]: Stopping WindowsNotificationEventListener...
2026-07-04 16:10:03,088 [INFO] [MainThread] [root/log.py:104]: YASB v2.0.2
2026-07-04 16:10:03,089 [INFO] [CLIPipeServer] [cli_server/cli_server.py:216]: CLI server started v1.1.7
2026-07-04 16:10:03,090 [INFO] [MainThread] [cli_server/cli_server.py:106]: Log pipe server started
2026-07-04 16:10:03,204 [WARNING] [MainThread] [deprecation/deprecation.py:133]: [DEPRECATED] BarAlignment: 'center' - Use 'align' instead.
2026-07-04 16:10:03,205 [WARNING] [MainThread] [deprecation/deprecation.py:133]: [DEPRECATED] BarBlurEffect: 'acrylic' - No longer supported and can be removed from the config.
2026-07-04 16:10:04,012 [ERROR] [MainThread] [root/get_vscode_state_db_path.py:20]: Shared storage detection failed: _path_exists: path should be string, bytes, os.PathLike or integer, not NoneType
2026-07-04 16:10:05,362 [WARNING] [MainThread] [deprecation/deprecation.py:133]: [DEPRECATED] CpuConfig: 'label_shadow' - Use CSS text-shadow instead.
2026-07-04 16:10:05,698 [INFO] [MainThread] [root/service.py:52]: AudioOutputService starting...
2026-07-04 16:10:07,372 [ERROR] [MainThread] [root/get_vscode_state_db_path.py:20]: Shared storage detection failed: _path_exists: path should be string, bytes, os.PathLike or integer, not NoneType
2026-07-04 16:10:07,690 [INFO] [MainThread] [root/bar_manager.py:228]: Starting HotkeyListener...
2026-07-04 16:10:07,690 [INFO] [MainThread] [root/bar_manager.py:102]: Starting KomorebiEventListener...
2026-07-04 16:10:07,690 [INFO] [MainThread] [root/bar_manager.py:102]: Starting WindowsNotificationEventListener...
2026-07-04 16:10:07,693 [INFO] [MainThread] [root/watcher.py:65]: Watching directory: c:\users\nam khuc\.config\yasb
2026-07-04 16:10:07,693 [INFO] [MainThread] [root/watcher.py:104]: Created file watcher
2026-07-04 16:10:07,717 [INFO] [Dummy-11] [root/event_listener.py:54]: Created named pipe yasb-26e3a583-7788-11f1-9bf1-e00af667f2ea
2026-07-04 16:10:07,743 [INFO] [MainThread] [root/update_service.py:434]: Background update checker started
2026-07-04 16:10:07,918 [INFO] [Dummy-11] [root/event_listener.py:147]: Komorebi connected to named pipe: yasb-26e3a583-7788-11f1-9bf1-e00af667f2ea
2026-07-04 16:10:36,799 [INFO] [MainThread] [root/api.py:69]: Fetching new weather data at 2026-07-04 16:10:36.799570
Windows fatal exception: code 0x80010108

Thread 0x000037f8 [SystrayMonitor] (most recent call first):
  File "D:\a\yasb\yasb\src\core\widgets\services\systray\utils.py", line 145 in start_message_loop
  File "D:\a\yasb\yasb\src\core\widgets\services\systray\systray_monitor.py", line 99 in run
  File "D:\a\yasb\yasb\src\core\widgets\yasb\systray.py", line 65 in run

Thread 0x00003848 [asyncio_0] (most recent call first):
  File "C:\hostedtoolcache\windows\Python\3.14.4\x64\Lib\threading.py", line 373 in wait
  File "C:\hostedtoolcache\windows\Python\3.14.4\x64\Lib\threading.py", line 670 in wait
  File "C:\hostedtoolcache\windows\Python\3.14.4\x64\Lib\concurrent\futures\thread.py", line 73 in run
  File "C:\hostedtoolcache\windows\Python\3.14.4\x64\Lib\concurrent\futures\thread.py", line 86 in run
  File "C:\hostedtoolcache\windows\Python\3.14.4\x64\Lib\concurrent\futures\thread.py", line 119 in _worker
  File "C:\hostedtoolcache\windows\Python\3.14.4\x64\Lib\threading.py", line 1024 in run
  File "C:\hostedtoolcache\windows\Python\3.14.4\x64\Lib\threading.py", line 1082 in _bootstrap_inner
  File "C:\hostedtoolcache\windows\Python\3.14.4\x64\Lib\threading.py", line 1044 in _bootstrap

Thread 0x00003bfc [WindowsNotificationEventListener] (most recent call first):
  File "C:\hostedtoolcache\windows\Python\3.14.4\x64\Lib\asyncio\windows_events.py", line 775 in _poll
  File "C:\hostedtoolcache\windows\Python\3.14.4\x64\Lib\asyncio\windows_events.py", line 446 in select
  File "C:\hostedtoolcache\windows\Python\3.14.4\x64\Lib\asyncio\base_events.py", line 2019 in _run_once
  File "C:\hostedtoolcache\windows\Python\3.14.4\x64\Lib\asyncio\base_events.py", line 677 in run_forever
  File "C:\hostedtoolcache\windows\Python\3.14.4\x64\Lib\asyncio\base_events.py", line 706 in run_until_complete
  File "D:\a\yasb\yasb\src\core\widgets\services\notifications\windows_notification.py", line 101 in run

Thread 0x00003bf0 [KomorebiEventListener] (most recent call first):
  File "C:\hostedtoolcache\windows\Python\3.14.4\x64\Lib\threading.py", line 373 in wait
  File "C:\hostedtoolcache\windows\Python\3.14.4\x64\Lib\threading.py", line 670 in wait
  File "D:\a\yasb\yasb\src\core\widgets\services\komorebi\event_listener.py", line 75 in run

Thread 0x00003bf4 [HotkeyListener] (most recent call first):
  File "D:\a\yasb\yasb\src\core\utils\win32\hotkeys.py", line 252 in run

Thread 0x00003bd8 [Thread-8] (most recent call first):
  File "C:\hostedtoolcache\windows\Python\3.14.4\x64\Lib\threading.py", line 369 in wait
  File "C:\hostedtoolcache\windows\Python\3.14.4\x64\Lib\queue.py", line 199 in get
  File "D:\a\yasb\yasb\venv\Lib\site-packages\watchdog\observers\api.py", line 379 in dispatch_events
  File "D:\a\yasb\yasb\venv\Lib\site-packages\watchdog\observers\api.py", line 213 in run
  File "C:\hostedtoolcache\windows\Python\3.14.4\x64\Lib\threading.py", line 1082 in _bootstrap_inner
  File "C:\hostedtoolcache\windows\Python\3.14.4\x64\Lib\threading.py", line 1044 in _bootstrap

Thread 0x00002d84 [Thread-9] (most recent call first):
  File "D:\a\yasb\yasb\venv\Lib\site-packages\watchdog\observers\winapi.py", line 326 in read_directory_changes
  File "D:\a\yasb\yasb\venv\Lib\site-packages\watchdog\observers\winapi.py", line 380 in read_events
  File "D:\a\yasb\yasb\venv\Lib\site-packages\watchdog\observers\read_directory_changes.py", line 67 in _read_events
  File "D:\a\yasb\yasb\venv\Lib\site-packages\watchdog\observers\read_directory_changes.py", line 70 in queue_events
  File "D:\a\yasb\yasb\venv\Lib\site-packages\watchdog\observers\api.py", line 158 in run
  File "C:\hostedtoolcache\windows\Python\3.14.4\x64\Lib\threading.py", line 1082 in _bootstrap_inner
  File "C:\hostedtoolcache\windows\Python\3.14.4\x64\Lib\threading.py", line 1044 in _bootstrap

Thread 0x00001d8c [WiFiWorker] (most recent call first):
  File "D:\a\yasb\yasb\src\core\widgets\services\wifi\wifi_managers.py", line 151 in run

Thread 0x00001b98 [MemoryWorker] (most recent call first):
  File "D:\a\yasb\yasb\src\core\widgets\services\memory\memory_api.py", line 244 in run

Thread 0x000039e0 [CpuWorker] (most recent call first):
  File "D:\a\yasb\yasb\src\core\widgets\services\cpu\cpu_api.py", line 318 in run

Thread 0x00003bd4 [QueryWorker] (most recent call first):
  File "D:\a\yasb\yasb\src\core\widgets\services\quick_launch\workers.py", line 61 in run

Thread 0x00003b9c [_EventWorker] (most recent call first):
  File "D:\a\yasb\yasb\venv\Lib\site-packages\qasync\_windows.py", line 147 in _poll
  File "D:\a\yasb\yasb\venv\Lib\site-packages\qasync\_windows.py", line 72 in select
  File "D:\a\yasb\yasb\venv\Lib\site-packages\qasync\_windows.py", line 199 in run

Thread 0x00003b7c [LogPipeServer] (most recent call first):
  File "D:\a\yasb\yasb\src\core\utils\win32\bindings\kernel32.py", line 288 in ConnectNamedPipe
  File "D:\a\yasb\yasb\src\core\utils\cli_server.py", line 138 in _run_server
  File "C:\hostedtoolcache\windows\Python\3.14.4\x64\Lib\threading.py", line 1024 in run
  File "C:\hostedtoolcache\windows\Python\3.14.4\x64\Lib\threading.py", line 1082 in _bootstrap_inner
  File "C:\hostedtoolcache\windows\Python\3.14.4\x64\Lib\threading.py", line 1044 in _bootstrap

Thread 0x00003b78 [CLIPipeServer] (most recent call first):
  File "D:\a\yasb\yasb\src\core\utils\win32\bindings\kernel32.py", line 288 in ConnectNamedPipe
  File "D:\a\yasb\yasb\src\core\utils\cli_server.py", line 235 in _run_server
  File "C:\hostedtoolcache\windows\Python\3.14.4\x64\Lib\threading.py", line 1024 in run
  File "C:\hostedtoolcache\windows\Python\3.14.4\x64\Lib\threading.py", line 1082 in _bootstrap_inner
  File "C:\hostedtoolcache\windows\Python\3.14.4\x64\Lib\threading.py", line 1044 in _bootstrap

Thread 0x00003a94 (most recent call first):
  File "D:\a\yasb\yasb\venv\Lib\site-packages\qasync\__init__.py", line 404 in run_forever
  File "D:\a\yasb\yasb\venv\Lib\site-packages\qasync\__init__.py", line 428 in run_until_complete
  File "main.py", line 98 in main
  File "main.py", line 188 in <module>
  File "D:\a\yasb\yasb\venv\Lib\site-packages\freeze_core\initscripts\console.py", line 27 in run
  File "D:\a\yasb\yasb\venv\Lib\site-packages\freeze_core\initscripts\__startup__.py", line 137 in run

Current thread's C stack trace (most recent call first):
  <cannot get C stack on this system>
Windows fatal exception: code 0x80010108

Thread 0x000037f8 [SystrayMonitor] (most recent call first):
  File "D:\a\yasb\yasb\src\core\widgets\services\systray\utils.py", line 145 in start_message_loop
  File "D:\a\yasb\yasb\src\core\widgets\services\systray\systray_monitor.py", line 99 in run
  File "D:\a\yasb\yasb\src\core\widgets\yasb\systray.py", line 65 in run

Thread 0x00003848 [asyncio_0] (most recent call first):
  File "C:\hostedtoolcache\windows\Python\3.14.4\x64\Lib\threading.py", line 373 in wait
  File "C:\hostedtoolcache\windows\Python\3.14.4\x64\Lib\threading.py", line 670 in wait
  File "C:\hostedtoolcache\windows\Python\3.14.4\x64\Lib\concurrent\futures\thread.py", line 73 in run
  File "C:\hostedtoolcache\windows\Python\3.14.4\x64\Lib\concurrent\futures\thread.py", line 86 in run
  File "C:\hostedtoolcache\windows\Python\3.14.4\x64\Lib\concurrent\futures\thread.py", line 119 in _worker
  File "C:\hostedtoolcache\windows\Python\3.14.4\x64\Lib\threading.py", line 1024 in run
  File "C:\hostedtoolcache\windows\Python\3.14.4\x64\Lib\threading.py", line 1082 in _bootstrap_inner
  File "C:\hostedtoolcache\windows\Python\3.14.4\x64\Lib\threading.py", line 1044 in _bootstrap

Thread 0x00003bfc [WindowsNotificationEventListener] (most recent call first):
  File "C:\hostedtoolcache\windows\Python\3.14.4\x64\Lib\asyncio\windows_events.py", line 775 in _poll
  File "C:\hostedtoolcache\windows\Python\3.14.4\x64\Lib\asyncio\windows_events.py", line 446 in select
  File "C:\hostedtoolcache\windows\Python\3.14.4\x64\Lib\asyncio\base_events.py", line 2019 in _run_once
  File "C:\hostedtoolcache\windows\Python\3.14.4\x64\Lib\asyncio\base_events.py", line 677 in run_forever
  File "C:\hostedtoolcache\windows\Python\3.14.4\x64\Lib\asyncio\base_events.py", line 706 in run_until_complete
  File "D:\a\yasb\yasb\src\core\widgets\services\notifications\windows_notification.py", line 101 in run

Thread 0x00003bf0 [KomorebiEventListener] (most recent call first):
  File "C:\hostedtoolcache\windows\Python\3.14.4\x64\Lib\threading.py", line 373 in wait
  File "C:\hostedtoolcache\windows\Python\3.14.4\x64\Lib\threading.py", line 670 in wait
  File "D:\a\yasb\yasb\src\core\widgets\services\komorebi\event_listener.py", line 75 in run

Thread 0x00003bf4 [HotkeyListener] (most recent call first):
  File "D:\a\yasb\yasb\src\core\utils\win32\hotkeys.py", line 252 in run

Thread 0x00003bd8 [Thread-8] (most recent call first):
  File "C:\hostedtoolcache\windows\Python\3.14.4\x64\Lib\threading.py", line 369 in wait
  File "C:\hostedtoolcache\windows\Python\3.14.4\x64\Lib\queue.py", line 199 in get
  File "D:\a\yasb\yasb\venv\Lib\site-packages\watchdog\observers\api.py", line 379 in dispatch_events
  File "D:\a\yasb\yasb\venv\Lib\site-packages\watchdog\observers\api.py", line 213 in run
  File "C:\hostedtoolcache\windows\Python\3.14.4\x64\Lib\threading.py", line 1082 in _bootstrap_inner
  File "C:\hostedtoolcache\windows\Python\3.14.4\x64\Lib\threading.py", line 1044 in _bootstrap

Thread 0x00002d84 [Thread-9] (most recent call first):
  File "D:\a\yasb\yasb\venv\Lib\site-packages\watchdog\observers\winapi.py", line 326 in read_directory_changes
  File "D:\a\yasb\yasb\venv\Lib\site-packages\watchdog\observers\winapi.py", line 380 in read_events
  File "D:\a\yasb\yasb\venv\Lib\site-packages\watchdog\observers\read_directory_changes.py", line 67 in _read_events
  File "D:\a\yasb\yasb\venv\Lib\site-packages\watchdog\observers\read_directory_changes.py", line 70 in queue_events
  File "D:\a\yasb\yasb\venv\Lib\site-packages\watchdog\observers\api.py", line 158 in run
  File "C:\hostedtoolcache\windows\Python\3.14.4\x64\Lib\threading.py", line 1082 in _bootstrap_inner
  File "C:\hostedtoolcache\windows\Python\3.14.4\x64\Lib\threading.py", line 1044 in _bootstrap

Thread 0x00001d8c [WiFiWorker] (most recent call first):
  File "D:\a\yasb\yasb\src\core\widgets\services\wifi\wifi_managers.py", line 151 in run

Thread 0x00001b98 [MemoryWorker] (most recent call first):
  File "D:\a\yasb\yasb\src\core\widgets\services\memory\memory_api.py", line 244 in run

Thread 0x000039e0 [CpuWorker] (most recent call first):
  File "D:\a\yasb\yasb\src\core\widgets\services\cpu\cpu_api.py", line 318 in run

Thread 0x00003bd4 [QueryWorker] (most recent call first):
  File "D:\a\yasb\yasb\src\core\widgets\services\quick_launch\workers.py", line 61 in run

Thread 0x00003b9c [_EventWorker] (most recent call first):
  File "D:\a\yasb\yasb\venv\Lib\site-packages\qasync\_windows.py", line 147 in _poll
  File "D:\a\yasb\yasb\venv\Lib\site-packages\qasync\_windows.py", line 72 in select
  File "D:\a\yasb\yasb\venv\Lib\site-packages\qasync\_windows.py", line 199 in run

Thread 0x00003b7c [LogPipeServer] (most recent call first):
  File "D:\a\yasb\yasb\src\core\utils\win32\bindings\kernel32.py", line 288 in ConnectNamedPipe
  File "D:\a\yasb\yasb\src\core\utils\cli_server.py", line 138 in _run_server
  File "C:\hostedtoolcache\windows\Python\3.14.4\x64\Lib\threading.py", line 1024 in run
  File "C:\hostedtoolcache\windows\Python\3.14.4\x64\Lib\threading.py", line 1082 in _bootstrap_inner
  File "C:\hostedtoolcache\windows\Python\3.14.4\x64\Lib\threading.py", line 1044 in _bootstrap

Thread 0x00003b78 [CLIPipeServer] (most recent call first):
  File "D:\a\yasb\yasb\src\core\utils\win32\bindings\kernel32.py", line 288 in ConnectNamedPipe
  File "D:\a\yasb\yasb\src\core\utils\cli_server.py", line 235 in _run_server
  File "C:\hostedtoolcache\windows\Python\3.14.4\x64\Lib\threading.py", line 1024 in run
  File "C:\hostedtoolcache\windows\Python\3.14.4\x64\Lib\threading.py", line 1082 in _bootstrap_inner
  File "C:\hostedtoolcache\windows\Python\3.14.4\x64\Lib\threading.py", line 1044 in _bootstrap

Thread 0x00003a94 (most recent call first):
  File "D:\a\yasb\yasb\venv\Lib\site-packages\qasync\__init__.py", line 404 in run_forever
  File "D:\a\yasb\yasb\venv\Lib\site-packages\qasync\__init__.py", line 428 in run_until_complete
  File "main.py", line 98 in main
  File "main.py", line 188 in <module>
  File "D:\a\yasb\yasb\venv\Lib\site-packages\freeze_core\initscripts\console.py", line 27 in run
  File "D:\a\yasb\yasb\venv\Lib\site-packages\freeze_core\initscripts\__startup__.py", line 137 in run

Current thread's C stack trace (most recent call first):
  <cannot get C stack on this system>
Windows fatal exception: code 0x80010108

Thread 0x000037f8 [SystrayMonitor] (most recent call first):
  File "D:\a\yasb\yasb\src\core\widgets\services\systray\utils.py", line 145 in start_message_loop
  File "D:\a\yasb\yasb\src\core\widgets\services\systray\systray_monitor.py", line 99 in run
  File "D:\a\yasb\yasb\src\core\widgets\yasb\systray.py", line 65 in run

Thread 0x00003848 [asyncio_0] (most recent call first):
  File "C:\hostedtoolcache\windows\Python\3.14.4\x64\Lib\threading.py", line 373 in wait
  File "C:\hostedtoolcache\windows\Python\3.14.4\x64\Lib\threading.py", line 670 in wait
  File "C:\hostedtoolcache\windows\Python\3.14.4\x64\Lib\concurrent\futures\thread.py", line 73 in run
  File "C:\hostedtoolcache\windows\Python\3.14.4\x64\Lib\concurrent\futures\thread.py", line 86 in run
  File "C:\hostedtoolcache\windows\Python\3.14.4\x64\Lib\concurrent\futures\thread.py", line 119 in _worker
  File "C:\hostedtoolcache\windows\Python\3.14.4\x64\Lib\threading.py", line 1024 in run
  File "C:\hostedtoolcache\windows\Python\3.14.4\x64\Lib\threading.py", line 1082 in _bootstrap_inner
  File "C:\hostedtoolcache\windows\Python\3.14.4\x64\Lib\threading.py", line 1044 in _bootstrap

Thread 0x00003bfc [WindowsNotificationEventListener] (most recent call first):
  File "C:\hostedtoolcache\windows\Python\3.14.4\x64\Lib\asyncio\windows_events.py", line 775 in _poll
  File "C:\hostedtoolcache\windows\Python\3.14.4\x64\Lib\asyncio\windows_events.py", line 446 in select
  File "C:\hostedtoolcache\windows\Python\3.14.4\x64\Lib\asyncio\base_events.py", line 2019 in _run_once
  File "C:\hostedtoolcache\windows\Python\3.14.4\x64\Lib\asyncio\base_events.py", line 677 in run_forever
  File "C:\hostedtoolcache\windows\Python\3.14.4\x64\Lib\asyncio\base_events.py", line 706 in run_until_complete
  File "D:\a\yasb\yasb\src\core\widgets\services\notifications\windows_notification.py", line 101 in run

Thread 0x00003bf0 [KomorebiEventListener] (most recent call first):
  File "C:\hostedtoolcache\windows\Python\3.14.4\x64\Lib\threading.py", line 373 in wait
  File "C:\hostedtoolcache\windows\Python\3.14.4\x64\Lib\threading.py", line 670 in wait
  File "D:\a\yasb\yasb\src\core\widgets\services\komorebi\event_listener.py", line 75 in run

Thread 0x00003bf4 [HotkeyListener] (most recent call first):
  File "D:\a\yasb\yasb\src\core\utils\win32\hotkeys.py", line 252 in run

Thread 0x00003bd8 [Thread-8] (most recent call first):
  File "C:\hostedtoolcache\windows\Python\3.14.4\x64\Lib\threading.py", line 369 in wait
  File "C:\hostedtoolcache\windows\Python\3.14.4\x64\Lib\queue.py", line 199 in get
  File "D:\a\yasb\yasb\venv\Lib\site-packages\watchdog\observers\api.py", line 379 in dispatch_events
  File "D:\a\yasb\yasb\venv\Lib\site-packages\watchdog\observers\api.py", line 213 in run
  File "C:\hostedtoolcache\windows\Python\3.14.4\x64\Lib\threading.py", line 1082 in _bootstrap_inner
  File "C:\hostedtoolcache\windows\Python\3.14.4\x64\Lib\threading.py", line 1044 in _bootstrap

Thread 0x00002d84 [Thread-9] (most recent call first):
  File "D:\a\yasb\yasb\venv\Lib\site-packages\watchdog\observers\winapi.py", line 326 in read_directory_changes
  File "D:\a\yasb\yasb\venv\Lib\site-packages\watchdog\observers\winapi.py", line 380 in read_events
  File "D:\a\yasb\yasb\venv\Lib\site-packages\watchdog\observers\read_directory_changes.py", line 67 in _read_events
  File "D:\a\yasb\yasb\venv\Lib\site-packages\watchdog\observers\read_directory_changes.py", line 70 in queue_events
  File "D:\a\yasb\yasb\venv\Lib\site-packages\watchdog\observers\api.py", line 158 in run
  File "C:\hostedtoolcache\windows\Python\3.14.4\x64\Lib\threading.py", line 1082 in _bootstrap_inner
  File "C:\hostedtoolcache\windows\Python\3.14.4\x64\Lib\threading.py", line 1044 in _bootstrap

Thread 0x00001d8c [WiFiWorker] (most recent call first):
  File "D:\a\yasb\yasb\src\core\widgets\services\wifi\wifi_managers.py", line 151 in run

Thread 0x00001b98 [MemoryWorker] (most recent call first):
  File "D:\a\yasb\yasb\src\core\widgets\services\memory\memory_api.py", line 244 in run

Thread 0x000039e0 [CpuWorker] (most recent call first):
  File "D:\a\yasb\yasb\src\core\widgets\services\cpu\cpu_api.py", line 318 in run

Thread 0x00003bd4 [QueryWorker] (most recent call first):
  File "D:\a\yasb\yasb\src\core\widgets\services\quick_launch\workers.py", line 61 in run

Thread 0x00003b9c [_EventWorker] (most recent call first):
  File "D:\a\yasb\yasb\venv\Lib\site-packages\qasync\_windows.py", line 147 in _poll
  File "D:\a\yasb\yasb\venv\Lib\site-packages\qasync\_windows.py", line 72 in select
  File "D:\a\yasb\yasb\venv\Lib\site-packages\qasync\_windows.py", line 199 in run

Thread 0x00003b7c [LogPipeServer] (most recent call first):
  File "D:\a\yasb\yasb\src\core\utils\win32\bindings\kernel32.py", line 288 in ConnectNamedPipe
  File "D:\a\yasb\yasb\src\core\utils\cli_server.py", line 138 in _run_server
  File "C:\hostedtoolcache\windows\Python\3.14.4\x64\Lib\threading.py", line 1024 in run
  File "C:\hostedtoolcache\windows\Python\3.14.4\x64\Lib\threading.py", line 1082 in _bootstrap_inner
  File "C:\hostedtoolcache\windows\Python\3.14.4\x64\Lib\threading.py", line 1044 in _bootstrap

Thread 0x00003b78 [CLIPipeServer] (most recent call first):
  File "D:\a\yasb\yasb\src\core\utils\win32\bindings\kernel32.py", line 288 in ConnectNamedPipe
  File "D:\a\yasb\yasb\src\core\utils\cli_server.py", line 235 in _run_server
  File "C:\hostedtoolcache\windows\Python\3.14.4\x64\Lib\threading.py", line 1024 in run
  File "C:\hostedtoolcache\windows\Python\3.14.4\x64\Lib\threading.py", line 1082 in _bootstrap_inner
  File "C:\hostedtoolcache\windows\Python\3.14.4\x64\Lib\threading.py", line 1044 in _bootstrap

Thread 0x00003a94 (most recent call first):
  File "D:\a\yasb\yasb\venv\Lib\site-packages\qasync\__init__.py", line 404 in run_forever
  File "D:\a\yasb\yasb\venv\Lib\site-packages\qasync\__init__.py", line 428 in run_until_complete
  File "main.py", line 98 in main
  File "main.py", line 188 in <module>
  File "D:\a\yasb\yasb\venv\Lib\site-packages\freeze_core\initscripts\console.py", line 27 in run
  File "D:\a\yasb\yasb\venv\Lib\site-packages\freeze_core\initscripts\__startup__.py", line 137 in run

Current thread's C stack trace (most recent call first):
  <cannot get C stack on this system>
2026-07-04 16:20:05,778 [INFO] [MainThread] [root/api.py:69]: Fetching new weather data at 2026-07-04 16:20:05.778310
2026-07-04 16:30:05,777 [INFO] [MainThread] [root/api.py:69]: Fetching new weather data at 2026-07-04 16:30:05.777810
2026-07-04 16:40:05,769 [INFO] [MainThread] [root/api.py:69]: Fetching new weather data at 2026-07-04 16:40:05.769709
2026-07-04 16:50:05,776 [INFO] [MainThread] [root/api.py:69]: Fetching new weather data at 2026-07-04 16:50:05.776446
2026-07-04 17:00:05,810 [INFO] [MainThread] [root/api.py:69]: Fetching new weather data at 2026-07-04 17:00:05.810327
2026-07-04 17:10:05,764 [INFO] [MainThread] [root/api.py:69]: Fetching new weather data at 2026-07-04 17:10:05.763998
2026-07-04 17:20:05,764 [INFO] [MainThread] [root/api.py:69]: Fetching new weather data at 2026-07-04 17:20:05.764886
2026-07-04 17:30:05,795 [INFO] [MainThread] [root/api.py:69]: Fetching new weather data at 2026-07-04 17:30:05.795600
2026-07-04 17:40:05,808 [INFO] [MainThread] [root/api.py:69]: Fetching new weather data at 2026-07-04 17:40:05.808486
2026-07-04 17:50:05,581 [INFO] [MainThread] [root/api.py:69]: Fetching new weather data at 2026-07-04 17:50:05.581197
2026-07-04 18:00:05,724 [INFO] [MainThread] [root/api.py:69]: Fetching new weather data at 2026-07-04 18:00:05.724165
2026-07-04 18:10:05,563 [INFO] [MainThread] [root/api.py:69]: Fetching new weather data at 2026-07-04 18:10:05.563762
2026-07-04 18:20:05,566 [INFO] [MainThread] [root/api.py:69]: Fetching new weather data at 2026-07-04 18:20:05.566026
Windows fatal exception: code 0x80010108

Thread 0x000037f8 [SystrayMonitor] (most recent call first):
  File "D:\a\yasb\yasb\src\core\widgets\services\systray\utils.py", line 145 in start_message_loop
  File "D:\a\yasb\yasb\src\core\widgets\services\systray\systray_monitor.py", line 99 in run
  File "D:\a\yasb\yasb\src\core\widgets\yasb\systray.py", line 65 in run

Thread 0x00003848 [asyncio_0] (most recent call first):
  File "C:\hostedtoolcache\windows\Python\3.14.4\x64\Lib\threading.py", line 373 in wait
  File "C:\hostedtoolcache\windows\Python\3.14.4\x64\Lib\threading.py", line 670 in wait
  File "C:\hostedtoolcache\windows\Python\3.14.4\x64\Lib\concurrent\futures\thread.py", line 73 in run
  File "C:\hostedtoolcache\windows\Python\3.14.4\x64\Lib\concurrent\futures\thread.py", line 86 in run
  File "C:\hostedtoolcache\windows\Python\3.14.4\x64\Lib\concurrent\futures\thread.py", line 119 in _worker
  File "C:\hostedtoolcache\windows\Python\3.14.4\x64\Lib\threading.py", line 1024 in run
  File "C:\hostedtoolcache\windows\Python\3.14.4\x64\Lib\threading.py", line 1082 in _bootstrap_inner
  File "C:\hostedtoolcache\windows\Python\3.14.4\x64\Lib\threading.py", line 1044 in _bootstrap

Thread 0x00003bfc [WindowsNotificationEventListener] (most recent call first):
  File "C:\hostedtoolcache\windows\Python\3.14.4\x64\Lib\asyncio\windows_events.py", line 775 in _poll
  File "C:\hostedtoolcache\windows\Python\3.14.4\x64\Lib\asyncio\windows_events.py", line 446 in select
  File "C:\hostedtoolcache\windows\Python\3.14.4\x64\Lib\asyncio\base_events.py", line 2019 in _run_once
  File "C:\hostedtoolcache\windows\Python\3.14.4\x64\Lib\asyncio\base_events.py", line 677 in run_forever
  File "C:\hostedtoolcache\windows\Python\3.14.4\x64\Lib\asyncio\base_events.py", line 706 in run_until_complete
  File "D:\a\yasb\yasb\src\core\widgets\services\notifications\windows_notification.py", line 101 in run

Thread 0x00003bf0 [KomorebiEventListener] (most recent call first):
  File "C:\hostedtoolcache\windows\Python\3.14.4\x64\Lib\threading.py", line 373 in wait
  File "C:\hostedtoolcache\windows\Python\3.14.4\x64\Lib\threading.py", line 670 in wait
  File "D:\a\yasb\yasb\src\core\widgets\services\komorebi\event_listener.py", line 75 in run

Thread 0x00003bf4 [HotkeyListener] (most recent call first):
  File "D:\a\yasb\yasb\src\core\utils\win32\hotkeys.py", line 252 in run

Thread 0x00003bd8 [Thread-8] (most recent call first):
  File "C:\hostedtoolcache\windows\Python\3.14.4\x64\Lib\threading.py", line 369 in wait
  File "C:\hostedtoolcache\windows\Python\3.14.4\x64\Lib\queue.py", line 199 in get
  File "D:\a\yasb\yasb\venv\Lib\site-packages\watchdog\observers\api.py", line 379 in dispatch_events
  File "D:\a\yasb\yasb\venv\Lib\site-packages\watchdog\observers\api.py", line 213 in run
  File "C:\hostedtoolcache\windows\Python\3.14.4\x64\Lib\threading.py", line 1082 in _bootstrap_inner
  File "C:\hostedtoolcache\windows\Python\3.14.4\x64\Lib\threading.py", line 1044 in _bootstrap

Thread 0x00002d84 [Thread-9] (most recent call first):
  File "D:\a\yasb\yasb\venv\Lib\site-packages\watchdog\observers\winapi.py", line 326 in read_directory_changes
  File "D:\a\yasb\yasb\venv\Lib\site-packages\watchdog\observers\winapi.py", line 380 in read_events
  File "D:\a\yasb\yasb\venv\Lib\site-packages\watchdog\observers\read_directory_changes.py", line 67 in _read_events
  File "D:\a\yasb\yasb\venv\Lib\site-packages\watchdog\observers\read_directory_changes.py", line 70 in queue_events
  File "D:\a\yasb\yasb\venv\Lib\site-packages\watchdog\observers\api.py", line 158 in run
  File "C:\hostedtoolcache\windows\Python\3.14.4\x64\Lib\threading.py", line 1082 in _bootstrap_inner
  File "C:\hostedtoolcache\windows\Python\3.14.4\x64\Lib\threading.py", line 1044 in _bootstrap

Thread 0x00001d8c [WiFiWorker] (most recent call first):
  File "D:\a\yasb\yasb\src\core\widgets\services\wifi\wifi_managers.py", line 151 in run

Thread 0x00001b98 [MemoryWorker] (most recent call first):
  File "D:\a\yasb\yasb\src\core\widgets\services\memory\memory_api.py", line 244 in run

Thread 0x000039e0 [CpuWorker] (most recent call first):
  File "D:\a\yasb\yasb\src\core\widgets\services\cpu\cpu_api.py", line 318 in run

Thread 0x00003bd4 [QueryWorker] (most recent call first):
  File "D:\a\yasb\yasb\src\core\widgets\services\quick_launch\workers.py", line 61 in run

Thread 0x00003b9c [_EventWorker] (most recent call first):
  File "D:\a\yasb\yasb\venv\Lib\site-packages\qasync\_windows.py", line 147 in _poll
  File "D:\a\yasb\yasb\venv\Lib\site-packages\qasync\_windows.py", line 72 in select
  File "D:\a\yasb\yasb\venv\Lib\site-packages\qasync\_windows.py", line 199 in run

Thread 0x00003b7c [LogPipeServer] (most recent call first):
  File "D:\a\yasb\yasb\src\core\utils\win32\bindings\kernel32.py", line 288 in ConnectNamedPipe
  File "D:\a\yasb\yasb\src\core\utils\cli_server.py", line 138 in _run_server
  File "C:\hostedtoolcache\windows\Python\3.14.4\x64\Lib\threading.py", line 1024 in run
  File "C:\hostedtoolcache\windows\Python\3.14.4\x64\Lib\threading.py", line 1082 in _bootstrap_inner
  File "C:\hostedtoolcache\windows\Python\3.14.4\x64\Lib\threading.py", line 1044 in _bootstrap

Thread 0x00003b78 [CLIPipeServer] (most recent call first):
  File "D:\a\yasb\yasb\src\core\utils\win32\bindings\kernel32.py", line 288 in ConnectNamedPipe
  File "D:\a\yasb\yasb\src\core\utils\cli_server.py", line 235 in _run_server
  File "C:\hostedtoolcache\windows\Python\3.14.4\x64\Lib\threading.py", line 1024 in run
  File "C:\hostedtoolcache\windows\Python\3.14.4\x64\Lib\threading.py", line 1082 in _bootstrap_inner
  File "C:\hostedtoolcache\windows\Python\3.14.4\x64\Lib\threading.py", line 1044 in _bootstrap

Thread 0x00003a94 (most recent call first):
  File "D:\a\yasb\yasb\venv\Lib\site-packages\qasync\__init__.py", line 404 in run_forever
  File "D:\a\yasb\yasb\venv\Lib\site-packages\qasync\__init__.py", line 428 in run_until_complete
  File "main.py", line 98 in main
  File "main.py", line 188 in <module>
  File "D:\a\yasb\yasb\venv\Lib\site-packages\freeze_core\initscripts\console.py", line 27 in run
  File "D:\a\yasb\yasb\venv\Lib\site-packages\freeze_core\initscripts\__startup__.py", line 137 in run

Current thread's C stack trace (most recent call first):
  <cannot get C stack on this system>
Windows fatal exception: code 0x80010108

Thread 0x000037f8 [SystrayMonitor] (most recent call first):
  File "D:\a\yasb\yasb\src\core\widgets\services\systray\utils.py", line 145 in start_message_loop
  File "D:\a\yasb\yasb\src\core\widgets\services\systray\systray_monitor.py", line 99 in run
  File "D:\a\yasb\yasb\src\core\widgets\yasb\systray.py", line 65 in run

Thread 0x00003848 [asyncio_0] (most recent call first):
  File "C:\hostedtoolcache\windows\Python\3.14.4\x64\Lib\threading.py", line 373 in wait
  File "C:\hostedtoolcache\windows\Python\3.14.4\x64\Lib\threading.py", line 670 in wait
  File "C:\hostedtoolcache\windows\Python\3.14.4\x64\Lib\concurrent\futures\thread.py", line 73 in run
  File "C:\hostedtoolcache\windows\Python\3.14.4\x64\Lib\concurrent\futures\thread.py", line 86 in run
  File "C:\hostedtoolcache\windows\Python\3.14.4\x64\Lib\concurrent\futures\thread.py", line 119 in _worker
  File "C:\hostedtoolcache\windows\Python\3.14.4\x64\Lib\threading.py", line 1024 in run
  File "C:\hostedtoolcache\windows\Python\3.14.4\x64\Lib\threading.py", line 1082 in _bootstrap_inner
  File "C:\hostedtoolcache\windows\Python\3.14.4\x64\Lib\threading.py", line 1044 in _bootstrap

Thread 0x00003bfc [WindowsNotificationEventListener] (most recent call first):
  File "C:\hostedtoolcache\windows\Python\3.14.4\x64\Lib\asyncio\windows_events.py", line 775 in _poll
  File "C:\hostedtoolcache\windows\Python\3.14.4\x64\Lib\asyncio\windows_events.py", line 446 in select
  File "C:\hostedtoolcache\windows\Python\3.14.4\x64\Lib\asyncio\base_events.py", line 2019 in _run_once
  File "C:\hostedtoolcache\windows\Python\3.14.4\x64\Lib\asyncio\base_events.py", line 677 in run_forever
  File "C:\hostedtoolcache\windows\Python\3.14.4\x64\Lib\asyncio\base_events.py", line 706 in run_until_complete
  File "D:\a\yasb\yasb\src\core\widgets\services\notifications\windows_notification.py", line 101 in run

Thread 0x00003bf0 [KomorebiEventListener] (most recent call first):
  File "C:\hostedtoolcache\windows\Python\3.14.4\x64\Lib\threading.py", line 373 in wait
  File "C:\hostedtoolcache\windows\Python\3.14.4\x64\Lib\threading.py", line 670 in wait
  File "D:\a\yasb\yasb\src\core\widgets\services\komorebi\event_listener.py", line 75 in run

Thread 0x00003bf4 [HotkeyListener] (most recent call first):
  File "D:\a\yasb\yasb\src\core\utils\win32\hotkeys.py", line 252 in run

Thread 0x00003bd8 [Thread-8] (most recent call first):
  File "C:\hostedtoolcache\windows\Python\3.14.4\x64\Lib\threading.py", line 369 in wait
  File "C:\hostedtoolcache\windows\Python\3.14.4\x64\Lib\queue.py", line 199 in get
  File "D:\a\yasb\yasb\venv\Lib\site-packages\watchdog\observers\api.py", line 379 in dispatch_events
  File "D:\a\yasb\yasb\venv\Lib\site-packages\watchdog\observers\api.py", line 213 in run
  File "C:\hostedtoolcache\windows\Python\3.14.4\x64\Lib\threading.py", line 1082 in _bootstrap_inner
  File "C:\hostedtoolcache\windows\Python\3.14.4\x64\Lib\threading.py", line 1044 in _bootstrap

Thread 0x00002d84 [Thread-9] (most recent call first):
  File "D:\a\yasb\yasb\venv\Lib\site-packages\watchdog\observers\winapi.py", line 326 in read_directory_changes
  File "D:\a\yasb\yasb\venv\Lib\site-packages\watchdog\observers\winapi.py", line 380 in read_events
  File "D:\a\yasb\yasb\venv\Lib\site-packages\watchdog\observers\read_directory_changes.py", line 67 in _read_events
  File "D:\a\yasb\yasb\venv\Lib\site-packages\watchdog\observers\read_directory_changes.py", line 70 in queue_events
  File "D:\a\yasb\yasb\venv\Lib\site-packages\watchdog\observers\api.py", line 158 in run
  File "C:\hostedtoolcache\windows\Python\3.14.4\x64\Lib\threading.py", line 1082 in _bootstrap_inner
  File "C:\hostedtoolcache\windows\Python\3.14.4\x64\Lib\threading.py", line 1044 in _bootstrap

Thread 0x00001d8c [WiFiWorker] (most recent call first):
  File "D:\a\yasb\yasb\src\core\widgets\services\wifi\wifi_managers.py", line 151 in run

Thread 0x00001b98 [MemoryWorker] (most recent call first):
  File "D:\a\yasb\yasb\src\core\widgets\services\memory\memory_api.py", line 244 in run

Thread 0x000039e0 [CpuWorker] (most recent call first):
  File "D:\a\yasb\yasb\src\core\widgets\services\cpu\cpu_api.py", line 318 in run

Thread 0x00003bd4 [QueryWorker] (most recent call first):
  File "D:\a\yasb\yasb\src\core\widgets\services\quick_launch\workers.py", line 61 in run

Thread 0x00003b9c [_EventWorker] (most recent call first):
  File "D:\a\yasb\yasb\venv\Lib\site-packages\qasync\_windows.py", line 147 in _poll
  File "D:\a\yasb\yasb\venv\Lib\site-packages\qasync\_windows.py", line 72 in select
  File "D:\a\yasb\yasb\venv\Lib\site-packages\qasync\_windows.py", line 199 in run

Thread 0x00003b7c [LogPipeServer] (most recent call first):
  File "D:\a\yasb\yasb\src\core\utils\win32\bindings\kernel32.py", line 288 in ConnectNamedPipe
  File "D:\a\yasb\yasb\src\core\utils\cli_server.py", line 138 in _run_server
  File "C:\hostedtoolcache\windows\Python\3.14.4\x64\Lib\threading.py", line 1024 in run
  File "C:\hostedtoolcache\windows\Python\3.14.4\x64\Lib\threading.py", line 1082 in _bootstrap_inner
  File "C:\hostedtoolcache\windows\Python\3.14.4\x64\Lib\threading.py", line 1044 in _bootstrap

Thread 0x00003b78 [CLIPipeServer] (most recent call first):
  File "D:\a\yasb\yasb\src\core\utils\win32\bindings\kernel32.py", line 288 in ConnectNamedPipe
  File "D:\a\yasb\yasb\src\core\utils\cli_server.py", line 235 in _run_server
  File "C:\hostedtoolcache\windows\Python\3.14.4\x64\Lib\threading.py", line 1024 in run
  File "C:\hostedtoolcache\windows\Python\3.14.4\x64\Lib\threading.py", line 1082 in _bootstrap_inner
  File "C:\hostedtoolcache\windows\Python\3.14.4\x64\Lib\threading.py", line 1044 in _bootstrap

Thread 0x00003a94 (most recent call first):
  File "D:\a\yasb\yasb\venv\Lib\site-packages\qasync\__init__.py", line 404 in run_forever
  File "D:\a\yasb\yasb\venv\Lib\site-packages\qasync\__init__.py", line 428 in run_until_complete
  File "main.py", line 98 in main
  File "main.py", line 188 in <module>
  File "D:\a\yasb\yasb\venv\Lib\site-packages\freeze_core\initscripts\console.py", line 27 in run
  File "D:\a\yasb\yasb\venv\Lib\site-packages\freeze_core\initscripts\__startup__.py", line 137 in run

Current thread's C stack trace (most recent call first):
  <cannot get C stack on this system>
Windows fatal exception: code 0x80010108

Thread 0x000037f8 [SystrayMonitor] (most recent call first):
  File "D:\a\yasb\yasb\src\core\widgets\services\systray\utils.py", line 145 in start_message_loop
  File "D:\a\yasb\yasb\src\core\widgets\services\systray\systray_monitor.py", line 99 in run
  File "D:\a\yasb\yasb\src\core\widgets\yasb\systray.py", line 65 in run

Thread 0x00003848 [asyncio_0] (most recent call first):
  File "C:\hostedtoolcache\windows\Python\3.14.4\x64\Lib\threading.py", line 373 in wait
  File "C:\hostedtoolcache\windows\Python\3.14.4\x64\Lib\threading.py", line 670 in wait
  File "C:\hostedtoolcache\windows\Python\3.14.4\x64\Lib\concurrent\futures\thread.py", line 73 in run
  File "C:\hostedtoolcache\windows\Python\3.14.4\x64\Lib\concurrent\futures\thread.py", line 86 in run
  File "C:\hostedtoolcache\windows\Python\3.14.4\x64\Lib\concurrent\futures\thread.py", line 119 in _worker
  File "C:\hostedtoolcache\windows\Python\3.14.4\x64\Lib\threading.py", line 1024 in run
  File "C:\hostedtoolcache\windows\Python\3.14.4\x64\Lib\threading.py", line 1082 in _bootstrap_inner
  File "C:\hostedtoolcache\windows\Python\3.14.4\x64\Lib\threading.py", line 1044 in _bootstrap

Thread 0x00003bfc [WindowsNotificationEventListener] (most recent call first):
  File "C:\hostedtoolcache\windows\Python\3.14.4\x64\Lib\asyncio\windows_events.py", line 775 in _poll
  File "C:\hostedtoolcache\windows\Python\3.14.4\x64\Lib\asyncio\windows_events.py", line 446 in select
  File "C:\hostedtoolcache\windows\Python\3.14.4\x64\Lib\asyncio\base_events.py", line 2019 in _run_once
  File "C:\hostedtoolcache\windows\Python\3.14.4\x64\Lib\asyncio\base_events.py", line 677 in run_forever
  File "C:\hostedtoolcache\windows\Python\3.14.4\x64\Lib\asyncio\base_events.py", line 706 in run_until_complete
  File "D:\a\yasb\yasb\src\core\widgets\services\notifications\windows_notification.py", line 101 in run

Thread 0x00003bf0 [KomorebiEventListener] (most recent call first):
  File "C:\hostedtoolcache\windows\Python\3.14.4\x64\Lib\threading.py", line 373 in wait
  File "C:\hostedtoolcache\windows\Python\3.14.4\x64\Lib\threading.py", line 670 in wait
  File "D:\a\yasb\yasb\src\core\widgets\services\komorebi\event_listener.py", line 75 in run

Thread 0x00003bf4 [HotkeyListener] (most recent call first):
  File "D:\a\yasb\yasb\src\core\utils\win32\hotkeys.py", line 252 in run

Thread 0x00003bd8 [Thread-8] (most recent call first):
  File "C:\hostedtoolcache\windows\Python\3.14.4\x64\Lib\threading.py", line 369 in wait
  File "C:\hostedtoolcache\windows\Python\3.14.4\x64\Lib\queue.py", line 199 in get
  File "D:\a\yasb\yasb\venv\Lib\site-packages\watchdog\observers\api.py", line 379 in dispatch_events
  File "D:\a\yasb\yasb\venv\Lib\site-packages\watchdog\observers\api.py", line 213 in run
  File "C:\hostedtoolcache\windows\Python\3.14.4\x64\Lib\threading.py", line 1082 in _bootstrap_inner
  File "C:\hostedtoolcache\windows\Python\3.14.4\x64\Lib\threading.py", line 1044 in _bootstrap

Thread 0x00002d84 [Thread-9] (most recent call first):
  File "D:\a\yasb\yasb\venv\Lib\site-packages\watchdog\observers\winapi.py", line 326 in read_directory_changes
  File "D:\a\yasb\yasb\venv\Lib\site-packages\watchdog\observers\winapi.py", line 380 in read_events
  File "D:\a\yasb\yasb\venv\Lib\site-packages\watchdog\observers\read_directory_changes.py", line 67 in _read_events
  File "D:\a\yasb\yasb\venv\Lib\site-packages\watchdog\observers\read_directory_changes.py", line 70 in queue_events
  File "D:\a\yasb\yasb\venv\Lib\site-packages\watchdog\observers\api.py", line 158 in run
  File "C:\hostedtoolcache\windows\Python\3.14.4\x64\Lib\threading.py", line 1082 in _bootstrap_inner
  File "C:\hostedtoolcache\windows\Python\3.14.4\x64\Lib\threading.py", line 1044 in _bootstrap

Thread 0x00001d8c [WiFiWorker] (most recent call first):
  File "D:\a\yasb\yasb\src\core\widgets\services\wifi\wifi_managers.py", line 151 in run

Thread 0x00001b98 [MemoryWorker] (most recent call first):
  File "D:\a\yasb\yasb\src\core\widgets\services\memory\memory_api.py", line 244 in run

Thread 0x000039e0 [CpuWorker] (most recent call first):
  File "D:\a\yasb\yasb\src\core\widgets\services\cpu\cpu_api.py", line 318 in run

Thread 0x00003bd4 [QueryWorker] (most recent call first):
  File "D:\a\yasb\yasb\src\core\widgets\services\quick_launch\workers.py", line 61 in run

Thread 0x00003b9c [_EventWorker] (most recent call first):
  File "D:\a\yasb\yasb\venv\Lib\site-packages\qasync\_windows.py", line 147 in _poll
  File "D:\a\yasb\yasb\venv\Lib\site-packages\qasync\_windows.py", line 72 in select
  File "D:\a\yasb\yasb\venv\Lib\site-packages\qasync\_windows.py", line 199 in run

Thread 0x00003b7c [LogPipeServer] (most recent call first):
  File "D:\a\yasb\yasb\src\core\utils\win32\bindings\kernel32.py", line 288 in ConnectNamedPipe
  File "D:\a\yasb\yasb\src\core\utils\cli_server.py", line 138 in _run_server
  File "C:\hostedtoolcache\windows\Python\3.14.4\x64\Lib\threading.py", line 1024 in run
  File "C:\hostedtoolcache\windows\Python\3.14.4\x64\Lib\threading.py", line 1082 in _bootstrap_inner
  File "C:\hostedtoolcache\windows\Python\3.14.4\x64\Lib\threading.py", line 1044 in _bootstrap

Thread 0x00003b78 [CLIPipeServer] (most recent call first):
  File "D:\a\yasb\yasb\src\core\utils\win32\bindings\kernel32.py", line 288 in ConnectNamedPipe
  File "D:\a\yasb\yasb\src\core\utils\cli_server.py", line 235 in _run_server
  File "C:\hostedtoolcache\windows\Python\3.14.4\x64\Lib\threading.py", line 1024 in run
  File "C:\hostedtoolcache\windows\Python\3.14.4\x64\Lib\threading.py", line 1082 in _bootstrap_inner
  File "C:\hostedtoolcache\windows\Python\3.14.4\x64\Lib\threading.py", line 1044 in _bootstrap

Thread 0x00003a94 (most recent call first):
  File "D:\a\yasb\yasb\venv\Lib\site-packages\qasync\__init__.py", line 404 in run_forever
  File "D:\a\yasb\yasb\venv\Lib\site-packages\qasync\__init__.py", line 428 in run_until_complete
  File "main.py", line 98 in main
  File "main.py", line 188 in <module>
  File "D:\a\yasb\yasb\venv\Lib\site-packages\freeze_core\initscripts\console.py", line 27 in run
  File "D:\a\yasb\yasb\venv\Lib\site-packages\freeze_core\initscripts\__startup__.py", line 137 in run

Current thread's C stack trace (most recent call first):
  <cannot get C stack on this system>
2026-07-04 19:28:27,991 [INFO] [MainThread] [root/api.py:69]: Fetching new weather data at 2026-07-04 19:28:27.991261
2026-07-04 19:38:27,950 [INFO] [MainThread] [root/api.py:69]: Fetching new weather data at 2026-07-04 19:38:27.950166
2026-07-04 19:48:27,980 [INFO] [MainThread] [root/api.py:69]: Fetching new weather data at 2026-07-04 19:48:27.979969
2026-07-04 19:58:27,948 [INFO] [MainThread] [root/api.py:69]: Fetching new weather data at 2026-07-04 19:58:27.948338
2026-07-04 20:08:28,134 [INFO] [MainThread] [root/api.py:69]: Fetching new weather data at 2026-07-04 20:08:28.134854
2026-07-04 20:18:28,262 [INFO] [MainThread] [root/api.py:69]: Fetching new weather data at 2026-07-04 20:18:28.262464
2026-07-04 20:28:28,093 [INFO] [MainThread] [root/api.py:69]: Fetching new weather data at 2026-07-04 20:28:28.093464
2026-07-04 20:38:28,350 [INFO] [MainThread] [root/api.py:69]: Fetching new weather data at 2026-07-04 20:38:28.350799
2026-07-04 20:48:28,108 [INFO] [MainThread] [root/api.py:69]: Fetching new weather data at 2026-07-04 20:48:28.108784
2026-07-05 01:27:47,303 [INFO] [MainThread] [root/api.py:69]: Fetching new weather data at 2026-07-05 01:27:47.303796
2026-07-05 01:37:47,294 [INFO] [MainThread] [root/api.py:69]: Fetching new weather data at 2026-07-05 01:37:47.293990
2026-07-05 01:47:47,277 [INFO] [MainThread] [root/api.py:69]: Fetching new weather data at 2026-07-05 01:47:47.277502
2026-07-05 01:57:47,316 [INFO] [MainThread] [root/api.py:69]: Fetching new weather data at 2026-07-05 01:57:47.316822
2026-07-05 02:07:47,432 [INFO] [MainThread] [root/api.py:69]: Fetching new weather data at 2026-07-05 02:07:47.432274
2026-07-05 02:17:47,349 [INFO] [MainThread] [root/api.py:69]: Fetching new weather data at 2026-07-05 02:17:47.349805
2026-07-05 02:27:47,301 [INFO] [MainThread] [root/api.py:69]: Fetching new weather data at 2026-07-05 02:27:47.300973
2026-07-05 02:37:47,434 [INFO] [MainThread] [root/api.py:69]: Fetching new weather data at 2026-07-05 02:37:47.434784
2026-07-05 02:47:47,323 [INFO] [MainThread] [root/api.py:69]: Fetching new weather data at 2026-07-05 02:47:47.323455
2026-07-05 02:57:47,347 [INFO] [MainThread] [root/api.py:69]: Fetching new weather data at 2026-07-05 02:57:47.347428
2026-07-05 03:07:47,326 [INFO] [MainThread] [root/api.py:69]: Fetching new weather data at 2026-07-05 03:07:47.326453
2026-07-05 03:17:47,301 [INFO] [MainThread] [root/api.py:69]: Fetching new weather data at 2026-07-05 03:17:47.301136
2026-07-05 03:27:47,312 [INFO] [MainThread] [root/api.py:69]: Fetching new weather data at 2026-07-05 03:27:47.312207
2026-07-05 03:37:47,318 [INFO] [MainThread] [root/api.py:69]: Fetching new weather data at 2026-07-05 03:37:47.317957
2026-07-05 03:47:47,319 [INFO] [MainThread] [root/api.py:69]: Fetching new weather data at 2026-07-05 03:47:47.318932
2026-07-05 03:57:47,295 [INFO] [MainThread] [root/api.py:69]: Fetching new weather data at 2026-07-05 03:57:47.295173
2026-07-05 04:07:47,311 [INFO] [MainThread] [root/api.py:69]: Fetching new weather data at 2026-07-05 04:07:47.311881
2026-07-05 04:17:47,399 [INFO] [MainThread] [root/api.py:69]: Fetching new weather data at 2026-07-05 04:17:47.399213
2026-07-05 04:24:28,107 [INFO] [MainThread] [root/controller.py:43]: Exiting Application...
2026-07-05 04:24:28,224 [INFO] [MainThread] [cli_server/cli_server.py:114]: Log pipe server stopped
2026-07-05 04:24:29,752 [INFO] [MainThread] [root/bar_manager.py:110]: Stopping HotkeyListener...
2026-07-05 04:24:29,757 [INFO] [MainThread] [root/bar_manager.py:118]: Stopping KomorebiEventListener...
2026-07-05 04:24:29,759 [INFO] [MainThread] [root/bar_manager.py:118]: Stopping WindowsNotificationEventListener...
2026-07-05 12:05:48,306 [INFO] [MainThread] [root/log.py:104]: YASB v2.0.2
2026-07-05 12:05:48,307 [INFO] [CLIPipeServer] [cli_server/cli_server.py:216]: CLI server started v1.1.7
2026-07-05 12:05:48,307 [INFO] [MainThread] [cli_server/cli_server.py:106]: Log pipe server started
2026-07-05 12:05:48,430 [WARNING] [MainThread] [deprecation/deprecation.py:133]: [DEPRECATED] BarAlignment: 'center' - Use 'align' instead.
2026-07-05 12:05:48,430 [WARNING] [MainThread] [deprecation/deprecation.py:133]: [DEPRECATED] BarBlurEffect: 'acrylic' - No longer supported and can be removed from the config.
2026-07-05 12:05:49,337 [ERROR] [MainThread] [root/get_vscode_state_db_path.py:20]: Shared storage detection failed: _path_exists: path should be string, bytes, os.PathLike or integer, not NoneType
2026-07-05 12:05:50,456 [WARNING] [MainThread] [deprecation/deprecation.py:133]: [DEPRECATED] CpuConfig: 'label_shadow' - Use CSS text-shadow instead.
2026-07-05 12:05:50,689 [INFO] [MainThread] [root/service.py:52]: AudioOutputService starting...
2026-07-05 12:05:52,210 [ERROR] [MainThread] [root/get_vscode_state_db_path.py:20]: Shared storage detection failed: _path_exists: path should be string, bytes, os.PathLike or integer, not NoneType
2026-07-05 12:05:52,606 [INFO] [MainThread] [root/bar_manager.py:228]: Starting HotkeyListener...
2026-07-05 12:05:52,607 [INFO] [MainThread] [root/bar_manager.py:102]: Starting KomorebiEventListener...
2026-07-05 12:05:52,607 [INFO] [MainThread] [root/bar_manager.py:102]: Starting WindowsNotificationEventListener...
2026-07-05 12:05:52,610 [INFO] [MainThread] [root/watcher.py:65]: Watching directory: c:\users\nam khuc\.config\yasb
2026-07-05 12:05:52,610 [INFO] [MainThread] [root/watcher.py:104]: Created file watcher
2026-07-05 12:05:52,681 [INFO] [Dummy-11] [root/event_listener.py:54]: Created named pipe yasb-32312be5-782f-11f1-9c4d-e00af667f2ea
2026-07-05 12:05:52,711 [INFO] [MainThread] [root/update_service.py:434]: Background update checker started
2026-07-05 12:05:52,908 [WARNING] [Dummy-11] [root/event_listener.py:134]: Komorebi failed to subscribe named pipe. Komorebi is not running, please start Komorebi.
2026-07-05 12:05:53,593 [INFO] [MainThread] [root/api.py:69]: Fetching new weather data at 2026-07-05 12:05:53.593215
2026-07-05 12:06:21,850 [INFO] [Dummy-11] [root/event_listener.py:147]: Komorebi connected to named pipe: yasb-32312be5-782f-11f1-9c4d-e00af667f2ea
2026-07-05 12:15:51,045 [INFO] [MainThread] [root/api.py:69]: Fetching new weather data at 2026-07-05 12:15:51.045751
2026-07-05 12:25:50,718 [INFO] [MainThread] [root/api.py:69]: Fetching new weather data at 2026-07-05 12:25:50.718742
2026-07-05 12:35:50,697 [INFO] [MainThread] [root/api.py:69]: Fetching new weather data at 2026-07-05 12:35:50.697913
2026-07-05 12:45:50,718 [INFO] [MainThread] [root/api.py:69]: Fetching new weather data at 2026-07-05 12:45:50.718319
2026-07-05 12:55:50,700 [INFO] [MainThread] [root/api.py:69]: Fetching new weather data at 2026-07-05 12:55:50.700418
2026-07-05 13:05:50,720 [INFO] [MainThread] [root/api.py:69]: Fetching new weather data at 2026-07-05 13:05:50.720466
2026-07-05 13:15:50,722 [INFO] [MainThread] [root/api.py:69]: Fetching new weather data at 2026-07-05 13:15:50.722403
2026-07-05 13:25:50,717 [INFO] [MainThread] [root/api.py:69]: Fetching new weather data at 2026-07-05 13:25:50.717262
2026-07-05 13:35:50,704 [INFO] [MainThread] [root/api.py:69]: Fetching new weather data at 2026-07-05 13:35:50.704311
2026-07-05 13:45:50,704 [INFO] [MainThread] [root/api.py:69]: Fetching new weather data at 2026-07-05 13:45:50.704483
2026-07-05 13:55:50,725 [INFO] [MainThread] [root/api.py:69]: Fetching new weather data at 2026-07-05 13:55:50.725162
2026-07-05 14:05:50,868 [INFO] [MainThread] [root/api.py:69]: Fetching new weather data at 2026-07-05 14:05:50.868835
2026-07-05 14:15:50,876 [INFO] [MainThread] [root/api.py:69]: Fetching new weather data at 2026-07-05 14:15:50.876628
2026-07-05 14:25:50,884 [INFO] [MainThread] [root/api.py:69]: Fetching new weather data at 2026-07-05 14:25:50.884573
2026-07-05 18:17:40,135 [INFO] [MainThread] [root/api.py:69]: Fetching new weather data at 2026-07-05 18:17:40.135307
2026-07-05 18:40:50,744 [INFO] [MainThread] [root/bar_manager.py:96]: Screens updated. Re-initialising all bars.
2026-07-05 18:40:50,745 [INFO] [MainThread] [root/controller.py:21]: Reloading Application because of screen update.
2026-07-05 18:40:50,848 [INFO] [MainThread] [cli_server/cli_server.py:114]: Log pipe server stopped
2026-07-05 18:40:51,107 [INFO] [MainThread] [root/bar_manager.py:110]: Stopping HotkeyListener...
2026-07-05 18:40:51,112 [INFO] [MainThread] [root/bar_manager.py:118]: Stopping KomorebiEventListener...
2026-07-05 18:40:51,114 [INFO] [MainThread] [root/bar_manager.py:118]: Stopping WindowsNotificationEventListener...
2026-07-05 18:40:53,135 [INFO] [MainThread] [root/log.py:104]: YASB v2.0.2
2026-07-05 18:40:53,136 [INFO] [CLIPipeServer] [cli_server/cli_server.py:216]: CLI server started v1.1.7
2026-07-05 18:40:53,137 [INFO] [MainThread] [cli_server/cli_server.py:106]: Log pipe server started
2026-07-05 18:40:53,215 [WARNING] [MainThread] [deprecation/deprecation.py:133]: [DEPRECATED] BarAlignment: 'center' - Use 'align' instead.
2026-07-05 18:40:53,215 [WARNING] [MainThread] [deprecation/deprecation.py:133]: [DEPRECATED] BarBlurEffect: 'acrylic' - No longer supported and can be removed from the config.
2026-07-05 18:40:54,102 [ERROR] [MainThread] [root/get_vscode_state_db_path.py:20]: Shared storage detection failed: _path_exists: path should be string, bytes, os.PathLike or integer, not NoneType
2026-07-05 18:40:55,189 [WARNING] [MainThread] [deprecation/deprecation.py:133]: [DEPRECATED] CpuConfig: 'label_shadow' - Use CSS text-shadow instead.
2026-07-05 18:40:55,516 [INFO] [MainThread] [root/service.py:52]: AudioOutputService starting...
2026-07-05 18:40:56,643 [ERROR] [MainThread] [root/get_vscode_state_db_path.py:20]: Shared storage detection failed: _path_exists: path should be string, bytes, os.PathLike or integer, not NoneType
2026-07-05 18:40:57,000 [INFO] [MainThread] [root/bar_manager.py:228]: Starting HotkeyListener...
2026-07-05 18:40:57,000 [INFO] [MainThread] [root/bar_manager.py:102]: Starting KomorebiEventListener...
2026-07-05 18:40:57,001 [INFO] [MainThread] [root/bar_manager.py:102]: Starting WindowsNotificationEventListener...
2026-07-05 18:40:57,003 [INFO] [MainThread] [root/watcher.py:65]: Watching directory: c:\users\nam khuc\.config\yasb
2026-07-05 18:40:57,003 [INFO] [MainThread] [root/watcher.py:104]: Created file watcher
2026-07-05 18:40:57,033 [INFO] [Dummy-11] [root/event_listener.py:54]: Created named pipe yasb-631c9400-7866-11f1-8711-e00af667f2ea
2026-07-05 18:40:57,035 [INFO] [MainThread] [root/update_service.py:434]: Background update checker started
2026-07-05 18:40:57,231 [INFO] [Dummy-11] [root/event_listener.py:147]: Komorebi connected to named pipe: yasb-631c9400-7866-11f1-8711-e00af667f2ea
2026-07-05 18:41:08,776 [INFO] [MainThread] [root/api.py:69]: Fetching new weather data at 2026-07-05 18:41:08.776047
2026-07-05 18:50:55,430 [INFO] [MainThread] [root/api.py:69]: Fetching new weather data at 2026-07-05 18:50:55.429825
2026-07-05 19:00:55,418 [INFO] [MainThread] [root/api.py:69]: Fetching new weather data at 2026-07-05 19:00:55.417964
2026-07-05 19:10:55,419 [INFO] [MainThread] [root/api.py:69]: Fetching new weather data at 2026-07-05 19:10:55.419193
2026-07-05 19:20:55,431 [INFO] [MainThread] [root/api.py:69]: Fetching new weather data at 2026-07-05 19:20:55.431871
2026-07-05 19:30:55,432 [INFO] [MainThread] [root/api.py:69]: Fetching new weather data at 2026-07-05 19:30:55.431982
2026-07-05 19:40:55,433 [INFO] [MainThread] [root/api.py:69]: Fetching new weather data at 2026-07-05 19:40:55.433482
2026-07-05 19:50:55,444 [INFO] [MainThread] [root/api.py:69]: Fetching new weather data at 2026-07-05 19:50:55.444616
2026-07-05 21:22:05,410 [INFO] [MainThread] [root/api.py:69]: Fetching new weather data at 2026-07-05 21:22:05.410744
2026-07-05 21:32:05,414 [INFO] [MainThread] [root/api.py:69]: Fetching new weather data at 2026-07-05 21:32:05.414621
2026-07-05 21:42:05,519 [INFO] [MainThread] [root/api.py:69]: Fetching new weather data at 2026-07-05 21:42:05.519100
2026-07-05 21:52:05,415 [INFO] [MainThread] [root/api.py:69]: Fetching new weather data at 2026-07-05 21:52:05.415481
2026-07-05 22:02:05,441 [INFO] [MainThread] [root/api.py:69]: Fetching new weather data at 2026-07-05 22:02:05.441786
2026-07-05 22:12:05,812 [INFO] [MainThread] [root/api.py:69]: Fetching new weather data at 2026-07-05 22:12:05.812096
2026-07-05 22:22:05,440 [INFO] [MainThread] [root/api.py:69]: Fetching new weather data at 2026-07-05 22:22:05.440382
2026-07-05 22:32:05,427 [INFO] [MainThread] [root/api.py:69]: Fetching new weather data at 2026-07-05 22:32:05.427311
2026-07-05 22:42:05,422 [INFO] [MainThread] [root/api.py:69]: Fetching new weather data at 2026-07-05 22:42:05.422441
2026-07-05 22:52:05,420 [INFO] [MainThread] [root/api.py:69]: Fetching new weather data at 2026-07-05 22:52:05.420832
2026-07-05 23:02:05,428 [INFO] [MainThread] [root/api.py:69]: Fetching new weather data at 2026-07-05 23:02:05.428405
2026-07-05 23:12:05,426 [INFO] [MainThread] [root/api.py:69]: Fetching new weather data at 2026-07-05 23:12:05.426922
2026-07-05 23:22:05,415 [INFO] [MainThread] [root/api.py:69]: Fetching new weather data at 2026-07-05 23:22:05.415911
2026-07-05 23:32:05,415 [INFO] [MainThread] [root/api.py:69]: Fetching new weather data at 2026-07-05 23:32:05.415325
2026-07-05 23:42:05,426 [INFO] [MainThread] [root/api.py:69]: Fetching new weather data at 2026-07-05 23:42:05.426260
2026-07-05 23:52:05,417 [INFO] [MainThread] [root/api.py:69]: Fetching new weather data at 2026-07-05 23:52:05.417163
2026-07-06 00:21:12,617 [INFO] [MainThread] [root/api.py:69]: Fetching new weather data at 2026-07-06 00:21:12.616970
2026-07-06 00:31:12,671 [INFO] [MainThread] [root/api.py:69]: Fetching new weather data at 2026-07-06 00:31:12.671680
2026-07-06 00:41:12,597 [INFO] [MainThread] [root/api.py:69]: Fetching new weather data at 2026-07-06 00:41:12.597657
2026-07-06 00:51:12,535 [INFO] [MainThread] [root/api.py:69]: Fetching new weather data at 2026-07-06 00:51:12.535520
2026-07-06 01:01:12,712 [INFO] [MainThread] [root/api.py:69]: Fetching new weather data at 2026-07-06 01:01:12.712178
2026-07-06 01:11:12,561 [INFO] [MainThread] [root/api.py:69]: Fetching new weather data at 2026-07-06 01:11:12.561421
2026-07-06 01:22:43,134 [INFO] [MainThread] [root/controller.py:43]: Exiting Application...
2026-07-06 01:22:43,242 [INFO] [MainThread] [cli_server/cli_server.py:114]: Log pipe server stopped
2026-07-06 01:22:44,218 [INFO] [MainThread] [root/bar_manager.py:110]: Stopping HotkeyListener...
2026-07-06 01:22:44,225 [INFO] [MainThread] [root/bar_manager.py:118]: Stopping KomorebiEventListener...
2026-07-06 01:22:44,228 [INFO] [MainThread] [root/bar_manager.py:118]: Stopping WindowsNotificationEventListener...
2026-07-06 01:51:53,060 [INFO] [MainThread] [root/log.py:104]: YASB v2.0.2
2026-07-06 01:51:53,062 [INFO] [CLIPipeServer] [cli_server/cli_server.py:216]: CLI server started v1.1.7
2026-07-06 01:51:53,062 [INFO] [MainThread] [cli_server/cli_server.py:106]: Log pipe server started
2026-07-06 01:51:53,195 [WARNING] [MainThread] [deprecation/deprecation.py:133]: [DEPRECATED] BarAlignment: 'center' - Use 'align' instead.
2026-07-06 01:51:53,195 [WARNING] [MainThread] [deprecation/deprecation.py:133]: [DEPRECATED] BarBlurEffect: 'acrylic' - No longer supported and can be removed from the config.
2026-07-06 01:51:54,078 [ERROR] [MainThread] [root/get_vscode_state_db_path.py:20]: Shared storage detection failed: _path_exists: path should be string, bytes, os.PathLike or integer, not NoneType
2026-07-06 01:51:55,284 [WARNING] [MainThread] [deprecation/deprecation.py:133]: [DEPRECATED] CpuConfig: 'label_shadow' - Use CSS text-shadow instead.
2026-07-06 01:51:55,571 [INFO] [MainThread] [root/service.py:52]: AudioOutputService starting...
2026-07-06 01:51:57,264 [ERROR] [MainThread] [root/get_vscode_state_db_path.py:20]: Shared storage detection failed: _path_exists: path should be string, bytes, os.PathLike or integer, not NoneType
2026-07-06 01:51:58,336 [INFO] [MainThread] [root/bar_manager.py:228]: Starting HotkeyListener...
2026-07-06 01:51:58,336 [INFO] [MainThread] [root/bar_manager.py:102]: Starting KomorebiEventListener...
2026-07-06 01:51:58,336 [INFO] [MainThread] [root/bar_manager.py:102]: Starting WindowsNotificationEventListener...
2026-07-06 01:51:58,339 [INFO] [MainThread] [root/watcher.py:65]: Watching directory: c:\users\nam khuc\.config\yasb
2026-07-06 01:51:58,339 [INFO] [MainThread] [root/watcher.py:104]: Created file watcher
2026-07-06 01:51:58,340 [INFO] [Dummy-11] [root/event_listener.py:54]: Created named pipe yasb-99ab384d-78a2-11f1-88e2-e00af667f2ea
2026-07-06 01:51:58,405 [INFO] [MainThread] [root/update_service.py:434]: Background update checker started
2026-07-06 01:51:58,615 [WARNING] [Dummy-11] [root/event_listener.py:134]: Komorebi failed to subscribe named pipe. Komorebi is not running, please start Komorebi.
2026-07-06 01:52:27,587 [INFO] [MainThread] [root/api.py:69]: Fetching new weather data at 2026-07-06 01:52:27.587665
2026-07-06 01:52:27,761 [INFO] [Dummy-11] [root/event_listener.py:147]: Komorebi connected to named pipe: yasb-99ab384d-78a2-11f1-88e2-e00af667f2ea
2026-07-06 02:01:55,664 [INFO] [MainThread] [root/api.py:69]: Fetching new weather data at 2026-07-06 02:01:55.664487
2026-07-06 02:11:55,624 [INFO] [MainThread] [root/api.py:69]: Fetching new weather data at 2026-07-06 02:11:55.624914
2026-07-06 02:21:55,639 [INFO] [MainThread] [root/api.py:69]: Fetching new weather data at 2026-07-06 02:21:55.639307
2026-07-06 02:31:55,669 [INFO] [MainThread] [root/api.py:69]: Fetching new weather data at 2026-07-06 02:31:55.669729
2026-07-06 02:41:55,646 [INFO] [MainThread] [root/api.py:69]: Fetching new weather data at 2026-07-06 02:41:55.646445
2026-07-06 02:51:55,649 [INFO] [MainThread] [root/api.py:69]: Fetching new weather data at 2026-07-06 02:51:55.649766
2026-07-06 03:01:55,634 [INFO] [MainThread] [root/api.py:69]: Fetching new weather data at 2026-07-06 03:01:55.634480
2026-07-06 03:11:55,640 [INFO] [MainThread] [root/api.py:69]: Fetching new weather data at 2026-07-06 03:11:55.639941
2026-07-06 03:21:55,651 [INFO] [MainThread] [root/api.py:69]: Fetching new weather data at 2026-07-06 03:21:55.651045
2026-07-06 03:31:55,628 [INFO] [MainThread] [root/api.py:69]: Fetching new weather data at 2026-07-06 03:31:55.628422
2026-07-06 03:41:55,628 [INFO] [MainThread] [root/api.py:69]: Fetching new weather data at 2026-07-06 03:41:55.628816
2026-07-06 03:51:57,994 [INFO] [MainThread] [root/api.py:69]: Fetching new weather data at 2026-07-06 03:51:57.994903
2026-07-06 04:01:55,611 [INFO] [MainThread] [root/api.py:69]: Fetching new weather data at 2026-07-06 04:01:55.611415
2026-07-06 04:10:15,485 [INFO] [MainThread] [root/controller.py:43]: Exiting Application...
2026-07-06 04:10:15,587 [INFO] [MainThread] [cli_server/cli_server.py:114]: Log pipe server stopped
2026-07-06 04:10:16,906 [INFO] [MainThread] [root/bar_manager.py:110]: Stopping HotkeyListener...
2026-07-06 04:10:16,913 [INFO] [MainThread] [root/bar_manager.py:118]: Stopping KomorebiEventListener...
2026-07-06 04:10:16,915 [INFO] [MainThread] [root/bar_manager.py:118]: Stopping WindowsNotificationEventListener...
2026-07-06 12:20:28,281 [INFO] [MainThread] [root/log.py:104]: YASB v2.0.2
2026-07-06 12:20:28,282 [INFO] [CLIPipeServer] [cli_server/cli_server.py:216]: CLI server started v1.1.7
2026-07-06 12:20:28,283 [INFO] [MainThread] [cli_server/cli_server.py:106]: Log pipe server started
2026-07-06 12:20:28,394 [WARNING] [MainThread] [deprecation/deprecation.py:133]: [DEPRECATED] BarAlignment: 'center' - Use 'align' instead.
2026-07-06 12:20:28,395 [WARNING] [MainThread] [deprecation/deprecation.py:133]: [DEPRECATED] BarBlurEffect: 'acrylic' - No longer supported and can be removed from the config.
2026-07-06 12:20:29,188 [ERROR] [MainThread] [root/get_vscode_state_db_path.py:20]: Shared storage detection failed: _path_exists: path should be string, bytes, os.PathLike or integer, not NoneType
2026-07-06 12:20:30,295 [WARNING] [MainThread] [deprecation/deprecation.py:133]: [DEPRECATED] CpuConfig: 'label_shadow' - Use CSS text-shadow instead.
2026-07-06 12:20:30,522 [INFO] [MainThread] [root/service.py:52]: AudioOutputService starting...
2026-07-06 12:20:30,894 [ERROR] [MainThread] [root/get_vscode_state_db_path.py:20]: Shared storage detection failed: _path_exists: path should be string, bytes, os.PathLike or integer, not NoneType
2026-07-06 12:20:31,198 [INFO] [MainThread] [root/bar_manager.py:228]: Starting HotkeyListener...
2026-07-06 12:20:31,198 [INFO] [MainThread] [root/bar_manager.py:102]: Starting WindowsNotificationEventListener...
2026-07-06 12:20:31,198 [INFO] [MainThread] [root/bar_manager.py:102]: Starting KomorebiEventListener...
2026-07-06 12:20:31,201 [INFO] [MainThread] [root/watcher.py:65]: Watching directory: c:\users\nam khuc\.config\yasb
2026-07-06 12:20:31,201 [INFO] [MainThread] [root/watcher.py:104]: Created file watcher
2026-07-06 12:20:31,238 [INFO] [Dummy-11] [root/event_listener.py:54]: Created named pipe yasb-684956f4-78fa-11f1-be5f-e00af667f2ea
2026-07-06 12:20:31,246 [INFO] [MainThread] [root/update_service.py:434]: Background update checker started
2026-07-06 12:20:31,453 [WARNING] [Dummy-11] [root/event_listener.py:134]: Komorebi failed to subscribe named pipe. Komorebi is not running, please start Komorebi.
2026-07-06 12:20:32,236 [INFO] [MainThread] [root/api.py:69]: Fetching new weather data at 2026-07-06 12:20:32.236147
2026-07-06 12:21:00,403 [INFO] [Dummy-11] [root/event_listener.py:147]: Komorebi connected to named pipe: yasb-684956f4-78fa-11f1-be5f-e00af667f2ea
Windows fatal exception: code 0x80010108

Thread 0x00003dd0 [SystrayMonitor] (most recent call first):
  File "D:\a\yasb\yasb\src\core\widgets\services\systray\utils.py", line 145 in start_message_loop
  File "D:\a\yasb\yasb\src\core\widgets\services\systray\systray_monitor.py", line 99 in run
  File "D:\a\yasb\yasb\src\core\widgets\yasb\systray.py", line 65 in run

Thread 0x00000864 [asyncio_0] (most recent call first):
  File "C:\hostedtoolcache\windows\Python\3.14.4\x64\Lib\threading.py", line 373 in wait
  File "C:\hostedtoolcache\windows\Python\3.14.4\x64\Lib\threading.py", line 670 in wait
  File "C:\hostedtoolcache\windows\Python\3.14.4\x64\Lib\concurrent\futures\thread.py", line 73 in run
  File "C:\hostedtoolcache\windows\Python\3.14.4\x64\Lib\concurrent\futures\thread.py", line 86 in run
  File "C:\hostedtoolcache\windows\Python\3.14.4\x64\Lib\concurrent\futures\thread.py", line 119 in _worker
  File "C:\hostedtoolcache\windows\Python\3.14.4\x64\Lib\threading.py", line 1024 in run
  File "C:\hostedtoolcache\windows\Python\3.14.4\x64\Lib\threading.py", line 1082 in _bootstrap_inner
  File "C:\hostedtoolcache\windows\Python\3.14.4\x64\Lib\threading.py", line 1044 in _bootstrap

Thread 0x00002270 [WindowsNotificationEventListener] (most recent call first):
  File "C:\hostedtoolcache\windows\Python\3.14.4\x64\Lib\asyncio\windows_events.py", line 775 in _poll
  File "C:\hostedtoolcache\windows\Python\3.14.4\x64\Lib\asyncio\windows_events.py", line 446 in select
  File "C:\hostedtoolcache\windows\Python\3.14.4\x64\Lib\asyncio\base_events.py", line 2019 in _run_once
  File "C:\hostedtoolcache\windows\Python\3.14.4\x64\Lib\asyncio\base_events.py", line 677 in run_forever
  File "C:\hostedtoolcache\windows\Python\3.14.4\x64\Lib\asyncio\base_events.py", line 706 in run_until_complete
  File "D:\a\yasb\yasb\src\core\widgets\services\notifications\windows_notification.py", line 101 in run

Thread 0x000037ec [KomorebiEventListener] (most recent call first):
  File "C:\hostedtoolcache\windows\Python\3.14.4\x64\Lib\threading.py", line 373 in wait
  File "C:\hostedtoolcache\windows\Python\3.14.4\x64\Lib\threading.py", line 670 in wait
  File "D:\a\yasb\yasb\src\core\widgets\services\komorebi\event_listener.py", line 75 in run

Thread 0x00003f10 [HotkeyListener] (most recent call first):
  File "D:\a\yasb\yasb\src\core\utils\win32\hotkeys.py", line 252 in run

Thread 0x0000302c [Thread-8] (most recent call first):
  File "C:\hostedtoolcache\windows\Python\3.14.4\x64\Lib\threading.py", line 369 in wait
  File "C:\hostedtoolcache\windows\Python\3.14.4\x64\Lib\queue.py", line 199 in get
  File "D:\a\yasb\yasb\venv\Lib\site-packages\watchdog\observers\api.py", line 379 in dispatch_events
  File "D:\a\yasb\yasb\venv\Lib\site-packages\watchdog\observers\api.py", line 213 in run
  File "C:\hostedtoolcache\windows\Python\3.14.4\x64\Lib\threading.py", line 1082 in _bootstrap_inner
  File "C:\hostedtoolcache\windows\Python\3.14.4\x64\Lib\threading.py", line 1044 in _bootstrap

Thread 0x000037f4 [Thread-9] (most recent call first):
  File "D:\a\yasb\yasb\venv\Lib\site-packages\watchdog\observers\winapi.py", line 326 in read_directory_changes
  File "D:\a\yasb\yasb\venv\Lib\site-packages\watchdog\observers\winapi.py", line 380 in read_events
  File "D:\a\yasb\yasb\venv\Lib\site-packages\watchdog\observers\read_directory_changes.py", line 67 in _read_events
  File "D:\a\yasb\yasb\venv\Lib\site-packages\watchdog\observers\read_directory_changes.py", line 70 in queue_events
  File "D:\a\yasb\yasb\venv\Lib\site-packages\watchdog\observers\api.py", line 158 in run
  File "C:\hostedtoolcache\windows\Python\3.14.4\x64\Lib\threading.py", line 1082 in _bootstrap_inner
  File "C:\hostedtoolcache\windows\Python\3.14.4\x64\Lib\threading.py", line 1044 in _bootstrap

Thread 0x00003624 [WiFiWorker] (most recent call first):
  File "D:\a\yasb\yasb\src\core\widgets\services\wifi\wifi_managers.py", line 151 in run

Thread 0x00000c14 [MemoryWorker] (most recent call first):
  File "D:\a\yasb\yasb\src\core\widgets\services\memory\memory_api.py", line 244 in run

Thread 0x00003e90 [CpuWorker] (most recent call first):
  File "D:\a\yasb\yasb\src\core\widgets\services\cpu\cpu_api.py", line 318 in run

Thread 0x00003fe8 [QueryWorker] (most recent call first):
  File "D:\a\yasb\yasb\src\core\widgets\services\quick_launch\workers.py", line 61 in run

Thread 0x00003ef4 [_EventWorker] (most recent call first):
  File "D:\a\yasb\yasb\venv\Lib\site-packages\qasync\_windows.py", line 147 in _poll
  File "D:\a\yasb\yasb\venv\Lib\site-packages\qasync\_windows.py", line 72 in select
  File "D:\a\yasb\yasb\venv\Lib\site-packages\qasync\_windows.py", line 199 in run

Thread 0x00003ed4 [LogPipeServer] (most recent call first):
  File "D:\a\yasb\yasb\src\core\utils\win32\bindings\kernel32.py", line 288 in ConnectNamedPipe
  File "D:\a\yasb\yasb\src\core\utils\cli_server.py", line 138 in _run_server
  File "C:\hostedtoolcache\windows\Python\3.14.4\x64\Lib\threading.py", line 1024 in run
  File "C:\hostedtoolcache\windows\Python\3.14.4\x64\Lib\threading.py", line 1082 in _bootstrap_inner
  File "C:\hostedtoolcache\windows\Python\3.14.4\x64\Lib\threading.py", line 1044 in _bootstrap

Thread 0x00003ed0 [CLIPipeServer] (most recent call first):
  File "D:\a\yasb\yasb\src\core\utils\win32\bindings\kernel32.py", line 288 in ConnectNamedPipe
  File "D:\a\yasb\yasb\src\core\utils\cli_server.py", line 235 in _run_server
  File "C:\hostedtoolcache\windows\Python\3.14.4\x64\Lib\threading.py", line 1024 in run
  File "C:\hostedtoolcache\windows\Python\3.14.4\x64\Lib\threading.py", line 1082 in _bootstrap_inner
  File "C:\hostedtoolcache\windows\Python\3.14.4\x64\Lib\threading.py", line 1044 in _bootstrap

Thread 0x00003e50 (most recent call first):
  File "D:\a\yasb\yasb\venv\Lib\site-packages\qasync\__init__.py", line 404 in run_forever
  File "D:\a\yasb\yasb\venv\Lib\site-packages\qasync\__init__.py", line 428 in run_until_complete
  File "main.py", line 98 in main
  File "main.py", line 188 in <module>
  File "D:\a\yasb\yasb\venv\Lib\site-packages\freeze_core\initscripts\console.py", line 27 in run
  File "D:\a\yasb\yasb\venv\Lib\site-packages\freeze_core\initscripts\__startup__.py", line 137 in run

Current thread's C stack trace (most recent call first):
  <cannot get C stack on this system>
Windows fatal exception: code 0x80010108

Thread 0x00003dd0 [SystrayMonitor] (most recent call first):
  File "D:\a\yasb\yasb\src\core\widgets\services\systray\utils.py", line 145 in start_message_loop
  File "D:\a\yasb\yasb\src\core\widgets\services\systray\systray_monitor.py", line 99 in run
  File "D:\a\yasb\yasb\src\core\widgets\yasb\systray.py", line 65 in run

Thread 0x00000864 [asyncio_0] (most recent call first):
  File "C:\hostedtoolcache\windows\Python\3.14.4\x64\Lib\threading.py", line 373 in wait
  File "C:\hostedtoolcache\windows\Python\3.14.4\x64\Lib\threading.py", line 670 in wait
  File "C:\hostedtoolcache\windows\Python\3.14.4\x64\Lib\concurrent\futures\thread.py", line 73 in run
  File "C:\hostedtoolcache\windows\Python\3.14.4\x64\Lib\concurrent\futures\thread.py", line 86 in run
  File "C:\hostedtoolcache\windows\Python\3.14.4\x64\Lib\concurrent\futures\thread.py", line 119 in _worker
  File "C:\hostedtoolcache\windows\Python\3.14.4\x64\Lib\threading.py", line 1024 in run
  File "C:\hostedtoolcache\windows\Python\3.14.4\x64\Lib\threading.py", line 1082 in _bootstrap_inner
  File "C:\hostedtoolcache\windows\Python\3.14.4\x64\Lib\threading.py", line 1044 in _bootstrap

Thread 0x00002270 [WindowsNotificationEventListener] (most recent call first):
  File "C:\hostedtoolcache\windows\Python\3.14.4\x64\Lib\asyncio\windows_events.py", line 775 in _poll
  File "C:\hostedtoolcache\windows\Python\3.14.4\x64\Lib\asyncio\windows_events.py", line 446 in select
  File "C:\hostedtoolcache\windows\Python\3.14.4\x64\Lib\asyncio\base_events.py", line 2019 in _run_once
  File "C:\hostedtoolcache\windows\Python\3.14.4\x64\Lib\asyncio\base_events.py", line 677 in run_forever
  File "C:\hostedtoolcache\windows\Python\3.14.4\x64\Lib\asyncio\base_events.py", line 706 in run_until_complete
  File "D:\a\yasb\yasb\src\core\widgets\services\notifications\windows_notification.py", line 101 in run

Thread 0x000037ec [KomorebiEventListener] (most recent call first):
  File "C:\hostedtoolcache\windows\Python\3.14.4\x64\Lib\threading.py", line 373 in wait
  File "C:\hostedtoolcache\windows\Python\3.14.4\x64\Lib\threading.py", line 670 in wait
  File "D:\a\yasb\yasb\src\core\widgets\services\komorebi\event_listener.py", line 75 in run

Thread 0x00003f10 [HotkeyListener] (most recent call first):
  File "D:\a\yasb\yasb\src\core\utils\win32\hotkeys.py", line 252 in run

Thread 0x0000302c [Thread-8] (most recent call first):
  File "C:\hostedtoolcache\windows\Python\3.14.4\x64\Lib\threading.py", line 369 in wait
  File "C:\hostedtoolcache\windows\Python\3.14.4\x64\Lib\queue.py", line 199 in get
  File "D:\a\yasb\yasb\venv\Lib\site-packages\watchdog\observers\api.py", line 379 in dispatch_events
  File "D:\a\yasb\yasb\venv\Lib\site-packages\watchdog\observers\api.py", line 213 in run
  File "C:\hostedtoolcache\windows\Python\3.14.4\x64\Lib\threading.py", line 1082 in _bootstrap_inner
  File "C:\hostedtoolcache\windows\Python\3.14.4\x64\Lib\threading.py", line 1044 in _bootstrap

Thread 0x000037f4 [Thread-9] (most recent call first):
  File "D:\a\yasb\yasb\venv\Lib\site-packages\watchdog\observers\winapi.py", line 326 in read_directory_changes
  File "D:\a\yasb\yasb\venv\Lib\site-packages\watchdog\observers\winapi.py", line 380 in read_events
  File "D:\a\yasb\yasb\venv\Lib\site-packages\watchdog\observers\read_directory_changes.py", line 67 in _read_events
  File "D:\a\yasb\yasb\venv\Lib\site-packages\watchdog\observers\read_directory_changes.py", line 70 in queue_events
  File "D:\a\yasb\yasb\venv\Lib\site-packages\watchdog\observers\api.py", line 158 in run
  File "C:\hostedtoolcache\windows\Python\3.14.4\x64\Lib\threading.py", line 1082 in _bootstrap_inner
  File "C:\hostedtoolcache\windows\Python\3.14.4\x64\Lib\threading.py", line 1044 in _bootstrap

Thread 0x00003624 [WiFiWorker] (most recent call first):
  File "D:\a\yasb\yasb\src\core\widgets\services\wifi\wifi_managers.py", line 151 in run

Thread 0x00000c14 [MemoryWorker] (most recent call first):
  File "D:\a\yasb\yasb\src\core\widgets\services\memory\memory_api.py", line 244 in run

Thread 0x00003e90 [CpuWorker] (most recent call first):
  File "D:\a\yasb\yasb\src\core\widgets\services\cpu\cpu_api.py", line 318 in run

Thread 0x00003fe8 [QueryWorker] (most recent call first):
  File "D:\a\yasb\yasb\src\core\widgets\services\quick_launch\workers.py", line 61 in run

Thread 0x00003ef4 [_EventWorker] (most recent call first):
  File "D:\a\yasb\yasb\venv\Lib\site-packages\qasync\_windows.py", line 147 in _poll
  File "D:\a\yasb\yasb\venv\Lib\site-packages\qasync\_windows.py", line 72 in select
  File "D:\a\yasb\yasb\venv\Lib\site-packages\qasync\_windows.py", line 199 in run

Thread 0x00003ed4 [LogPipeServer] (most recent call first):
  File "D:\a\yasb\yasb\src\core\utils\win32\bindings\kernel32.py", line 288 in ConnectNamedPipe
  File "D:\a\yasb\yasb\src\core\utils\cli_server.py", line 138 in _run_server
  File "C:\hostedtoolcache\windows\Python\3.14.4\x64\Lib\threading.py", line 1024 in run
  File "C:\hostedtoolcache\windows\Python\3.14.4\x64\Lib\threading.py", line 1082 in _bootstrap_inner
  File "C:\hostedtoolcache\windows\Python\3.14.4\x64\Lib\threading.py", line 1044 in _bootstrap

Thread 0x00003ed0 [CLIPipeServer] (most recent call first):
  File "D:\a\yasb\yasb\src\core\utils\win32\bindings\kernel32.py", line 288 in ConnectNamedPipe
  File "D:\a\yasb\yasb\src\core\utils\cli_server.py", line 235 in _run_server
  File "C:\hostedtoolcache\windows\Python\3.14.4\x64\Lib\threading.py", line 1024 in run
  File "C:\hostedtoolcache\windows\Python\3.14.4\x64\Lib\threading.py", line 1082 in _bootstrap_inner
  File "C:\hostedtoolcache\windows\Python\3.14.4\x64\Lib\threading.py", line 1044 in _bootstrap

Thread 0x00003e50 (most recent call first):
  File "D:\a\yasb\yasb\venv\Lib\site-packages\qasync\__init__.py", line 404 in run_forever
  File "D:\a\yasb\yasb\venv\Lib\site-packages\qasync\__init__.py", line 428 in run_until_complete
  File "main.py", line 98 in main
  File "main.py", line 188 in <module>
  File "D:\a\yasb\yasb\venv\Lib\site-packages\freeze_core\initscripts\console.py", line 27 in run
  File "D:\a\yasb\yasb\venv\Lib\site-packages\freeze_core\initscripts\__startup__.py", line 137 in run

Current thread's C stack trace (most recent call first):
  <cannot get C stack on this system>
Windows fatal exception: code 0x80010108

Thread 0x00003dd0 [SystrayMonitor] (most recent call first):
  File "D:\a\yasb\yasb\src\core\widgets\services\systray\utils.py", line 145 in start_message_loop
  File "D:\a\yasb\yasb\src\core\widgets\services\systray\systray_monitor.py", line 99 in run
  File "D:\a\yasb\yasb\src\core\widgets\yasb\systray.py", line 65 in run

Thread 0x00000864 [asyncio_0] (most recent call first):
  File "C:\hostedtoolcache\windows\Python\3.14.4\x64\Lib\threading.py", line 373 in wait
  File "C:\hostedtoolcache\windows\Python\3.14.4\x64\Lib\threading.py", line 670 in wait
  File "C:\hostedtoolcache\windows\Python\3.14.4\x64\Lib\concurrent\futures\thread.py", line 73 in run
  File "C:\hostedtoolcache\windows\Python\3.14.4\x64\Lib\concurrent\futures\thread.py", line 86 in run
  File "C:\hostedtoolcache\windows\Python\3.14.4\x64\Lib\concurrent\futures\thread.py", line 119 in _worker
  File "C:\hostedtoolcache\windows\Python\3.14.4\x64\Lib\threading.py", line 1024 in run
  File "C:\hostedtoolcache\windows\Python\3.14.4\x64\Lib\threading.py", line 1082 in _bootstrap_inner
  File "C:\hostedtoolcache\windows\Python\3.14.4\x64\Lib\threading.py", line 1044 in _bootstrap

Thread 0x00002270 [WindowsNotificationEventListener] (most recent call first):
  File "C:\hostedtoolcache\windows\Python\3.14.4\x64\Lib\asyncio\windows_events.py", line 775 in _poll
  File "C:\hostedtoolcache\windows\Python\3.14.4\x64\Lib\asyncio\windows_events.py", line 446 in select
  File "C:\hostedtoolcache\windows\Python\3.14.4\x64\Lib\asyncio\base_events.py", line 2019 in _run_once
  File "C:\hostedtoolcache\windows\Python\3.14.4\x64\Lib\asyncio\base_events.py", line 677 in run_forever
  File "C:\hostedtoolcache\windows\Python\3.14.4\x64\Lib\asyncio\base_events.py", line 706 in run_until_complete
  File "D:\a\yasb\yasb\src\core\widgets\services\notifications\windows_notification.py", line 101 in run

Thread 0x000037ec [KomorebiEventListener] (most recent call first):
  File "C:\hostedtoolcache\windows\Python\3.14.4\x64\Lib\threading.py", line 373 in wait
  File "C:\hostedtoolcache\windows\Python\3.14.4\x64\Lib\threading.py", line 670 in wait
  File "D:\a\yasb\yasb\src\core\widgets\services\komorebi\event_listener.py", line 75 in run

Thread 0x00003f10 [HotkeyListener] (most recent call first):
  File "D:\a\yasb\yasb\src\core\utils\win32\hotkeys.py", line 252 in run

Thread 0x0000302c [Thread-8] (most recent call first):
  File "C:\hostedtoolcache\windows\Python\3.14.4\x64\Lib\threading.py", line 369 in wait
  File "C:\hostedtoolcache\windows\Python\3.14.4\x64\Lib\queue.py", line 199 in get
  File "D:\a\yasb\yasb\venv\Lib\site-packages\watchdog\observers\api.py", line 379 in dispatch_events
  File "D:\a\yasb\yasb\venv\Lib\site-packages\watchdog\observers\api.py", line 213 in run
  File "C:\hostedtoolcache\windows\Python\3.14.4\x64\Lib\threading.py", line 1082 in _bootstrap_inner
  File "C:\hostedtoolcache\windows\Python\3.14.4\x64\Lib\threading.py", line 1044 in _bootstrap

Thread 0x000037f4 [Thread-9] (most recent call first):
  File "D:\a\yasb\yasb\venv\Lib\site-packages\watchdog\observers\winapi.py", line 326 in read_directory_changes
  File "D:\a\yasb\yasb\venv\Lib\site-packages\watchdog\observers\winapi.py", line 380 in read_events
  File "D:\a\yasb\yasb\venv\Lib\site-packages\watchdog\observers\read_directory_changes.py", line 67 in _read_events
  File "D:\a\yasb\yasb\venv\Lib\site-packages\watchdog\observers\read_directory_changes.py", line 70 in queue_events
  File "D:\a\yasb\yasb\venv\Lib\site-packages\watchdog\observers\api.py", line 158 in run
  File "C:\hostedtoolcache\windows\Python\3.14.4\x64\Lib\threading.py", line 1082 in _bootstrap_inner
  File "C:\hostedtoolcache\windows\Python\3.14.4\x64\Lib\threading.py", line 1044 in _bootstrap

Thread 0x00003624 [WiFiWorker] (most recent call first):
  File "D:\a\yasb\yasb\src\core\widgets\services\wifi\wifi_managers.py", line 151 in run

Thread 0x00000c14 [MemoryWorker] (most recent call first):
  File "D:\a\yasb\yasb\src\core\widgets\services\memory\memory_api.py", line 244 in run

Thread 0x00003e90 [CpuWorker] (most recent call first):
  File "D:\a\yasb\yasb\src\core\widgets\services\cpu\cpu_api.py", line 318 in run

Thread 0x00003fe8 [QueryWorker] (most recent call first):
  File "D:\a\yasb\yasb\src\core\widgets\services\quick_launch\workers.py", line 61 in run

Thread 0x00003ef4 [_EventWorker] (most recent call first):
  File "D:\a\yasb\yasb\venv\Lib\site-packages\qasync\_windows.py", line 147 in _poll
  File "D:\a\yasb\yasb\venv\Lib\site-packages\qasync\_windows.py", line 72 in select
  File "D:\a\yasb\yasb\venv\Lib\site-packages\qasync\_windows.py", line 199 in run

Thread 0x00003ed4 [LogPipeServer] (most recent call first):
  File "D:\a\yasb\yasb\src\core\utils\win32\bindings\kernel32.py", line 288 in ConnectNamedPipe
  File "D:\a\yasb\yasb\src\core\utils\cli_server.py", line 138 in _run_server
  File "C:\hostedtoolcache\windows\Python\3.14.4\x64\Lib\threading.py", line 1024 in run
  File "C:\hostedtoolcache\windows\Python\3.14.4\x64\Lib\threading.py", line 1082 in _bootstrap_inner
  File "C:\hostedtoolcache\windows\Python\3.14.4\x64\Lib\threading.py", line 1044 in _bootstrap

Thread 0x00003ed0 [CLIPipeServer] (most recent call first):
  File "D:\a\yasb\yasb\src\core\utils\win32\bindings\kernel32.py", line 288 in ConnectNamedPipe
  File "D:\a\yasb\yasb\src\core\utils\cli_server.py", line 235 in _run_server
  File "C:\hostedtoolcache\windows\Python\3.14.4\x64\Lib\threading.py", line 1024 in run
  File "C:\hostedtoolcache\windows\Python\3.14.4\x64\Lib\threading.py", line 1082 in _bootstrap_inner
  File "C:\hostedtoolcache\windows\Python\3.14.4\x64\Lib\threading.py", line 1044 in _bootstrap

Thread 0x00003e50 (most recent call first):
  File "D:\a\yasb\yasb\venv\Lib\site-packages\qasync\__init__.py", line 404 in run_forever
  File "D:\a\yasb\yasb\venv\Lib\site-packages\qasync\__init__.py", line 428 in run_until_complete
  File "main.py", line 98 in main
  File "main.py", line 188 in <module>
  File "D:\a\yasb\yasb\venv\Lib\site-packages\freeze_core\initscripts\console.py", line 27 in run
  File "D:\a\yasb\yasb\venv\Lib\site-packages\freeze_core\initscripts\__startup__.py", line 137 in run

Current thread's C stack trace (most recent call first):
  <cannot get C stack on this system>
2026-07-06 12:30:30,698 [INFO] [MainThread] [root/api.py:69]: Fetching new weather data at 2026-07-06 12:30:30.698217
2026-07-06 12:40:30,674 [INFO] [MainThread] [root/api.py:69]: Fetching new weather data at 2026-07-06 12:40:30.674650
2026-07-06 12:50:30,716 [INFO] [MainThread] [root/api.py:69]: Fetching new weather data at 2026-07-06 12:50:30.716591
2026-07-06 13:00:30,704 [INFO] [MainThread] [root/api.py:69]: Fetching new weather data at 2026-07-06 13:00:30.704556
2026-07-06 13:10:30,663 [INFO] [MainThread] [root/api.py:69]: Fetching new weather data at 2026-07-06 13:10:30.663513
2026-07-06 13:20:30,663 [INFO] [MainThread] [root/api.py:69]: Fetching new weather data at 2026-07-06 13:20:30.663667
2026-07-06 13:30:30,660 [INFO] [MainThread] [root/api.py:69]: Fetching new weather data at 2026-07-06 13:30:30.660599
2026-07-06 13:40:30,689 [INFO] [MainThread] [root/api.py:69]: Fetching new weather data at 2026-07-06 13:40:30.689274
2026-07-06 13:50:30,666 [INFO] [MainThread] [root/api.py:69]: Fetching new weather data at 2026-07-06 13:50:30.666067
2026-07-06 14:00:30,681 [INFO] [MainThread] [root/api.py:69]: Fetching new weather data at 2026-07-06 14:00:30.681729
2026-07-06 14:10:30,734 [INFO] [MainThread] [root/api.py:69]: Fetching new weather data at 2026-07-06 14:10:30.734773
2026-07-06 14:20:30,676 [INFO] [MainThread] [root/api.py:69]: Fetching new weather data at 2026-07-06 14:20:30.676216
2026-07-06 14:32:35,460 [INFO] [MainThread] [root/api.py:69]: Fetching new weather data at 2026-07-06 14:32:35.460827
2026-07-06 15:25:19,986 [INFO] [MainThread] [root/api.py:69]: Fetching new weather data at 2026-07-06 15:25:19.986449
2026-07-06 19:07:00,880 [INFO] [MainThread] [root/api.py:69]: Fetching new weather data at 2026-07-06 19:07:00.879915
2026-07-06 19:16:59,753 [INFO] [MainThread] [root/api.py:69]: Fetching new weather data at 2026-07-06 19:16:59.753720
2026-07-06 19:26:59,765 [INFO] [MainThread] [root/api.py:69]: Fetching new weather data at 2026-07-06 19:26:59.765155
2026-07-06 19:36:59,733 [INFO] [MainThread] [root/api.py:69]: Fetching new weather data at 2026-07-06 19:36:59.732997
2026-07-06 19:46:59,721 [INFO] [MainThread] [root/api.py:69]: Fetching new weather data at 2026-07-06 19:46:59.721738
2026-07-06 19:56:59,760 [INFO] [MainThread] [root/api.py:69]: Fetching new weather data at 2026-07-06 19:56:59.760444
2026-07-06 20:06:59,745 [INFO] [MainThread] [root/api.py:69]: Fetching new weather data at 2026-07-06 20:06:59.745910
2026-07-06 20:16:59,752 [INFO] [MainThread] [root/api.py:69]: Fetching new weather data at 2026-07-06 20:16:59.752464
2026-07-06 20:26:59,758 [INFO] [MainThread] [root/api.py:69]: Fetching new weather data at 2026-07-06 20:26:59.758829
2026-07-06 20:36:59,785 [INFO] [MainThread] [root/api.py:69]: Fetching new weather data at 2026-07-06 20:36:59.785403
2026-07-06 20:46:59,756 [INFO] [MainThread] [root/api.py:69]: Fetching new weather data at 2026-07-06 20:46:59.756160
2026-07-06 20:56:59,752 [INFO] [MainThread] [root/api.py:69]: Fetching new weather data at 2026-07-06 20:56:59.752432
2026-07-06 21:28:09,111 [INFO] [MainThread] [root/api.py:69]: Fetching new weather data at 2026-07-06 21:28:09.110999
2026-07-06 21:38:06,072 [INFO] [MainThread] [root/api.py:69]: Fetching new weather data at 2026-07-06 21:38:06.072443
2026-07-06 21:48:06,068 [INFO] [MainThread] [root/api.py:69]: Fetching new weather data at 2026-07-06 21:48:06.068440
2026-07-06 21:58:06,081 [INFO] [MainThread] [root/api.py:69]: Fetching new weather data at 2026-07-06 21:58:06.081701
2026-07-06 22:08:06,077 [INFO] [MainThread] [root/api.py:69]: Fetching new weather data at 2026-07-06 22:08:06.077267
2026-07-06 22:18:06,114 [INFO] [MainThread] [root/api.py:69]: Fetching new weather data at 2026-07-06 22:18:06.114772
2026-07-06 22:28:06,083 [INFO] [MainThread] [root/api.py:69]: Fetching new weather data at 2026-07-06 22:28:06.083605
2026-07-06 22:38:06,076 [INFO] [MainThread] [root/api.py:69]: Fetching new weather data at 2026-07-06 22:38:06.076087
2026-07-06 22:48:06,084 [INFO] [MainThread] [root/api.py:69]: Fetching new weather data at 2026-07-06 22:48:06.084683
2026-07-06 22:58:06,069 [INFO] [MainThread] [root/api.py:69]: Fetching new weather data at 2026-07-06 22:58:06.069719
2026-07-06 23:08:06,091 [INFO] [MainThread] [root/api.py:69]: Fetching new weather data at 2026-07-06 23:08:06.091305
2026-07-06 23:18:06,096 [INFO] [MainThread] [root/api.py:69]: Fetching new weather data at 2026-07-06 23:18:06.096518
2026-07-06 23:28:06,079 [INFO] [MainThread] [root/api.py:69]: Fetching new weather data at 2026-07-06 23:28:06.078961
2026-07-06 23:38:06,085 [INFO] [MainThread] [root/api.py:69]: Fetching new weather data at 2026-07-06 23:38:06.085554
2026-07-06 23:48:06,069 [INFO] [MainThread] [root/api.py:69]: Fetching new weather data at 2026-07-06 23:48:06.069259
2026-07-06 23:58:06,085 [INFO] [MainThread] [root/api.py:69]: Fetching new weather data at 2026-07-06 23:58:06.085319
2026-07-07 00:08:06,068 [INFO] [MainThread] [root/api.py:69]: Fetching new weather data at 2026-07-07 00:08:06.068502
2026-07-07 00:18:06,085 [INFO] [MainThread] [root/api.py:69]: Fetching new weather data at 2026-07-07 00:18:06.085714
2026-07-07 00:21:51,146 [INFO] [MainThread] [root/service.py:212]: Quick Launch rebuilding app list after install/uninstall detected
2026-07-07 00:44:35,970 [INFO] [MainThread] [root/api.py:69]: Fetching new weather data at 2026-07-07 00:44:35.970765
2026-07-07 00:54:36,127 [INFO] [MainThread] [root/api.py:69]: Fetching new weather data at 2026-07-07 00:54:36.127468
2026-07-07 01:04:35,983 [INFO] [MainThread] [root/api.py:69]: Fetching new weather data at 2026-07-07 01:04:35.983166
2026-07-07 01:14:36,022 [INFO] [MainThread] [root/api.py:69]: Fetching new weather data at 2026-07-07 01:14:36.021987
2026-07-07 01:24:36,004 [INFO] [MainThread] [root/api.py:69]: Fetching new weather data at 2026-07-07 01:24:36.004206
2026-07-07 01:34:35,996 [INFO] [MainThread] [root/api.py:69]: Fetching new weather data at 2026-07-07 01:34:35.996547
2026-07-07 01:44:35,994 [INFO] [MainThread] [root/api.py:69]: Fetching new weather data at 2026-07-07 01:44:35.994912
2026-07-07 01:54:35,996 [INFO] [MainThread] [root/api.py:69]: Fetching new weather data at 2026-07-07 01:54:35.995984
2026-07-07 02:04:35,987 [INFO] [MainThread] [root/api.py:69]: Fetching new weather data at 2026-07-07 02:04:35.987631
2026-07-07 02:14:36,073 [INFO] [MainThread] [root/api.py:69]: Fetching new weather data at 2026-07-07 02:14:36.073778
2026-07-07 02:24:35,990 [INFO] [MainThread] [root/api.py:69]: Fetching new weather data at 2026-07-07 02:24:35.990730
2026-07-07 02:34:35,978 [INFO] [MainThread] [root/api.py:69]: Fetching new weather data at 2026-07-07 02:34:35.978712
2026-07-07 02:44:35,980 [INFO] [MainThread] [root/api.py:69]: Fetching new weather data at 2026-07-07 02:44:35.980111
2026-07-07 02:54:35,990 [INFO] [MainThread] [root/api.py:69]: Fetching new weather data at 2026-07-07 02:54:35.990457
2026-07-07 03:04:35,990 [INFO] [MainThread] [root/api.py:69]: Fetching new weather data at 2026-07-07 03:04:35.990088
2026-07-07 03:14:35,981 [INFO] [MainThread] [root/api.py:69]: Fetching new weather data at 2026-07-07 03:14:35.980923
2026-07-07 03:24:36,021 [INFO] [MainThread] [root/api.py:69]: Fetching new weather data at 2026-07-07 03:24:36.021233
2026-07-07 03:34:36,067 [INFO] [MainThread] [root/api.py:69]: Fetching new weather data at 2026-07-07 03:34:36.067765
2026-07-07 03:44:35,990 [INFO] [MainThread] [root/api.py:69]: Fetching new weather data at 2026-07-07 03:44:35.989982
2026-07-07 03:54:35,992 [INFO] [MainThread] [root/api.py:69]: Fetching new weather data at 2026-07-07 03:54:35.992748
2026-07-07 04:04:35,980 [INFO] [MainThread] [root/api.py:69]: Fetching new weather data at 2026-07-07 04:04:35.980263
2026-07-07 13:34:19,732 [INFO] [MainThread] [root/api.py:69]: Fetching new weather data at 2026-07-07 13:34:19.732828
Windows fatal exception: code 0x80010108

Thread 0x00003dd0 [SystrayMonitor] (most recent call first):
  File "D:\a\yasb\yasb\src\core\widgets\services\systray\utils.py", line 145 in start_message_loop
  File "D:\a\yasb\yasb\src\core\widgets\services\systray\systray_monitor.py", line 99 in run
  File "D:\a\yasb\yasb\src\core\widgets\yasb\systray.py", line 65 in run

Thread 0x00000864 [asyncio_0] (most recent call first):
  File "C:\hostedtoolcache\windows\Python\3.14.4\x64\Lib\threading.py", line 373 in wait
  File "C:\hostedtoolcache\windows\Python\3.14.4\x64\Lib\threading.py", line 670 in wait
  File "C:\hostedtoolcache\windows\Python\3.14.4\x64\Lib\concurrent\futures\thread.py", line 73 in run
  File "C:\hostedtoolcache\windows\Python\3.14.4\x64\Lib\concurrent\futures\thread.py", line 86 in run
  File "C:\hostedtoolcache\windows\Python\3.14.4\x64\Lib\concurrent\futures\thread.py", line 119 in _worker
  File "C:\hostedtoolcache\windows\Python\3.14.4\x64\Lib\threading.py", line 1024 in run
  File "C:\hostedtoolcache\windows\Python\3.14.4\x64\Lib\threading.py", line 1082 in _bootstrap_inner
  File "C:\hostedtoolcache\windows\Python\3.14.4\x64\Lib\threading.py", line 1044 in _bootstrap

Thread 0x00002270 [WindowsNotificationEventListener] (most recent call first):
  File "C:\hostedtoolcache\windows\Python\3.14.4\x64\Lib\asyncio\windows_events.py", line 775 in _poll
  File "C:\hostedtoolcache\windows\Python\3.14.4\x64\Lib\asyncio\windows_events.py", line 446 in select
  File "C:\hostedtoolcache\windows\Python\3.14.4\x64\Lib\asyncio\base_events.py", line 2019 in _run_once
  File "C:\hostedtoolcache\windows\Python\3.14.4\x64\Lib\asyncio\base_events.py", line 677 in run_forever
  File "C:\hostedtoolcache\windows\Python\3.14.4\x64\Lib\asyncio\base_events.py", line 706 in run_until_complete
  File "D:\a\yasb\yasb\src\core\widgets\services\notifications\windows_notification.py", line 101 in run

Thread 0x000037ec [KomorebiEventListener] (most recent call first):
  File "C:\hostedtoolcache\windows\Python\3.14.4\x64\Lib\threading.py", line 373 in wait
  File "C:\hostedtoolcache\windows\Python\3.14.4\x64\Lib\threading.py", line 670 in wait
  File "D:\a\yasb\yasb\src\core\widgets\services\komorebi\event_listener.py", line 75 in run

Thread 0x00003f10 [HotkeyListener] (most recent call first):
  File "D:\a\yasb\yasb\src\core\utils\win32\hotkeys.py", line 252 in run

Thread 0x0000302c [Thread-8] (most recent call first):
  File "C:\hostedtoolcache\windows\Python\3.14.4\x64\Lib\threading.py", line 369 in wait
  File "C:\hostedtoolcache\windows\Python\3.14.4\x64\Lib\queue.py", line 199 in get
  File "D:\a\yasb\yasb\venv\Lib\site-packages\watchdog\observers\api.py", line 379 in dispatch_events
  File "D:\a\yasb\yasb\venv\Lib\site-packages\watchdog\observers\api.py", line 213 in run
  File "C:\hostedtoolcache\windows\Python\3.14.4\x64\Lib\threading.py", line 1082 in _bootstrap_inner
  File "C:\hostedtoolcache\windows\Python\3.14.4\x64\Lib\threading.py", line 1044 in _bootstrap

Thread 0x000037f4 [Thread-9] (most recent call first):
  File "D:\a\yasb\yasb\venv\Lib\site-packages\watchdog\observers\winapi.py", line 326 in read_directory_changes
  File "D:\a\yasb\yasb\venv\Lib\site-packages\watchdog\observers\winapi.py", line 380 in read_events
  File "D:\a\yasb\yasb\venv\Lib\site-packages\watchdog\observers\read_directory_changes.py", line 67 in _read_events
  File "D:\a\yasb\yasb\venv\Lib\site-packages\watchdog\observers\read_directory_changes.py", line 70 in queue_events
  File "D:\a\yasb\yasb\venv\Lib\site-packages\watchdog\observers\api.py", line 158 in run
  File "C:\hostedtoolcache\windows\Python\3.14.4\x64\Lib\threading.py", line 1082 in _bootstrap_inner
  File "C:\hostedtoolcache\windows\Python\3.14.4\x64\Lib\threading.py", line 1044 in _bootstrap

Thread 0x00003624 [WiFiWorker] (most recent call first):
  File "D:\a\yasb\yasb\src\core\widgets\services\wifi\wifi_managers.py", line 151 in run

Thread 0x00000c14 [MemoryWorker] (most recent call first):
  File "D:\a\yasb\yasb\src\core\widgets\services\memory\memory_api.py", line 244 in run

Thread 0x00003e90 [CpuWorker] (most recent call first):
  File "D:\a\yasb\yasb\src\core\widgets\services\cpu\cpu_api.py", line 318 in run

Thread 0x00003fe8 [QueryWorker] (most recent call first):
  File "D:\a\yasb\yasb\src\core\widgets\services\quick_launch\workers.py", line 61 in run

Thread 0x00003ef4 [_EventWorker] (most recent call first):
  File "D:\a\yasb\yasb\venv\Lib\site-packages\qasync\_windows.py", line 147 in _poll
  File "D:\a\yasb\yasb\venv\Lib\site-packages\qasync\_windows.py", line 72 in select
  File "D:\a\yasb\yasb\venv\Lib\site-packages\qasync\_windows.py", line 199 in run

Thread 0x00003ed4 [LogPipeServer] (most recent call first):
  File "D:\a\yasb\yasb\src\core\utils\win32\bindings\kernel32.py", line 288 in ConnectNamedPipe
  File "D:\a\yasb\yasb\src\core\utils\cli_server.py", line 138 in _run_server
  File "C:\hostedtoolcache\windows\Python\3.14.4\x64\Lib\threading.py", line 1024 in run
  File "C:\hostedtoolcache\windows\Python\3.14.4\x64\Lib\threading.py", line 1082 in _bootstrap_inner
  File "C:\hostedtoolcache\windows\Python\3.14.4\x64\Lib\threading.py", line 1044 in _bootstrap

Thread 0x00003ed0 [CLIPipeServer] (most recent call first):
  File "D:\a\yasb\yasb\src\core\utils\win32\bindings\kernel32.py", line 288 in ConnectNamedPipe
  File "D:\a\yasb\yasb\src\core\utils\cli_server.py", line 235 in _run_server
  File "C:\hostedtoolcache\windows\Python\3.14.4\x64\Lib\threading.py", line 1024 in run
  File "C:\hostedtoolcache\windows\Python\3.14.4\x64\Lib\threading.py", line 1082 in _bootstrap_inner
  File "C:\hostedtoolcache\windows\Python\3.14.4\x64\Lib\threading.py", line 1044 in _bootstrap

Thread 0x00003e50 (most recent call first):
  File "D:\a\yasb\yasb\venv\Lib\site-packages\qasync\__init__.py", line 404 in run_forever
  File "D:\a\yasb\yasb\venv\Lib\site-packages\qasync\__init__.py", line 428 in run_until_complete
  File "main.py", line 98 in main
  File "main.py", line 188 in <module>
  File "D:\a\yasb\yasb\venv\Lib\site-packages\freeze_core\initscripts\console.py", line 27 in run
  File "D:\a\yasb\yasb\venv\Lib\site-packages\freeze_core\initscripts\__startup__.py", line 137 in run

Current thread's C stack trace (most recent call first):
  <cannot get C stack on this system>
Windows fatal exception: code 0x80010108

Thread 0x00003dd0 [SystrayMonitor] (most recent call first):
  File "D:\a\yasb\yasb\src\core\widgets\services\systray\utils.py", line 145 in start_message_loop
  File "D:\a\yasb\yasb\src\core\widgets\services\systray\systray_monitor.py", line 99 in run
  File "D:\a\yasb\yasb\src\core\widgets\yasb\systray.py", line 65 in run

Thread 0x00000864 [asyncio_0] (most recent call first):
  File "C:\hostedtoolcache\windows\Python\3.14.4\x64\Lib\threading.py", line 373 in wait
  File "C:\hostedtoolcache\windows\Python\3.14.4\x64\Lib\threading.py", line 670 in wait
  File "C:\hostedtoolcache\windows\Python\3.14.4\x64\Lib\concurrent\futures\thread.py", line 73 in run
  File "C:\hostedtoolcache\windows\Python\3.14.4\x64\Lib\concurrent\futures\thread.py", line 86 in run
  File "C:\hostedtoolcache\windows\Python\3.14.4\x64\Lib\concurrent\futures\thread.py", line 119 in _worker
  File "C:\hostedtoolcache\windows\Python\3.14.4\x64\Lib\threading.py", line 1024 in run
  File "C:\hostedtoolcache\windows\Python\3.14.4\x64\Lib\threading.py", line 1082 in _bootstrap_inner
  File "C:\hostedtoolcache\windows\Python\3.14.4\x64\Lib\threading.py", line 1044 in _bootstrap

Thread 0x00002270 [WindowsNotificationEventListener] (most recent call first):
  File "C:\hostedtoolcache\windows\Python\3.14.4\x64\Lib\asyncio\windows_events.py", line 775 in _poll
  File "C:\hostedtoolcache\windows\Python\3.14.4\x64\Lib\asyncio\windows_events.py", line 446 in select
  File "C:\hostedtoolcache\windows\Python\3.14.4\x64\Lib\asyncio\base_events.py", line 2019 in _run_once
  File "C:\hostedtoolcache\windows\Python\3.14.4\x64\Lib\asyncio\base_events.py", line 677 in run_forever
  File "C:\hostedtoolcache\windows\Python\3.14.4\x64\Lib\asyncio\base_events.py", line 706 in run_until_complete
  File "D:\a\yasb\yasb\src\core\widgets\services\notifications\windows_notification.py", line 101 in run

Thread 0x000037ec [KomorebiEventListener] (most recent call first):
  File "C:\hostedtoolcache\windows\Python\3.14.4\x64\Lib\threading.py", line 373 in wait
  File "C:\hostedtoolcache\windows\Python\3.14.4\x64\Lib\threading.py", line 670 in wait
  File "D:\a\yasb\yasb\src\core\widgets\services\komorebi\event_listener.py", line 75 in run

Thread 0x00003f10 [HotkeyListener] (most recent call first):
  File "D:\a\yasb\yasb\src\core\utils\win32\hotkeys.py", line 252 in run

Thread 0x0000302c [Thread-8] (most recent call first):
  File "C:\hostedtoolcache\windows\Python\3.14.4\x64\Lib\threading.py", line 369 in wait
  File "C:\hostedtoolcache\windows\Python\3.14.4\x64\Lib\queue.py", line 199 in get
  File "D:\a\yasb\yasb\venv\Lib\site-packages\watchdog\observers\api.py", line 379 in dispatch_events
  File "D:\a\yasb\yasb\venv\Lib\site-packages\watchdog\observers\api.py", line 213 in run
  File "C:\hostedtoolcache\windows\Python\3.14.4\x64\Lib\threading.py", line 1082 in _bootstrap_inner
  File "C:\hostedtoolcache\windows\Python\3.14.4\x64\Lib\threading.py", line 1044 in _bootstrap

Thread 0x000037f4 [Thread-9] (most recent call first):
  File "D:\a\yasb\yasb\venv\Lib\site-packages\watchdog\observers\winapi.py", line 326 in read_directory_changes
  File "D:\a\yasb\yasb\venv\Lib\site-packages\watchdog\observers\winapi.py", line 380 in read_events
  File "D:\a\yasb\yasb\venv\Lib\site-packages\watchdog\observers\read_directory_changes.py", line 67 in _read_events
  File "D:\a\yasb\yasb\venv\Lib\site-packages\watchdog\observers\read_directory_changes.py", line 70 in queue_events
  File "D:\a\yasb\yasb\venv\Lib\site-packages\watchdog\observers\api.py", line 158 in run
  File "C:\hostedtoolcache\windows\Python\3.14.4\x64\Lib\threading.py", line 1082 in _bootstrap_inner
  File "C:\hostedtoolcache\windows\Python\3.14.4\x64\Lib\threading.py", line 1044 in _bootstrap

Thread 0x00003624 [WiFiWorker] (most recent call first):
  File "D:\a\yasb\yasb\src\core\widgets\services\wifi\wifi_managers.py", line 151 in run

Thread 0x00000c14 [MemoryWorker] (most recent call first):
  File "D:\a\yasb\yasb\src\core\widgets\services\memory\memory_api.py", line 244 in run

Thread 0x00003e90 [CpuWorker] (most recent call first):
  File "D:\a\yasb\yasb\src\core\widgets\services\cpu\cpu_api.py", line 318 in run

Thread 0x00003fe8 [QueryWorker] (most recent call first):
  File "D:\a\yasb\yasb\src\core\widgets\services\quick_launch\workers.py", line 61 in run

Thread 0x00003ef4 [_EventWorker] (most recent call first):
  File "D:\a\yasb\yasb\venv\Lib\site-packages\qasync\_windows.py", line 147 in _poll
  File "D:\a\yasb\yasb\venv\Lib\site-packages\qasync\_windows.py", line 72 in select
  File "D:\a\yasb\yasb\venv\Lib\site-packages\qasync\_windows.py", line 199 in run

Thread 0x00003ed4 [LogPipeServer] (most recent call first):
  File "D:\a\yasb\yasb\src\core\utils\win32\bindings\kernel32.py", line 288 in ConnectNamedPipe
  File "D:\a\yasb\yasb\src\core\utils\cli_server.py", line 138 in _run_server
  File "C:\hostedtoolcache\windows\Python\3.14.4\x64\Lib\threading.py", line 1024 in run
  File "C:\hostedtoolcache\windows\Python\3.14.4\x64\Lib\threading.py", line 1082 in _bootstrap_inner
  File "C:\hostedtoolcache\windows\Python\3.14.4\x64\Lib\threading.py", line 1044 in _bootstrap

Thread 0x00003ed0 [CLIPipeServer] (most recent call first):
  File "D:\a\yasb\yasb\src\core\utils\win32\bindings\kernel32.py", line 288 in ConnectNamedPipe
  File "D:\a\yasb\yasb\src\core\utils\cli_server.py", line 235 in _run_server
  File "C:\hostedtoolcache\windows\Python\3.14.4\x64\Lib\threading.py", line 1024 in run
  File "C:\hostedtoolcache\windows\Python\3.14.4\x64\Lib\threading.py", line 1082 in _bootstrap_inner
  File "C:\hostedtoolcache\windows\Python\3.14.4\x64\Lib\threading.py", line 1044 in _bootstrap

Thread 0x00003e50 (most recent call first):
  File "D:\a\yasb\yasb\venv\Lib\site-packages\qasync\__init__.py", line 404 in run_forever
  File "D:\a\yasb\yasb\venv\Lib\site-packages\qasync\__init__.py", line 428 in run_until_complete
  File "main.py", line 98 in main
  File "main.py", line 188 in <module>
  File "D:\a\yasb\yasb\venv\Lib\site-packages\freeze_core\initscripts\console.py", line 27 in run
  File "D:\a\yasb\yasb\venv\Lib\site-packages\freeze_core\initscripts\__startup__.py", line 137 in run

Current thread's C stack trace (most recent call first):
  <cannot get C stack on this system>
Windows fatal exception: code 0x80010108

Thread 0x00003dd0 [SystrayMonitor] (most recent call first):
  File "D:\a\yasb\yasb\src\core\widgets\services\systray\utils.py", line 145 in start_message_loop
  File "D:\a\yasb\yasb\src\core\widgets\services\systray\systray_monitor.py", line 99 in run
  File "D:\a\yasb\yasb\src\core\widgets\yasb\systray.py", line 65 in run

Thread 0x00000864 [asyncio_0] (most recent call first):
  File "C:\hostedtoolcache\windows\Python\3.14.4\x64\Lib\threading.py", line 373 in wait
  File "C:\hostedtoolcache\windows\Python\3.14.4\x64\Lib\threading.py", line 670 in wait
  File "C:\hostedtoolcache\windows\Python\3.14.4\x64\Lib\concurrent\futures\thread.py", line 73 in run
  File "C:\hostedtoolcache\windows\Python\3.14.4\x64\Lib\concurrent\futures\thread.py", line 86 in run
  File "C:\hostedtoolcache\windows\Python\3.14.4\x64\Lib\concurrent\futures\thread.py", line 119 in _worker
  File "C:\hostedtoolcache\windows\Python\3.14.4\x64\Lib\threading.py", line 1024 in run
  File "C:\hostedtoolcache\windows\Python\3.14.4\x64\Lib\threading.py", line 1082 in _bootstrap_inner
  File "C:\hostedtoolcache\windows\Python\3.14.4\x64\Lib\threading.py", line 1044 in _bootstrap

Thread 0x00002270 [WindowsNotificationEventListener] (most recent call first):
  File "C:\hostedtoolcache\windows\Python\3.14.4\x64\Lib\asyncio\windows_events.py", line 775 in _poll
  File "C:\hostedtoolcache\windows\Python\3.14.4\x64\Lib\asyncio\windows_events.py", line 446 in select
  File "C:\hostedtoolcache\windows\Python\3.14.4\x64\Lib\asyncio\base_events.py", line 2019 in _run_once
  File "C:\hostedtoolcache\windows\Python\3.14.4\x64\Lib\asyncio\base_events.py", line 677 in run_forever
  File "C:\hostedtoolcache\windows\Python\3.14.4\x64\Lib\asyncio\base_events.py", line 706 in run_until_complete
  File "D:\a\yasb\yasb\src\core\widgets\services\notifications\windows_notification.py", line 101 in run

Thread 0x000037ec [KomorebiEventListener] (most recent call first):
  File "C:\hostedtoolcache\windows\Python\3.14.4\x64\Lib\threading.py", line 373 in wait
  File "C:\hostedtoolcache\windows\Python\3.14.4\x64\Lib\threading.py", line 670 in wait
  File "D:\a\yasb\yasb\src\core\widgets\services\komorebi\event_listener.py", line 75 in run

Thread 0x00003f10 [HotkeyListener] (most recent call first):
  File "D:\a\yasb\yasb\src\core\utils\win32\hotkeys.py", line 252 in run

Thread 0x0000302c [Thread-8] (most recent call first):
  File "C:\hostedtoolcache\windows\Python\3.14.4\x64\Lib\threading.py", line 369 in wait
  File "C:\hostedtoolcache\windows\Python\3.14.4\x64\Lib\queue.py", line 199 in get
  File "D:\a\yasb\yasb\venv\Lib\site-packages\watchdog\observers\api.py", line 379 in dispatch_events
  File "D:\a\yasb\yasb\venv\Lib\site-packages\watchdog\observers\api.py", line 213 in run
  File "C:\hostedtoolcache\windows\Python\3.14.4\x64\Lib\threading.py", line 1082 in _bootstrap_inner
  File "C:\hostedtoolcache\windows\Python\3.14.4\x64\Lib\threading.py", line 1044 in _bootstrap

Thread 0x000037f4 [Thread-9] (most recent call first):
  File "D:\a\yasb\yasb\venv\Lib\site-packages\watchdog\observers\winapi.py", line 326 in read_directory_changes
  File "D:\a\yasb\yasb\venv\Lib\site-packages\watchdog\observers\winapi.py", line 380 in read_events
  File "D:\a\yasb\yasb\venv\Lib\site-packages\watchdog\observers\read_directory_changes.py", line 67 in _read_events
  File "D:\a\yasb\yasb\venv\Lib\site-packages\watchdog\observers\read_directory_changes.py", line 70 in queue_events
  File "D:\a\yasb\yasb\venv\Lib\site-packages\watchdog\observers\api.py", line 158 in run
  File "C:\hostedtoolcache\windows\Python\3.14.4\x64\Lib\threading.py", line 1082 in _bootstrap_inner
  File "C:\hostedtoolcache\windows\Python\3.14.4\x64\Lib\threading.py", line 1044 in _bootstrap

Thread 0x00003624 [WiFiWorker] (most recent call first):
  File "D:\a\yasb\yasb\src\core\widgets\services\wifi\wifi_managers.py", line 151 in run

Thread 0x00000c14 [MemoryWorker] (most recent call first):
  File "D:\a\yasb\yasb\src\core\widgets\services\memory\memory_api.py", line 244 in run

Thread 0x00003e90 [CpuWorker] (most recent call first):
  File "D:\a\yasb\yasb\src\core\widgets\services\cpu\cpu_api.py", line 318 in run

Thread 0x00003fe8 [QueryWorker] (most recent call first):
  File "D:\a\yasb\yasb\src\core\widgets\services\quick_launch\workers.py", line 61 in run

Thread 0x00003ef4 [_EventWorker] (most recent call first):
  File "D:\a\yasb\yasb\venv\Lib\site-packages\qasync\_windows.py", line 147 in _poll
  File "D:\a\yasb\yasb\venv\Lib\site-packages\qasync\_windows.py", line 72 in select
  File "D:\a\yasb\yasb\venv\Lib\site-packages\qasync\_windows.py", line 199 in run

Thread 0x00003ed4 [LogPipeServer] (most recent call first):
  File "D:\a\yasb\yasb\src\core\utils\win32\bindings\kernel32.py", line 288 in ConnectNamedPipe
  File "D:\a\yasb\yasb\src\core\utils\cli_server.py", line 138 in _run_server
  File "C:\hostedtoolcache\windows\Python\3.14.4\x64\Lib\threading.py", line 1024 in run
  File "C:\hostedtoolcache\windows\Python\3.14.4\x64\Lib\threading.py", line 1082 in _bootstrap_inner
  File "C:\hostedtoolcache\windows\Python\3.14.4\x64\Lib\threading.py", line 1044 in _bootstrap

Thread 0x00003ed0 [CLIPipeServer] (most recent call first):
  File "D:\a\yasb\yasb\src\core\utils\win32\bindings\kernel32.py", line 288 in ConnectNamedPipe
  File "D:\a\yasb\yasb\src\core\utils\cli_server.py", line 235 in _run_server
  File "C:\hostedtoolcache\windows\Python\3.14.4\x64\Lib\threading.py", line 1024 in run
  File "C:\hostedtoolcache\windows\Python\3.14.4\x64\Lib\threading.py", line 1082 in _bootstrap_inner
  File "C:\hostedtoolcache\windows\Python\3.14.4\x64\Lib\threading.py", line 1044 in _bootstrap

Thread 0x00003e50 (most recent call first):
  File "D:\a\yasb\yasb\venv\Lib\site-packages\qasync\__init__.py", line 404 in run_forever
  File "D:\a\yasb\yasb\venv\Lib\site-packages\qasync\__init__.py", line 428 in run_until_complete
  File "main.py", line 98 in main
  File "main.py", line 188 in <module>
  File "D:\a\yasb\yasb\venv\Lib\site-packages\freeze_core\initscripts\console.py", line 27 in run
  File "D:\a\yasb\yasb\venv\Lib\site-packages\freeze_core\initscripts\__startup__.py", line 137 in run

Current thread's C stack trace (most recent call first):
  <cannot get C stack on this system>
2026-07-07 13:47:33,684 [INFO] [MainThread] [root/api.py:69]: Fetching new weather data at 2026-07-07 13:47:33.684188
2026-07-07 13:57:33,651 [INFO] [MainThread] [root/api.py:69]: Fetching new weather data at 2026-07-07 13:57:33.651166
2026-07-07 14:07:33,687 [INFO] [MainThread] [root/api.py:69]: Fetching new weather data at 2026-07-07 14:07:33.687155
2026-07-07 14:17:33,674 [INFO] [MainThread] [root/api.py:69]: Fetching new weather data at 2026-07-07 14:17:33.674215
2026-07-07 14:27:33,658 [INFO] [MainThread] [root/api.py:69]: Fetching new weather data at 2026-07-07 14:27:33.658883
2026-07-07 14:37:33,700 [INFO] [MainThread] [root/api.py:69]: Fetching new weather data at 2026-07-07 14:37:33.699964
2026-07-07 14:47:33,653 [INFO] [MainThread] [root/api.py:69]: Fetching new weather data at 2026-07-07 14:47:33.653376
2026-07-07 14:57:33,660 [INFO] [MainThread] [root/api.py:69]: Fetching new weather data at 2026-07-07 14:57:33.660613
2026-07-07 15:07:33,701 [INFO] [MainThread] [root/api.py:69]: Fetching new weather data at 2026-07-07 15:07:33.701144
2026-07-07 15:17:33,650 [INFO] [MainThread] [root/api.py:69]: Fetching new weather data at 2026-07-07 15:17:33.649861
2026-07-07 15:27:33,662 [INFO] [MainThread] [root/api.py:69]: Fetching new weather data at 2026-07-07 15:27:33.662859
2026-07-07 15:37:33,666 [INFO] [MainThread] [root/api.py:69]: Fetching new weather data at 2026-07-07 15:37:33.666846
2026-07-07 15:47:33,682 [INFO] [MainThread] [root/api.py:69]: Fetching new weather data at 2026-07-07 15:47:33.682251
2026-07-07 15:57:33,670 [INFO] [MainThread] [root/api.py:69]: Fetching new weather data at 2026-07-07 15:57:33.670884
2026-07-07 16:07:33,659 [INFO] [MainThread] [root/api.py:69]: Fetching new weather data at 2026-07-07 16:07:33.659415
2026-07-07 16:17:33,663 [INFO] [MainThread] [root/api.py:69]: Fetching new weather data at 2026-07-07 16:17:33.662967
2026-07-07 16:27:33,669 [INFO] [MainThread] [root/api.py:69]: Fetching new weather data at 2026-07-07 16:27:33.668756
2026-07-07 16:37:33,642 [INFO] [MainThread] [root/api.py:69]: Fetching new weather data at 2026-07-07 16:37:33.642644
2026-07-07 16:47:33,653 [INFO] [MainThread] [root/api.py:69]: Fetching new weather data at 2026-07-07 16:47:33.653311
2026-07-07 16:57:33,670 [INFO] [MainThread] [root/api.py:69]: Fetching new weather data at 2026-07-07 16:57:33.670154
2026-07-07 17:07:33,657 [INFO] [MainThread] [root/api.py:69]: Fetching new weather data at 2026-07-07 17:07:33.657476
2026-07-07 17:17:33,666 [INFO] [MainThread] [root/api.py:69]: Fetching new weather data at 2026-07-07 17:17:33.666241
2026-07-07 17:27:33,678 [INFO] [MainThread] [root/api.py:69]: Fetching new weather data at 2026-07-07 17:27:33.678040
2026-07-07 17:37:33,675 [INFO] [MainThread] [root/api.py:69]: Fetching new weather data at 2026-07-07 17:37:33.675433
2026-07-07 17:47:33,666 [INFO] [MainThread] [root/api.py:69]: Fetching new weather data at 2026-07-07 17:47:33.666619
2026-07-07 19:39:09,531 [INFO] [MainThread] [root/api.py:69]: Fetching new weather data at 2026-07-07 19:39:09.531928
2026-07-07 19:49:09,641 [INFO] [MainThread] [root/api.py:69]: Fetching new weather data at 2026-07-07 19:49:09.641820
2026-07-07 19:59:09,524 [INFO] [MainThread] [root/api.py:69]: Fetching new weather data at 2026-07-07 19:59:09.524310
2026-07-07 20:09:09,517 [INFO] [MainThread] [root/api.py:69]: Fetching new weather data at 2026-07-07 20:09:09.516952
2026-07-07 20:19:09,552 [INFO] [MainThread] [root/api.py:69]: Fetching new weather data at 2026-07-07 20:19:09.552388
2026-07-07 20:29:09,563 [INFO] [MainThread] [root/api.py:69]: Fetching new weather data at 2026-07-07 20:29:09.563931
2026-07-07 20:39:09,521 [INFO] [MainThread] [root/api.py:69]: Fetching new weather data at 2026-07-07 20:39:09.521900
2026-07-07 20:41:44,506 [INFO] [MainThread] [root/service.py:212]: Quick Launch rebuilding app list after install/uninstall detected
2026-07-07 20:49:09,541 [INFO] [MainThread] [root/api.py:69]: Fetching new weather data at 2026-07-07 20:49:09.541119
2026-07-07 20:59:09,539 [INFO] [MainThread] [root/api.py:69]: Fetching new weather data at 2026-07-07 20:59:09.539604
2026-07-07 21:09:09,530 [INFO] [MainThread] [root/api.py:69]: Fetching new weather data at 2026-07-07 21:09:09.530235
2026-07-07 21:19:09,533 [INFO] [MainThread] [root/api.py:69]: Fetching new weather data at 2026-07-07 21:19:09.533278
2026-07-07 21:29:09,583 [INFO] [MainThread] [root/api.py:69]: Fetching new weather data at 2026-07-07 21:29:09.583392
2026-07-07 21:39:09,544 [INFO] [MainThread] [root/api.py:69]: Fetching new weather data at 2026-07-07 21:39:09.544300
2026-07-07 21:49:09,509 [INFO] [MainThread] [root/api.py:69]: Fetching new weather data at 2026-07-07 21:49:09.509754
2026-07-07 21:59:09,572 [INFO] [MainThread] [root/api.py:69]: Fetching new weather data at 2026-07-07 21:59:09.572617
2026-07-07 22:01:38,670 [INFO] [MainThread] [root/service.py:212]: Quick Launch rebuilding app list after install/uninstall detected
2026-07-07 22:09:09,541 [INFO] [MainThread] [root/api.py:69]: Fetching new weather data at 2026-07-07 22:09:09.541186
Windows fatal exception: code 0x80010108

Thread 0x00003dd0 [SystrayMonitor] (most recent call first):
  File "D:\a\yasb\yasb\src\core\widgets\services\systray\utils.py", line 145 in start_message_loop
  File "D:\a\yasb\yasb\src\core\widgets\services\systray\systray_monitor.py", line 99 in run
  File "D:\a\yasb\yasb\src\core\widgets\yasb\systray.py", line 65 in run

Thread 0x00000864 [asyncio_0] (most recent call first):
  File "C:\hostedtoolcache\windows\Python\3.14.4\x64\Lib\threading.py", line 373 in wait
  File "C:\hostedtoolcache\windows\Python\3.14.4\x64\Lib\threading.py", line 670 in wait
  File "C:\hostedtoolcache\windows\Python\3.14.4\x64\Lib\concurrent\futures\thread.py", line 73 in run
  File "C:\hostedtoolcache\windows\Python\3.14.4\x64\Lib\concurrent\futures\thread.py", line 86 in run
  File "C:\hostedtoolcache\windows\Python\3.14.4\x64\Lib\concurrent\futures\thread.py", line 119 in _worker
  File "C:\hostedtoolcache\windows\Python\3.14.4\x64\Lib\threading.py", line 1024 in run
  File "C:\hostedtoolcache\windows\Python\3.14.4\x64\Lib\threading.py", line 1082 in _bootstrap_inner
  File "C:\hostedtoolcache\windows\Python\3.14.4\x64\Lib\threading.py", line 1044 in _bootstrap

Thread 0x00002270 [WindowsNotificationEventListener] (most recent call first):
  File "C:\hostedtoolcache\windows\Python\3.14.4\x64\Lib\asyncio\windows_events.py", line 775 in _poll
  File "C:\hostedtoolcache\windows\Python\3.14.4\x64\Lib\asyncio\windows_events.py", line 446 in select
  File "C:\hostedtoolcache\windows\Python\3.14.4\x64\Lib\asyncio\base_events.py", line 2019 in _run_once
  File "C:\hostedtoolcache\windows\Python\3.14.4\x64\Lib\asyncio\base_events.py", line 677 in run_forever
  File "C:\hostedtoolcache\windows\Python\3.14.4\x64\Lib\asyncio\base_events.py", line 706 in run_until_complete
  File "D:\a\yasb\yasb\src\core\widgets\services\notifications\windows_notification.py", line 101 in run

Thread 0x000037ec [KomorebiEventListener] (most recent call first):
  File "C:\hostedtoolcache\windows\Python\3.14.4\x64\Lib\threading.py", line 373 in wait
  File "C:\hostedtoolcache\windows\Python\3.14.4\x64\Lib\threading.py", line 670 in wait
  File "D:\a\yasb\yasb\src\core\widgets\services\komorebi\event_listener.py", line 75 in run

Thread 0x00003f10 [HotkeyListener] (most recent call first):
  File "D:\a\yasb\yasb\src\core\utils\win32\hotkeys.py", line 252 in run

Thread 0x0000302c [Thread-8] (most recent call first):
  File "C:\hostedtoolcache\windows\Python\3.14.4\x64\Lib\threading.py", line 369 in wait
  File "C:\hostedtoolcache\windows\Python\3.14.4\x64\Lib\queue.py", line 199 in get
  File "D:\a\yasb\yasb\venv\Lib\site-packages\watchdog\observers\api.py", line 379 in dispatch_events
  File "D:\a\yasb\yasb\venv\Lib\site-packages\watchdog\observers\api.py", line 213 in run
  File "C:\hostedtoolcache\windows\Python\3.14.4\x64\Lib\threading.py", line 1082 in _bootstrap_inner
  File "C:\hostedtoolcache\windows\Python\3.14.4\x64\Lib\threading.py", line 1044 in _bootstrap

Thread 0x000037f4 [Thread-9] (most recent call first):
  File "D:\a\yasb\yasb\venv\Lib\site-packages\watchdog\observers\winapi.py", line 326 in read_directory_changes
  File "D:\a\yasb\yasb\venv\Lib\site-packages\watchdog\observers\winapi.py", line 380 in read_events
  File "D:\a\yasb\yasb\venv\Lib\site-packages\watchdog\observers\read_directory_changes.py", line 67 in _read_events
  File "D:\a\yasb\yasb\venv\Lib\site-packages\watchdog\observers\read_directory_changes.py", line 70 in queue_events
  File "D:\a\yasb\yasb\venv\Lib\site-packages\watchdog\observers\api.py", line 158 in run
  File "C:\hostedtoolcache\windows\Python\3.14.4\x64\Lib\threading.py", line 1082 in _bootstrap_inner
  File "C:\hostedtoolcache\windows\Python\3.14.4\x64\Lib\threading.py", line 1044 in _bootstrap

Thread 0x00003624 [WiFiWorker] (most recent call first):
  File "D:\a\yasb\yasb\src\core\widgets\services\wifi\wifi_managers.py", line 151 in run

Thread 0x00000c14 [MemoryWorker] (most recent call first):
  File "D:\a\yasb\yasb\src\core\widgets\services\memory\memory_api.py", line 244 in run

Thread 0x00003e90 [CpuWorker] (most recent call first):
  File "D:\a\yasb\yasb\src\core\widgets\services\cpu\cpu_api.py", line 318 in run

Thread 0x00003fe8 [QueryWorker] (most recent call first):
  File "D:\a\yasb\yasb\src\core\widgets\services\quick_launch\workers.py", line 61 in run

Thread 0x00003ef4 [_EventWorker] (most recent call first):
  File "D:\a\yasb\yasb\venv\Lib\site-packages\qasync\_windows.py", line 147 in _poll
  File "D:\a\yasb\yasb\venv\Lib\site-packages\qasync\_windows.py", line 72 in select
  File "D:\a\yasb\yasb\venv\Lib\site-packages\qasync\_windows.py", line 199 in run

Thread 0x00003ed4 [LogPipeServer] (most recent call first):
  File "D:\a\yasb\yasb\src\core\utils\win32\bindings\kernel32.py", line 288 in ConnectNamedPipe
  File "D:\a\yasb\yasb\src\core\utils\cli_server.py", line 138 in _run_server
  File "C:\hostedtoolcache\windows\Python\3.14.4\x64\Lib\threading.py", line 1024 in run
  File "C:\hostedtoolcache\windows\Python\3.14.4\x64\Lib\threading.py", line 1082 in _bootstrap_inner
  File "C:\hostedtoolcache\windows\Python\3.14.4\x64\Lib\threading.py", line 1044 in _bootstrap

Thread 0x00003ed0 [CLIPipeServer] (most recent call first):
  File "D:\a\yasb\yasb\src\core\utils\win32\bindings\kernel32.py", line 288 in ConnectNamedPipe
  File "D:\a\yasb\yasb\src\core\utils\cli_server.py", line 235 in _run_server
  File "C:\hostedtoolcache\windows\Python\3.14.4\x64\Lib\threading.py", line 1024 in run
  File "C:\hostedtoolcache\windows\Python\3.14.4\x64\Lib\threading.py", line 1082 in _bootstrap_inner
  File "C:\hostedtoolcache\windows\Python\3.14.4\x64\Lib\threading.py", line 1044 in _bootstrap

Thread 0x00003e50 (most recent call first):
  File "D:\a\yasb\yasb\venv\Lib\site-packages\qasync\__init__.py", line 404 in run_forever
  File "D:\a\yasb\yasb\venv\Lib\site-packages\qasync\__init__.py", line 428 in run_until_complete
  File "main.py", line 98 in main
  File "main.py", line 188 in <module>
  File "D:\a\yasb\yasb\venv\Lib\site-packages\freeze_core\initscripts\console.py", line 27 in run
  File "D:\a\yasb\yasb\venv\Lib\site-packages\freeze_core\initscripts\__startup__.py", line 137 in run

Current thread's C stack trace (most recent call first):
  <cannot get C stack on this system>
Windows fatal exception: code 0x80010108

Thread 0x00003dd0 [SystrayMonitor] (most recent call first):
  File "D:\a\yasb\yasb\src\core\widgets\services\systray\utils.py", line 145 in start_message_loop
  File "D:\a\yasb\yasb\src\core\widgets\services\systray\systray_monitor.py", line 99 in run
  File "D:\a\yasb\yasb\src\core\widgets\yasb\systray.py", line 65 in run

Thread 0x00000864 [asyncio_0] (most recent call first):
  File "C:\hostedtoolcache\windows\Python\3.14.4\x64\Lib\threading.py", line 373 in wait
  File "C:\hostedtoolcache\windows\Python\3.14.4\x64\Lib\threading.py", line 670 in wait
  File "C:\hostedtoolcache\windows\Python\3.14.4\x64\Lib\concurrent\futures\thread.py", line 73 in run
  File "C:\hostedtoolcache\windows\Python\3.14.4\x64\Lib\concurrent\futures\thread.py", line 86 in run
  File "C:\hostedtoolcache\windows\Python\3.14.4\x64\Lib\concurrent\futures\thread.py", line 119 in _worker
  File "C:\hostedtoolcache\windows\Python\3.14.4\x64\Lib\threading.py", line 1024 in run
  File "C:\hostedtoolcache\windows\Python\3.14.4\x64\Lib\threading.py", line 1082 in _bootstrap_inner
  File "C:\hostedtoolcache\windows\Python\3.14.4\x64\Lib\threading.py", line 1044 in _bootstrap

Thread 0x00002270 [WindowsNotificationEventListener] (most recent call first):
  File "C:\hostedtoolcache\windows\Python\3.14.4\x64\Lib\asyncio\windows_events.py", line 775 in _poll
  File "C:\hostedtoolcache\windows\Python\3.14.4\x64\Lib\asyncio\windows_events.py", line 446 in select
  File "C:\hostedtoolcache\windows\Python\3.14.4\x64\Lib\asyncio\base_events.py", line 2019 in _run_once
  File "C:\hostedtoolcache\windows\Python\3.14.4\x64\Lib\asyncio\base_events.py", line 677 in run_forever
  File "C:\hostedtoolcache\windows\Python\3.14.4\x64\Lib\asyncio\base_events.py", line 706 in run_until_complete
  File "D:\a\yasb\yasb\src\core\widgets\services\notifications\windows_notification.py", line 101 in run

Thread 0x000037ec [KomorebiEventListener] (most recent call first):
  File "C:\hostedtoolcache\windows\Python\3.14.4\x64\Lib\threading.py", line 373 in wait
  File "C:\hostedtoolcache\windows\Python\3.14.4\x64\Lib\threading.py", line 670 in wait
  File "D:\a\yasb\yasb\src\core\widgets\services\komorebi\event_listener.py", line 75 in run

Thread 0x00003f10 [HotkeyListener] (most recent call first):
  File "D:\a\yasb\yasb\src\core\utils\win32\hotkeys.py", line 252 in run

Thread 0x0000302c [Thread-8] (most recent call first):
  File "C:\hostedtoolcache\windows\Python\3.14.4\x64\Lib\threading.py", line 369 in wait
  File "C:\hostedtoolcache\windows\Python\3.14.4\x64\Lib\queue.py", line 199 in get
  File "D:\a\yasb\yasb\venv\Lib\site-packages\watchdog\observers\api.py", line 379 in dispatch_events
  File "D:\a\yasb\yasb\venv\Lib\site-packages\watchdog\observers\api.py", line 213 in run
  File "C:\hostedtoolcache\windows\Python\3.14.4\x64\Lib\threading.py", line 1082 in _bootstrap_inner
  File "C:\hostedtoolcache\windows\Python\3.14.4\x64\Lib\threading.py", line 1044 in _bootstrap

Thread 0x000037f4 [Thread-9] (most recent call first):
  File "D:\a\yasb\yasb\venv\Lib\site-packages\watchdog\observers\winapi.py", line 326 in read_directory_changes
  File "D:\a\yasb\yasb\venv\Lib\site-packages\watchdog\observers\winapi.py", line 380 in read_events
  File "D:\a\yasb\yasb\venv\Lib\site-packages\watchdog\observers\read_directory_changes.py", line 67 in _read_events
  File "D:\a\yasb\yasb\venv\Lib\site-packages\watchdog\observers\read_directory_changes.py", line 70 in queue_events
  File "D:\a\yasb\yasb\venv\Lib\site-packages\watchdog\observers\api.py", line 158 in run
  File "C:\hostedtoolcache\windows\Python\3.14.4\x64\Lib\threading.py", line 1082 in _bootstrap_inner
  File "C:\hostedtoolcache\windows\Python\3.14.4\x64\Lib\threading.py", line 1044 in _bootstrap

Thread 0x00003624 [WiFiWorker] (most recent call first):
  File "D:\a\yasb\yasb\src\core\widgets\services\wifi\wifi_managers.py", line 151 in run

Thread 0x00000c14 [MemoryWorker] (most recent call first):
  File "D:\a\yasb\yasb\src\core\widgets\services\memory\memory_api.py", line 244 in run

Thread 0x00003e90 [CpuWorker] (most recent call first):
  File "D:\a\yasb\yasb\src\core\widgets\services\cpu\cpu_api.py", line 318 in run

Thread 0x00003fe8 [QueryWorker] (most recent call first):
  File "D:\a\yasb\yasb\src\core\widgets\services\quick_launch\workers.py", line 61 in run

Thread 0x00003ef4 [_EventWorker] (most recent call first):
  File "D:\a\yasb\yasb\venv\Lib\site-packages\qasync\_windows.py", line 147 in _poll
  File "D:\a\yasb\yasb\venv\Lib\site-packages\qasync\_windows.py", line 72 in select
  File "D:\a\yasb\yasb\venv\Lib\site-packages\qasync\_windows.py", line 199 in run

Thread 0x00003ed4 [LogPipeServer] (most recent call first):
  File "D:\a\yasb\yasb\src\core\utils\win32\bindings\kernel32.py", line 288 in ConnectNamedPipe
  File "D:\a\yasb\yasb\src\core\utils\cli_server.py", line 138 in _run_server
  File "C:\hostedtoolcache\windows\Python\3.14.4\x64\Lib\threading.py", line 1024 in run
  File "C:\hostedtoolcache\windows\Python\3.14.4\x64\Lib\threading.py", line 1082 in _bootstrap_inner
  File "C:\hostedtoolcache\windows\Python\3.14.4\x64\Lib\threading.py", line 1044 in _bootstrap

Thread 0x00003ed0 [CLIPipeServer] (most recent call first):
  File "D:\a\yasb\yasb\src\core\utils\win32\bindings\kernel32.py", line 288 in ConnectNamedPipe
  File "D:\a\yasb\yasb\src\core\utils\cli_server.py", line 235 in _run_server
  File "C:\hostedtoolcache\windows\Python\3.14.4\x64\Lib\threading.py", line 1024 in run
  File "C:\hostedtoolcache\windows\Python\3.14.4\x64\Lib\threading.py", line 1082 in _bootstrap_inner
  File "C:\hostedtoolcache\windows\Python\3.14.4\x64\Lib\threading.py", line 1044 in _bootstrap

Thread 0x00003e50 (most recent call first):
  File "D:\a\yasb\yasb\venv\Lib\site-packages\qasync\__init__.py", line 404 in run_forever
  File "D:\a\yasb\yasb\venv\Lib\site-packages\qasync\__init__.py", line 428 in run_until_complete
  File "main.py", line 98 in main
  File "main.py", line 188 in <module>
  File "D:\a\yasb\yasb\venv\Lib\site-packages\freeze_core\initscripts\console.py", line 27 in run
  File "D:\a\yasb\yasb\venv\Lib\site-packages\freeze_core\initscripts\__startup__.py", line 137 in run

Current thread's C stack trace (most recent call first):
  <cannot get C stack on this system>
Windows fatal exception: code 0x80010108

Thread 0x00003dd0 [SystrayMonitor] (most recent call first):
  File "D:\a\yasb\yasb\src\core\widgets\services\systray\utils.py", line 145 in start_message_loop
  File "D:\a\yasb\yasb\src\core\widgets\services\systray\systray_monitor.py", line 99 in run
  File "D:\a\yasb\yasb\src\core\widgets\yasb\systray.py", line 65 in run

Thread 0x00000864 [asyncio_0] (most recent call first):
  File "C:\hostedtoolcache\windows\Python\3.14.4\x64\Lib\threading.py", line 373 in wait
  File "C:\hostedtoolcache\windows\Python\3.14.4\x64\Lib\threading.py", line 670 in wait
  File "C:\hostedtoolcache\windows\Python\3.14.4\x64\Lib\concurrent\futures\thread.py", line 73 in run
  File "C:\hostedtoolcache\windows\Python\3.14.4\x64\Lib\concurrent\futures\thread.py", line 86 in run
  File "C:\hostedtoolcache\windows\Python\3.14.4\x64\Lib\concurrent\futures\thread.py", line 119 in _worker
  File "C:\hostedtoolcache\windows\Python\3.14.4\x64\Lib\threading.py", line 1024 in run
  File "C:\hostedtoolcache\windows\Python\3.14.4\x64\Lib\threading.py", line 1082 in _bootstrap_inner
  File "C:\hostedtoolcache\windows\Python\3.14.4\x64\Lib\threading.py", line 1044 in _bootstrap

Thread 0x00002270 [WindowsNotificationEventListener] (most recent call first):
  File "C:\hostedtoolcache\windows\Python\3.14.4\x64\Lib\asyncio\windows_events.py", line 775 in _poll
  File "C:\hostedtoolcache\windows\Python\3.14.4\x64\Lib\asyncio\windows_events.py", line 446 in select
  File "C:\hostedtoolcache\windows\Python\3.14.4\x64\Lib\asyncio\base_events.py", line 2019 in _run_once
  File "C:\hostedtoolcache\windows\Python\3.14.4\x64\Lib\asyncio\base_events.py", line 677 in run_forever
  File "C:\hostedtoolcache\windows\Python\3.14.4\x64\Lib\asyncio\base_events.py", line 706 in run_until_complete
  File "D:\a\yasb\yasb\src\core\widgets\services\notifications\windows_notification.py", line 101 in run

Thread 0x000037ec [KomorebiEventListener] (most recent call first):
  File "C:\hostedtoolcache\windows\Python\3.14.4\x64\Lib\threading.py", line 373 in wait
  File "C:\hostedtoolcache\windows\Python\3.14.4\x64\Lib\threading.py", line 670 in wait
  File "D:\a\yasb\yasb\src\core\widgets\services\komorebi\event_listener.py", line 75 in run

Thread 0x00003f10 [HotkeyListener] (most recent call first):
  File "D:\a\yasb\yasb\src\core\utils\win32\hotkeys.py", line 252 in run

Thread 0x0000302c [Thread-8] (most recent call first):
  File "C:\hostedtoolcache\windows\Python\3.14.4\x64\Lib\threading.py", line 369 in wait
  File "C:\hostedtoolcache\windows\Python\3.14.4\x64\Lib\queue.py", line 199 in get
  File "D:\a\yasb\yasb\venv\Lib\site-packages\watchdog\observers\api.py", line 379 in dispatch_events
  File "D:\a\yasb\yasb\venv\Lib\site-packages\watchdog\observers\api.py", line 213 in run
  File "C:\hostedtoolcache\windows\Python\3.14.4\x64\Lib\threading.py", line 1082 in _bootstrap_inner
  File "C:\hostedtoolcache\windows\Python\3.14.4\x64\Lib\threading.py", line 1044 in _bootstrap

Thread 0x000037f4 [Thread-9] (most recent call first):
  File "D:\a\yasb\yasb\venv\Lib\site-packages\watchdog\observers\winapi.py", line 326 in read_directory_changes
  File "D:\a\yasb\yasb\venv\Lib\site-packages\watchdog\observers\winapi.py", line 380 in read_events
  File "D:\a\yasb\yasb\venv\Lib\site-packages\watchdog\observers\read_directory_changes.py", line 67 in _read_events
  File "D:\a\yasb\yasb\venv\Lib\site-packages\watchdog\observers\read_directory_changes.py", line 70 in queue_events
  File "D:\a\yasb\yasb\venv\Lib\site-packages\watchdog\observers\api.py", line 158 in run
  File "C:\hostedtoolcache\windows\Python\3.14.4\x64\Lib\threading.py", line 1082 in _bootstrap_inner
  File "C:\hostedtoolcache\windows\Python\3.14.4\x64\Lib\threading.py", line 1044 in _bootstrap

Thread 0x00003624 [WiFiWorker] (most recent call first):
  File "D:\a\yasb\yasb\src\core\widgets\services\wifi\wifi_managers.py", line 151 in run

Thread 0x00000c14 [MemoryWorker] (most recent call first):
  File "D:\a\yasb\yasb\src\core\widgets\services\memory\memory_api.py", line 244 in run

Thread 0x00003e90 [CpuWorker] (most recent call first):
  File "D:\a\yasb\yasb\src\core\widgets\services\cpu\cpu_api.py", line 318 in run

Thread 0x00003fe8 [QueryWorker] (most recent call first):
  File "D:\a\yasb\yasb\src\core\widgets\services\quick_launch\workers.py", line 61 in run

Thread 0x00003ef4 [_EventWorker] (most recent call first):
  File "D:\a\yasb\yasb\venv\Lib\site-packages\qasync\_windows.py", line 147 in _poll
  File "D:\a\yasb\yasb\venv\Lib\site-packages\qasync\_windows.py", line 72 in select
  File "D:\a\yasb\yasb\venv\Lib\site-packages\qasync\_windows.py", line 199 in run

Thread 0x00003ed4 [LogPipeServer] (most recent call first):
  File "D:\a\yasb\yasb\src\core\utils\win32\bindings\kernel32.py", line 288 in ConnectNamedPipe
  File "D:\a\yasb\yasb\src\core\utils\cli_server.py", line 138 in _run_server
  File "C:\hostedtoolcache\windows\Python\3.14.4\x64\Lib\threading.py", line 1024 in run
  File "C:\hostedtoolcache\windows\Python\3.14.4\x64\Lib\threading.py", line 1082 in _bootstrap_inner
  File "C:\hostedtoolcache\windows\Python\3.14.4\x64\Lib\threading.py", line 1044 in _bootstrap

Thread 0x00003ed0 [CLIPipeServer] (most recent call first):
  File "D:\a\yasb\yasb\src\core\utils\win32\bindings\kernel32.py", line 288 in ConnectNamedPipe
  File "D:\a\yasb\yasb\src\core\utils\cli_server.py", line 235 in _run_server
  File "C:\hostedtoolcache\windows\Python\3.14.4\x64\Lib\threading.py", line 1024 in run
  File "C:\hostedtoolcache\windows\Python\3.14.4\x64\Lib\threading.py", line 1082 in _bootstrap_inner
  File "C:\hostedtoolcache\windows\Python\3.14.4\x64\Lib\threading.py", line 1044 in _bootstrap

Thread 0x00003e50 (most recent call first):
  File "D:\a\yasb\yasb\venv\Lib\site-packages\qasync\__init__.py", line 404 in run_forever
  File "D:\a\yasb\yasb\venv\Lib\site-packages\qasync\__init__.py", line 428 in run_until_complete
  File "main.py", line 98 in main
  File "main.py", line 188 in <module>
  File "D:\a\yasb\yasb\venv\Lib\site-packages\freeze_core\initscripts\console.py", line 27 in run
  File "D:\a\yasb\yasb\venv\Lib\site-packages\freeze_core\initscripts\__startup__.py", line 137 in run

Current thread's C stack trace (most recent call first):
  <cannot get C stack on this system>
2026-07-07 22:19:09,529 [INFO] [MainThread] [root/api.py:69]: Fetching new weather data at 2026-07-07 22:19:09.529806
2026-07-07 22:29:09,535 [INFO] [MainThread] [root/api.py:69]: Fetching new weather data at 2026-07-07 22:29:09.535493
2026-07-07 22:39:12,419 [INFO] [MainThread] [root/api.py:69]: Fetching new weather data at 2026-07-07 22:39:12.419159
2026-07-07 22:49:09,532 [INFO] [MainThread] [root/api.py:69]: Fetching new weather data at 2026-07-07 22:49:09.532014
2026-07-07 22:59:09,535 [INFO] [MainThread] [root/api.py:69]: Fetching new weather data at 2026-07-07 22:59:09.535322
2026-07-07 23:09:09,530 [INFO] [MainThread] [root/api.py:69]: Fetching new weather data at 2026-07-07 23:09:09.530947
2026-07-07 23:19:09,522 [INFO] [MainThread] [root/api.py:69]: Fetching new weather data at 2026-07-07 23:19:09.522306
2026-07-07 23:29:09,534 [INFO] [MainThread] [root/api.py:69]: Fetching new weather data at 2026-07-07 23:29:09.534394
2026-07-07 23:39:09,536 [INFO] [MainThread] [root/api.py:69]: Fetching new weather data at 2026-07-07 23:39:09.536504
2026-07-07 23:49:09,527 [INFO] [MainThread] [root/api.py:69]: Fetching new weather data at 2026-07-07 23:49:09.527306
2026-07-07 23:59:09,605 [INFO] [MainThread] [root/api.py:69]: Fetching new weather data at 2026-07-07 23:59:09.605369
2026-07-08 00:09:09,521 [INFO] [MainThread] [root/api.py:69]: Fetching new weather data at 2026-07-08 00:09:09.521024
2026-07-08 00:19:09,543 [INFO] [MainThread] [root/api.py:69]: Fetching new weather data at 2026-07-08 00:19:09.543550
2026-07-08 00:29:09,537 [INFO] [MainThread] [root/api.py:69]: Fetching new weather data at 2026-07-08 00:29:09.537328
2026-07-08 00:39:09,521 [INFO] [MainThread] [root/api.py:69]: Fetching new weather data at 2026-07-08 00:39:09.521351
2026-07-08 00:49:09,526 [INFO] [MainThread] [root/api.py:69]: Fetching new weather data at 2026-07-08 00:49:09.526521
2026-07-08 00:59:09,585 [INFO] [MainThread] [root/api.py:69]: Fetching new weather data at 2026-07-08 00:59:09.585600
2026-07-08 01:09:09,515 [INFO] [MainThread] [root/api.py:69]: Fetching new weather data at 2026-07-08 01:09:09.515629
2026-07-08 01:19:09,552 [INFO] [MainThread] [root/api.py:69]: Fetching new weather data at 2026-07-08 01:19:09.552747
2026-07-08 01:29:09,606 [INFO] [MainThread] [root/api.py:69]: Fetching new weather data at 2026-07-08 01:29:09.606210
2026-07-08 01:39:08,032 [INFO] [MainThread] [root/api.py:69]: Fetching new weather data at 2026-07-08 01:39:08.032427
2026-07-08 01:49:08,045 [INFO] [MainThread] [root/api.py:69]: Fetching new weather data at 2026-07-08 01:49:08.045935
2026-07-08 01:59:08,042 [INFO] [MainThread] [root/api.py:69]: Fetching new weather data at 2026-07-08 01:59:08.041967
2026-07-08 02:09:08,031 [INFO] [MainThread] [root/api.py:69]: Fetching new weather data at 2026-07-08 02:09:08.031059
Windows fatal exception: code 0x80010108

Thread 0x00001f80 [Thread-62 (fetch)] (most recent call first):
  File "D:\a\yasb\yasb\venv\Lib\site-packages\pycaw\utils.py", line 253 in CreateDevice
  File "D:\a\yasb\yasb\venv\Lib\site-packages\pycaw\utils.py", line 193 in GetSpeakers
  File "D:\a\yasb\yasb\venv\Lib\site-packages\pycaw\utils.py", line 210 in GetAudioSessionManager
  File "D:\a\yasb\yasb\venv\Lib\site-packages\pycaw\utils.py", line 218 in GetAllSessions
  File "D:\a\yasb\yasb\src\core\widgets\services\volume\service.py", line 81 in fetch
  File "C:\hostedtoolcache\windows\Python\3.14.4\x64\Lib\threading.py", line 1024 in run
  File "C:\hostedtoolcache\windows\Python\3.14.4\x64\Lib\threading.py", line 1082 in _bootstrap_inner
  File "C:\hostedtoolcache\windows\Python\3.14.4\x64\Lib\threading.py", line 1044 in _bootstrap

Thread 0x00003dd0 [SystrayMonitor] (most recent call first):
  File "D:\a\yasb\yasb\src\core\widgets\services\systray\utils.py", line 145 in start_message_loop
  File "D:\a\yasb\yasb\src\core\widgets\services\systray\systray_monitor.py", line 99 in run
  File "D:\a\yasb\yasb\src\core\widgets\yasb\systray.py", line 65 in run

Thread 0x00000864 [asyncio_0] (most recent call first):
  File "C:\hostedtoolcache\windows\Python\3.14.4\x64\Lib\threading.py", line 373 in wait
  File "C:\hostedtoolcache\windows\Python\3.14.4\x64\Lib\threading.py", line 670 in wait
  File "C:\hostedtoolcache\windows\Python\3.14.4\x64\Lib\concurrent\futures\thread.py", line 73 in run
  File "C:\hostedtoolcache\windows\Python\3.14.4\x64\Lib\concurrent\futures\thread.py", line 86 in run
  File "C:\hostedtoolcache\windows\Python\3.14.4\x64\Lib\concurrent\futures\thread.py", line 119 in _worker
  File "C:\hostedtoolcache\windows\Python\3.14.4\x64\Lib\threading.py", line 1024 in run
  File "C:\hostedtoolcache\windows\Python\3.14.4\x64\Lib\threading.py", line 1082 in _bootstrap_inner
  File "C:\hostedtoolcache\windows\Python\3.14.4\x64\Lib\threading.py", line 1044 in _bootstrap

Thread 0x00002270 [WindowsNotificationEventListener] (most recent call first):
  File "C:\hostedtoolcache\windows\Python\3.14.4\x64\Lib\asyncio\windows_events.py", line 775 in _poll
  File "C:\hostedtoolcache\windows\Python\3.14.4\x64\Lib\asyncio\windows_events.py", line 446 in select
  File "C:\hostedtoolcache\windows\Python\3.14.4\x64\Lib\asyncio\base_events.py", line 2019 in _run_once
  File "C:\hostedtoolcache\windows\Python\3.14.4\x64\Lib\asyncio\base_events.py", line 677 in run_forever
  File "C:\hostedtoolcache\windows\Python\3.14.4\x64\Lib\asyncio\base_events.py", line 706 in run_until_complete
  File "D:\a\yasb\yasb\src\core\widgets\services\notifications\windows_notification.py", line 101 in run

Thread 0x000037ec [KomorebiEventListener] (most recent call first):
  File "C:\hostedtoolcache\windows\Python\3.14.4\x64\Lib\threading.py", line 373 in wait
  File "C:\hostedtoolcache\windows\Python\3.14.4\x64\Lib\threading.py", line 670 in wait
  File "D:\a\yasb\yasb\src\core\widgets\services\komorebi\event_listener.py", line 75 in run

Thread 0x00003f10 [HotkeyListener] (most recent call first):
  File "D:\a\yasb\yasb\src\core\utils\win32\hotkeys.py", line 252 in run

Thread 0x0000302c [Thread-8] (most recent call first):
  File "C:\hostedtoolcache\windows\Python\3.14.4\x64\Lib\threading.py", line 369 in wait
  File "C:\hostedtoolcache\windows\Python\3.14.4\x64\Lib\queue.py", line 199 in get
  File "D:\a\yasb\yasb\venv\Lib\site-packages\watchdog\observers\api.py", line 379 in dispatch_events
  File "D:\a\yasb\yasb\venv\Lib\site-packages\watchdog\observers\api.py", line 213 in run
  File "C:\hostedtoolcache\windows\Python\3.14.4\x64\Lib\threading.py", line 1082 in _bootstrap_inner
  File "C:\hostedtoolcache\windows\Python\3.14.4\x64\Lib\threading.py", line 1044 in _bootstrap

Thread 0x000037f4 [Thread-9] (most recent call first):
  File "D:\a\yasb\yasb\venv\Lib\site-packages\watchdog\observers\winapi.py", line 326 in read_directory_changes
  File "D:\a\yasb\yasb\venv\Lib\site-packages\watchdog\observers\winapi.py", line 380 in read_events
  File "D:\a\yasb\yasb\venv\Lib\site-packages\watchdog\observers\read_directory_changes.py", line 67 in _read_events
  File "D:\a\yasb\yasb\venv\Lib\site-packages\watchdog\observers\read_directory_changes.py", line 70 in queue_events
  File "D:\a\yasb\yasb\venv\Lib\site-packages\watchdog\observers\api.py", line 158 in run
  File "C:\hostedtoolcache\windows\Python\3.14.4\x64\Lib\threading.py", line 1082 in _bootstrap_inner
  File "C:\hostedtoolcache\windows\Python\3.14.4\x64\Lib\threading.py", line 1044 in _bootstrap

Thread 0x00003624 [WiFiWorker] (most recent call first):
  File "D:\a\yasb\yasb\src\core\widgets\services\wifi\wifi_managers.py", line 151 in run

Thread 0x00000c14 [MemoryWorker] (most recent call first):
  File "D:\a\yasb\yasb\src\core\widgets\services\memory\memory_api.py", line 244 in run

Thread 0x00003e90 [CpuWorker] (most recent call first):
  File "D:\a\yasb\yasb\src\core\widgets\services\cpu\cpu_api.py", line 318 in run

Thread 0x00003fe8 [QueryWorker] (most recent call first):
  File "D:\a\yasb\yasb\src\core\widgets\services\quick_launch\workers.py", line 61 in run

Thread 0x00003ef4 [_EventWorker] (most recent call first):
  File "D:\a\yasb\yasb\venv\Lib\site-packages\qasync\_windows.py", line 147 in _poll
  File "D:\a\yasb\yasb\venv\Lib\site-packages\qasync\_windows.py", line 72 in select
  File "D:\a\yasb\yasb\venv\Lib\site-packages\qasync\_windows.py", line 199 in run

Thread 0x00003ed4 [LogPipeServer] (most recent call first):
  File "D:\a\yasb\yasb\src\core\utils\win32\bindings\kernel32.py", line 288 in ConnectNamedPipe
  File "D:\a\yasb\yasb\src\core\utils\cli_server.py", line 138 in _run_server
  File "C:\hostedtoolcache\windows\Python\3.14.4\x64\Lib\threading.py", line 1024 in run
  File "C:\hostedtoolcache\windows\Python\3.14.4\x64\Lib\threading.py", line 1082 in _bootstrap_inner
  File "C:\hostedtoolcache\windows\Python\3.14.4\x64\Lib\threading.py", line 1044 in _bootstrap

Thread 0x00003ed0 [CLIPipeServer] (most recent call first):
  File "D:\a\yasb\yasb\src\core\utils\win32\bindings\kernel32.py", line 288 in ConnectNamedPipe
  File "D:\a\yasb\yasb\src\core\utils\cli_server.py", line 235 in _run_server
  File "C:\hostedtoolcache\windows\Python\3.14.4\x64\Lib\threading.py", line 1024 in run
  File "C:\hostedtoolcache\windows\Python\3.14.4\x64\Lib\threading.py", line 1082 in _bootstrap_inner
  File "C:\hostedtoolcache\windows\Python\3.14.4\x64\Lib\threading.py", line 1044 in _bootstrap

Thread 0x00003e50 (most recent call first):
  File "D:\a\yasb\yasb\venv\Lib\site-packages\pycaw\utils.py", line 253 in CreateDevice
  File "D:\a\yasb\yasb\venv\Lib\site-packages\pycaw\utils.py", line 193 in GetSpeakers
  File "D:\a\yasb\yasb\src\core\widgets\services\volume\service.py", line 220 in get_speakers
  File "D:\a\yasb\yasb\src\core\widgets\services\volume\service.py", line 186 in get_volume_interface
  File "D:\a\yasb\yasb\src\core\widgets\services\volume\service.py", line 167 in _on_device_change
  File "D:\a\yasb\yasb\venv\Lib\site-packages\qasync\__init__.py", line 404 in run_forever
  File "D:\a\yasb\yasb\venv\Lib\site-packages\qasync\__init__.py", line 428 in run_until_complete
  File "main.py", line 98 in main
  File "main.py", line 188 in <module>
  File "D:\a\yasb\yasb\venv\Lib\site-packages\freeze_core\initscripts\console.py", line 27 in run
  File "D:\a\yasb\yasb\venv\Lib\site-packages\freeze_core\initscripts\__startup__.py", line 137 in run

Current thread's C stack trace (most recent call first):
  <cannot get C stack on this system>
Windows fatal exception: code 0x80010108

Thread 0x00001f80 [Thread-62 (fetch)] (most recent call first):
  File "D:\a\yasb\yasb\venv\Lib\site-packages\pycaw\utils.py", line 253 in CreateDevice
  File "D:\a\yasb\yasb\venv\Lib\site-packages\pycaw\utils.py", line 193 in GetSpeakers
  File "D:\a\yasb\yasb\venv\Lib\site-packages\pycaw\utils.py", line 210 in GetAudioSessionManager
  File "D:\a\yasb\yasb\venv\Lib\site-packages\pycaw\utils.py", line 218 in GetAllSessions
  File "D:\a\yasb\yasb\src\core\widgets\services\volume\service.py", line 81 in fetch
  File "C:\hostedtoolcache\windows\Python\3.14.4\x64\Lib\threading.py", line 1024 in run
  File "C:\hostedtoolcache\windows\Python\3.14.4\x64\Lib\threading.py", line 1082 in _bootstrap_inner
  File "C:\hostedtoolcache\windows\Python\3.14.4\x64\Lib\threading.py", line 1044 in _bootstrap

Thread 0x00003dd0 [SystrayMonitor] (most recent call first):
  File "D:\a\yasb\yasb\src\core\widgets\services\systray\utils.py", line 145 in start_message_loop
  File "D:\a\yasb\yasb\src\core\widgets\services\systray\systray_monitor.py", line 99 in run
  File "D:\a\yasb\yasb\src\core\widgets\yasb\systray.py", line 65 in run

Thread 0x00000864 [asyncio_0] (most recent call first):
  File "C:\hostedtoolcache\windows\Python\3.14.4\x64\Lib\threading.py", line 373 in wait
  File "C:\hostedtoolcache\windows\Python\3.14.4\x64\Lib\threading.py", line 670 in wait
  File "C:\hostedtoolcache\windows\Python\3.14.4\x64\Lib\concurrent\futures\thread.py", line 73 in run
  File "C:\hostedtoolcache\windows\Python\3.14.4\x64\Lib\concurrent\futures\thread.py", line 86 in run
  File "C:\hostedtoolcache\windows\Python\3.14.4\x64\Lib\concurrent\futures\thread.py", line 119 in _worker
  File "C:\hostedtoolcache\windows\Python\3.14.4\x64\Lib\threading.py", line 1024 in run
  File "C:\hostedtoolcache\windows\Python\3.14.4\x64\Lib\threading.py", line 1082 in _bootstrap_inner
  File "C:\hostedtoolcache\windows\Python\3.14.4\x64\Lib\threading.py", line 1044 in _bootstrap

Thread 0x00002270 [WindowsNotificationEventListener] (most recent call first):
  File "C:\hostedtoolcache\windows\Python\3.14.4\x64\Lib\asyncio\windows_events.py", line 775 in _poll
  File "C:\hostedtoolcache\windows\Python\3.14.4\x64\Lib\asyncio\windows_events.py", line 446 in select
  File "C:\hostedtoolcache\windows\Python\3.14.4\x64\Lib\asyncio\base_events.py", line 2019 in _run_once
  File "C:\hostedtoolcache\windows\Python\3.14.4\x64\Lib\asyncio\base_events.py", line 677 in run_forever
  File "C:\hostedtoolcache\windows\Python\3.14.4\x64\Lib\asyncio\base_events.py", line 706 in run_until_complete
  File "D:\a\yasb\yasb\src\core\widgets\services\notifications\windows_notification.py", line 101 in run

Thread 0x000037ec [KomorebiEventListener] (most recent call first):
  File "C:\hostedtoolcache\windows\Python\3.14.4\x64\Lib\threading.py", line 373 in wait
  File "C:\hostedtoolcache\windows\Python\3.14.4\x64\Lib\threading.py", line 670 in wait
  File "D:\a\yasb\yasb\src\core\widgets\services\komorebi\event_listener.py", line 75 in run

Thread 0x00003f10 [HotkeyListener] (most recent call first):
  File "D:\a\yasb\yasb\src\core\utils\win32\hotkeys.py", line 252 in run

Thread 0x0000302c [Thread-8] (most recent call first):
  File "C:\hostedtoolcache\windows\Python\3.14.4\x64\Lib\threading.py", line 369 in wait
  File "C:\hostedtoolcache\windows\Python\3.14.4\x64\Lib\queue.py", line 199 in get
  File "D:\a\yasb\yasb\venv\Lib\site-packages\watchdog\observers\api.py", line 379 in dispatch_events
  File "D:\a\yasb\yasb\venv\Lib\site-packages\watchdog\observers\api.py", line 213 in run
  File "C:\hostedtoolcache\windows\Python\3.14.4\x64\Lib\threading.py", line 1082 in _bootstrap_inner
  File "C:\hostedtoolcache\windows\Python\3.14.4\x64\Lib\threading.py", line 1044 in _bootstrap

Thread 0x000037f4 [Thread-9] (most recent call first):
  File "D:\a\yasb\yasb\venv\Lib\site-packages\watchdog\observers\winapi.py", line 326 in read_directory_changes
  File "D:\a\yasb\yasb\venv\Lib\site-packages\watchdog\observers\winapi.py", line 380 in read_events
  File "D:\a\yasb\yasb\venv\Lib\site-packages\watchdog\observers\read_directory_changes.py", line 67 in _read_events
  File "D:\a\yasb\yasb\venv\Lib\site-packages\watchdog\observers\read_directory_changes.py", line 70 in queue_events
  File "D:\a\yasb\yasb\venv\Lib\site-packages\watchdog\observers\api.py", line 158 in run
  File "C:\hostedtoolcache\windows\Python\3.14.4\x64\Lib\threading.py", line 1082 in _bootstrap_inner
  File "C:\hostedtoolcache\windows\Python\3.14.4\x64\Lib\threading.py", line 1044 in _bootstrap

Thread 0x00003624 [WiFiWorker] (most recent call first):
  File "D:\a\yasb\yasb\src\core\widgets\services\wifi\wifi_managers.py", line 151 in run

Thread 0x00000c14 [MemoryWorker] (most recent call first):
  File "D:\a\yasb\yasb\src\core\widgets\services\memory\memory_api.py", line 244 in run

Thread 0x00003e90 [CpuWorker] (most recent call first):
  File "D:\a\yasb\yasb\src\core\widgets\services\cpu\cpu_api.py", line 318 in run

Thread 0x00003fe8 [QueryWorker] (most recent call first):
  File "D:\a\yasb\yasb\src\core\widgets\services\quick_launch\workers.py", line 61 in run

Thread 0x00003ef4 [_EventWorker] (most recent call first):
  File "D:\a\yasb\yasb\venv\Lib\site-packages\qasync\_windows.py", line 147 in _poll
  File "D:\a\yasb\yasb\venv\Lib\site-packages\qasync\_windows.py", line 72 in select
  File "D:\a\yasb\yasb\venv\Lib\site-packages\qasync\_windows.py", line 199 in run

Thread 0x00003ed4 [LogPipeServer] (most recent call first):
  File "D:\a\yasb\yasb\src\core\utils\win32\bindings\kernel32.py", line 288 in ConnectNamedPipe
  File "D:\a\yasb\yasb\src\core\utils\cli_server.py", line 138 in _run_server
  File "C:\hostedtoolcache\windows\Python\3.14.4\x64\Lib\threading.py", line 1024 in run
  File "C:\hostedtoolcache\windows\Python\3.14.4\x64\Lib\threading.py", line 1082 in _bootstrap_inner
  File "C:\hostedtoolcache\windows\Python\3.14.4\x64\Lib\threading.py", line 1044 in _bootstrap

Thread 0x00003ed0 [CLIPipeServer] (most recent call first):
  File "D:\a\yasb\yasb\src\core\utils\win32\bindings\kernel32.py", line 288 in ConnectNamedPipe
  File "D:\a\yasb\yasb\src\core\utils\cli_server.py", line 235 in _run_server
  File "C:\hostedtoolcache\windows\Python\3.14.4\x64\Lib\threading.py", line 1024 in run
  File "C:\hostedtoolcache\windows\Python\3.14.4\x64\Lib\threading.py", line 1082 in _bootstrap_inner
  File "C:\hostedtoolcache\windows\Python\3.14.4\x64\Lib\threading.py", line 1044 in _bootstrap

Thread 0x00003e50 (most recent call first):
  File "D:\a\yasb\yasb\venv\Lib\site-packages\pycaw\utils.py", line 253 in CreateDevice
  File "D:\a\yasb\yasb\venv\Lib\site-packages\pycaw\utils.py", line 193 in GetSpeakers
  File "D:\a\yasb\yasb\src\core\widgets\services\volume\service.py", line 220 in get_speakers
  File "D:\a\yasb\yasb\src\core\widgets\services\volume\service.py", line 186 in get_volume_interface
  File "D:\a\yasb\yasb\src\core\widgets\services\volume\service.py", line 167 in _on_device_change
  File "D:\a\yasb\yasb\venv\Lib\site-packages\qasync\__init__.py", line 404 in run_forever
  File "D:\a\yasb\yasb\venv\Lib\site-packages\qasync\__init__.py", line 428 in run_until_complete
  File "main.py", line 98 in main
  File "main.py", line 188 in <module>
  File "D:\a\yasb\yasb\venv\Lib\site-packages\freeze_core\initscripts\console.py", line 27 in run
  File "D:\a\yasb\yasb\venv\Lib\site-packages\freeze_core\initscripts\__startup__.py", line 137 in run

Current thread's C stack trace (most recent call first):
  <cannot get C stack on this system>
Windows fatal exception: code 0x80010108

Thread 0x00001f80 [Thread-62 (fetch)] (most recent call first):
  File "D:\a\yasb\yasb\venv\Lib\site-packages\pycaw\utils.py", line 253 in CreateDevice
  File "D:\a\yasb\yasb\venv\Lib\site-packages\pycaw\utils.py", line 193 in GetSpeakers
  File "D:\a\yasb\yasb\venv\Lib\site-packages\pycaw\utils.py", line 210 in GetAudioSessionManager
  File "D:\a\yasb\yasb\venv\Lib\site-packages\pycaw\utils.py", line 218 in GetAllSessions
  File "D:\a\yasb\yasb\src\core\widgets\services\volume\service.py", line 81 in fetch
  File "C:\hostedtoolcache\windows\Python\3.14.4\x64\Lib\threading.py", line 1024 in run
  File "C:\hostedtoolcache\windows\Python\3.14.4\x64\Lib\threading.py", line 1082 in _bootstrap_inner
  File "C:\hostedtoolcache\windows\Python\3.14.4\x64\Lib\threading.py", line 1044 in _bootstrap

Thread 0x00003dd0 [SystrayMonitor] (most recent call first):
  File "D:\a\yasb\yasb\src\core\widgets\services\systray\utils.py", line 145 in start_message_loop
  File "D:\a\yasb\yasb\src\core\widgets\services\systray\systray_monitor.py", line 99 in run
  File "D:\a\yasb\yasb\src\core\widgets\yasb\systray.py", line 65 in run

Thread 0x00000864 [asyncio_0] (most recent call first):
  File "C:\hostedtoolcache\windows\Python\3.14.4\x64\Lib\threading.py", line 373 in wait
  File "C:\hostedtoolcache\windows\Python\3.14.4\x64\Lib\threading.py", line 670 in wait
  File "C:\hostedtoolcache\windows\Python\3.14.4\x64\Lib\concurrent\futures\thread.py", line 73 in run
  File "C:\hostedtoolcache\windows\Python\3.14.4\x64\Lib\concurrent\futures\thread.py", line 86 in run
  File "C:\hostedtoolcache\windows\Python\3.14.4\x64\Lib\concurrent\futures\thread.py", line 119 in _worker
  File "C:\hostedtoolcache\windows\Python\3.14.4\x64\Lib\threading.py", line 1024 in run
  File "C:\hostedtoolcache\windows\Python\3.14.4\x64\Lib\threading.py", line 1082 in _bootstrap_inner
  File "C:\hostedtoolcache\windows\Python\3.14.4\x64\Lib\threading.py", line 1044 in _bootstrap

Thread 0x00002270 [WindowsNotificationEventListener] (most recent call first):
  File "C:\hostedtoolcache\windows\Python\3.14.4\x64\Lib\asyncio\windows_events.py", line 775 in _poll
  File "C:\hostedtoolcache\windows\Python\3.14.4\x64\Lib\asyncio\windows_events.py", line 446 in select
  File "C:\hostedtoolcache\windows\Python\3.14.4\x64\Lib\asyncio\base_events.py", line 2019 in _run_once
  File "C:\hostedtoolcache\windows\Python\3.14.4\x64\Lib\asyncio\base_events.py", line 677 in run_forever
  File "C:\hostedtoolcache\windows\Python\3.14.4\x64\Lib\asyncio\base_events.py", line 706 in run_until_complete
  File "D:\a\yasb\yasb\src\core\widgets\services\notifications\windows_notification.py", line 101 in run

Thread 0x000037ec [KomorebiEventListener] (most recent call first):
  File "C:\hostedtoolcache\windows\Python\3.14.4\x64\Lib\threading.py", line 373 in wait
  File "C:\hostedtoolcache\windows\Python\3.14.4\x64\Lib\threading.py", line 670 in wait
  File "D:\a\yasb\yasb\src\core\widgets\services\komorebi\event_listener.py", line 75 in run

Thread 0x00003f10 [HotkeyListener] (most recent call first):
  File "D:\a\yasb\yasb\src\core\utils\win32\hotkeys.py", line 252 in run

Thread 0x0000302c [Thread-8] (most recent call first):
  File "C:\hostedtoolcache\windows\Python\3.14.4\x64\Lib\threading.py", line 369 in wait
  File "C:\hostedtoolcache\windows\Python\3.14.4\x64\Lib\queue.py", line 199 in get
  File "D:\a\yasb\yasb\venv\Lib\site-packages\watchdog\observers\api.py", line 379 in dispatch_events
  File "D:\a\yasb\yasb\venv\Lib\site-packages\watchdog\observers\api.py", line 213 in run
  File "C:\hostedtoolcache\windows\Python\3.14.4\x64\Lib\threading.py", line 1082 in _bootstrap_inner
  File "C:\hostedtoolcache\windows\Python\3.14.4\x64\Lib\threading.py", line 1044 in _bootstrap

Thread 0x000037f4 [Thread-9] (most recent call first):
  File "D:\a\yasb\yasb\venv\Lib\site-packages\watchdog\observers\winapi.py", line 326 in read_directory_changes
  File "D:\a\yasb\yasb\venv\Lib\site-packages\watchdog\observers\winapi.py", line 380 in read_events
  File "D:\a\yasb\yasb\venv\Lib\site-packages\watchdog\observers\read_directory_changes.py", line 67 in _read_events
  File "D:\a\yasb\yasb\venv\Lib\site-packages\watchdog\observers\read_directory_changes.py", line 70 in queue_events
  File "D:\a\yasb\yasb\venv\Lib\site-packages\watchdog\observers\api.py", line 158 in run
  File "C:\hostedtoolcache\windows\Python\3.14.4\x64\Lib\threading.py", line 1082 in _bootstrap_inner
  File "C:\hostedtoolcache\windows\Python\3.14.4\x64\Lib\threading.py", line 1044 in _bootstrap

Thread 0x00003624 [WiFiWorker] (most recent call first):
  File "D:\a\yasb\yasb\src\core\widgets\services\wifi\wifi_managers.py", line 151 in run

Thread 0x00000c14 [MemoryWorker] (most recent call first):
  File "D:\a\yasb\yasb\src\core\widgets\services\memory\memory_api.py", line 244 in run

Thread 0x00003e90 [CpuWorker] (most recent call first):
  File "D:\a\yasb\yasb\src\core\widgets\services\cpu\cpu_api.py", line 318 in run

Thread 0x00003fe8 [QueryWorker] (most recent call first):
  File "D:\a\yasb\yasb\src\core\widgets\services\quick_launch\workers.py", line 61 in run

Thread 0x00003ef4 [_EventWorker] (most recent call first):
  File "D:\a\yasb\yasb\venv\Lib\site-packages\qasync\_windows.py", line 147 in _poll
  File "D:\a\yasb\yasb\venv\Lib\site-packages\qasync\_windows.py", line 72 in select
  File "D:\a\yasb\yasb\venv\Lib\site-packages\qasync\_windows.py", line 199 in run

Thread 0x00003ed4 [LogPipeServer] (most recent call first):
  File "D:\a\yasb\yasb\src\core\utils\win32\bindings\kernel32.py", line 288 in ConnectNamedPipe
  File "D:\a\yasb\yasb\src\core\utils\cli_server.py", line 138 in _run_server
  File "C:\hostedtoolcache\windows\Python\3.14.4\x64\Lib\threading.py", line 1024 in run
  File "C:\hostedtoolcache\windows\Python\3.14.4\x64\Lib\threading.py", line 1082 in _bootstrap_inner
  File "C:\hostedtoolcache\windows\Python\3.14.4\x64\Lib\threading.py", line 1044 in _bootstrap

Thread 0x00003ed0 [CLIPipeServer] (most recent call first):
  File "D:\a\yasb\yasb\src\core\utils\win32\bindings\kernel32.py", line 288 in ConnectNamedPipe
  File "D:\a\yasb\yasb\src\core\utils\cli_server.py", line 235 in _run_server
  File "C:\hostedtoolcache\windows\Python\3.14.4\x64\Lib\threading.py", line 1024 in run
  File "C:\hostedtoolcache\windows\Python\3.14.4\x64\Lib\threading.py", line 1082 in _bootstrap_inner
  File "C:\hostedtoolcache\windows\Python\3.14.4\x64\Lib\threading.py", line 1044 in _bootstrap

Thread 0x00003e50 (most recent call first):
  File "D:\a\yasb\yasb\venv\Lib\site-packages\pycaw\utils.py", line 253 in CreateDevice
  File "D:\a\yasb\yasb\venv\Lib\site-packages\pycaw\utils.py", line 193 in GetSpeakers
  File "D:\a\yasb\yasb\src\core\widgets\services\volume\service.py", line 220 in get_speakers
  File "D:\a\yasb\yasb\src\core\widgets\services\volume\service.py", line 186 in get_volume_interface
  File "D:\a\yasb\yasb\src\core\widgets\services\volume\service.py", line 167 in _on_device_change
  File "D:\a\yasb\yasb\venv\Lib\site-packages\qasync\__init__.py", line 404 in run_forever
  File "D:\a\yasb\yasb\venv\Lib\site-packages\qasync\__init__.py", line 428 in run_until_complete
  File "main.py", line 98 in main
  File "main.py", line 188 in <module>
  File "D:\a\yasb\yasb\venv\Lib\site-packages\freeze_core\initscripts\console.py", line 27 in run
  File "D:\a\yasb\yasb\venv\Lib\site-packages\freeze_core\initscripts\__startup__.py", line 137 in run

Current thread's C stack trace (most recent call first):
  <cannot get C stack on this system>
2026-07-08 02:19:08,042 [INFO] [MainThread] [root/api.py:69]: Fetching new weather data at 2026-07-08 02:19:08.042086
Windows fatal exception: code 0x80010108

Thread 0x00003dd0 [SystrayMonitor] (most recent call first):
  File "D:\a\yasb\yasb\src\core\widgets\services\systray\utils.py", line 145 in start_message_loop
  File "D:\a\yasb\yasb\src\core\widgets\services\systray\systray_monitor.py", line 99 in run
  File "D:\a\yasb\yasb\src\core\widgets\yasb\systray.py", line 65 in run

Thread 0x00000864 [asyncio_0] (most recent call first):
  File "C:\hostedtoolcache\windows\Python\3.14.4\x64\Lib\threading.py", line 373 in wait
  File "C:\hostedtoolcache\windows\Python\3.14.4\x64\Lib\threading.py", line 670 in wait
  File "C:\hostedtoolcache\windows\Python\3.14.4\x64\Lib\concurrent\futures\thread.py", line 73 in run
  File "C:\hostedtoolcache\windows\Python\3.14.4\x64\Lib\concurrent\futures\thread.py", line 86 in run
  File "C:\hostedtoolcache\windows\Python\3.14.4\x64\Lib\concurrent\futures\thread.py", line 119 in _worker
  File "C:\hostedtoolcache\windows\Python\3.14.4\x64\Lib\threading.py", line 1024 in run
  File "C:\hostedtoolcache\windows\Python\3.14.4\x64\Lib\threading.py", line 1082 in _bootstrap_inner
  File "C:\hostedtoolcache\windows\Python\3.14.4\x64\Lib\threading.py", line 1044 in _bootstrap

Thread 0x00002270 [WindowsNotificationEventListener] (most recent call first):
  File "C:\hostedtoolcache\windows\Python\3.14.4\x64\Lib\asyncio\windows_events.py", line 775 in _poll
  File "C:\hostedtoolcache\windows\Python\3.14.4\x64\Lib\asyncio\windows_events.py", line 446 in select
  File "C:\hostedtoolcache\windows\Python\3.14.4\x64\Lib\asyncio\base_events.py", line 2019 in _run_once
  File "C:\hostedtoolcache\windows\Python\3.14.4\x64\Lib\asyncio\base_events.py", line 677 in run_forever
  File "C:\hostedtoolcache\windows\Python\3.14.4\x64\Lib\asyncio\base_events.py", line 706 in run_until_complete
  File "D:\a\yasb\yasb\src\core\widgets\services\notifications\windows_notification.py", line 101 in run

Thread 0x000037ec [KomorebiEventListener] (most recent call first):
  File "C:\hostedtoolcache\windows\Python\3.14.4\x64\Lib\threading.py", line 373 in wait
  File "C:\hostedtoolcache\windows\Python\3.14.4\x64\Lib\threading.py", line 670 in wait
  File "D:\a\yasb\yasb\src\core\widgets\services\komorebi\event_listener.py", line 75 in run

Thread 0x00003f10 [HotkeyListener] (most recent call first):
  File "D:\a\yasb\yasb\src\core\utils\win32\hotkeys.py", line 252 in run

Thread 0x0000302c [Thread-8] (most recent call first):
  File "C:\hostedtoolcache\windows\Python\3.14.4\x64\Lib\threading.py", line 369 in wait
  File "C:\hostedtoolcache\windows\Python\3.14.4\x64\Lib\queue.py", line 199 in get
  File "D:\a\yasb\yasb\venv\Lib\site-packages\watchdog\observers\api.py", line 379 in dispatch_events
  File "D:\a\yasb\yasb\venv\Lib\site-packages\watchdog\observers\api.py", line 213 in run
  File "C:\hostedtoolcache\windows\Python\3.14.4\x64\Lib\threading.py", line 1082 in _bootstrap_inner
  File "C:\hostedtoolcache\windows\Python\3.14.4\x64\Lib\threading.py", line 1044 in _bootstrap

Thread 0x000037f4 [Thread-9] (most recent call first):
  File "D:\a\yasb\yasb\venv\Lib\site-packages\watchdog\observers\winapi.py", line 326 in read_directory_changes
  File "D:\a\yasb\yasb\venv\Lib\site-packages\watchdog\observers\winapi.py", line 380 in read_events
  File "D:\a\yasb\yasb\venv\Lib\site-packages\watchdog\observers\read_directory_changes.py", line 67 in _read_events
  File "D:\a\yasb\yasb\venv\Lib\site-packages\watchdog\observers\read_directory_changes.py", line 70 in queue_events
  File "D:\a\yasb\yasb\venv\Lib\site-packages\watchdog\observers\api.py", line 158 in run
  File "C:\hostedtoolcache\windows\Python\3.14.4\x64\Lib\threading.py", line 1082 in _bootstrap_inner
  File "C:\hostedtoolcache\windows\Python\3.14.4\x64\Lib\threading.py", line 1044 in _bootstrap

Thread 0x00003624 [WiFiWorker] (most recent call first):
  File "D:\a\yasb\yasb\src\core\widgets\services\wifi\wifi_managers.py", line 151 in run

Thread 0x00000c14 [MemoryWorker] (most recent call first):
  File "D:\a\yasb\yasb\src\core\widgets\services\memory\memory_api.py", line 244 in run

Thread 0x00003e90 [CpuWorker] (most recent call first):
  File "D:\a\yasb\yasb\src\core\widgets\services\cpu\cpu_api.py", line 318 in run

Thread 0x00003fe8 [QueryWorker] (most recent call first):
  File "D:\a\yasb\yasb\src\core\widgets\services\quick_launch\workers.py", line 61 in run

Thread 0x00003ef4 [_EventWorker] (most recent call first):
  File "D:\a\yasb\yasb\venv\Lib\site-packages\qasync\_windows.py", line 147 in _poll
  File "D:\a\yasb\yasb\venv\Lib\site-packages\qasync\_windows.py", line 72 in select
  File "D:\a\yasb\yasb\venv\Lib\site-packages\qasync\_windows.py", line 199 in run

Thread 0x00003ed4 [LogPipeServer] (most recent call first):
  File "D:\a\yasb\yasb\src\core\utils\win32\bindings\kernel32.py", line 288 in ConnectNamedPipe
  File "D:\a\yasb\yasb\src\core\utils\cli_server.py", line 138 in _run_server
  File "C:\hostedtoolcache\windows\Python\3.14.4\x64\Lib\threading.py", line 1024 in run
  File "C:\hostedtoolcache\windows\Python\3.14.4\x64\Lib\threading.py", line 1082 in _bootstrap_inner
  File "C:\hostedtoolcache\windows\Python\3.14.4\x64\Lib\threading.py", line 1044 in _bootstrap

Thread 0x00003ed0 [CLIPipeServer] (most recent call first):
  File "D:\a\yasb\yasb\src\core\utils\win32\bindings\kernel32.py", line 288 in ConnectNamedPipe
  File "D:\a\yasb\yasb\src\core\utils\cli_server.py", line 235 in _run_server
  File "C:\hostedtoolcache\windows\Python\3.14.4\x64\Lib\threading.py", line 1024 in run
  File "C:\hostedtoolcache\windows\Python\3.14.4\x64\Lib\threading.py", line 1082 in _bootstrap_inner
  File "C:\hostedtoolcache\windows\Python\3.14.4\x64\Lib\threading.py", line 1044 in _bootstrap

Thread 0x00003e50 (most recent call first):
  File "D:\a\yasb\yasb\venv\Lib\site-packages\qasync\__init__.py", line 404 in run_forever
  File "D:\a\yasb\yasb\venv\Lib\site-packages\qasync\__init__.py", line 428 in run_until_complete
  File "main.py", line 98 in main
  File "main.py", line 188 in <module>
  File "D:\a\yasb\yasb\venv\Lib\site-packages\freeze_core\initscripts\console.py", line 27 in run
  File "D:\a\yasb\yasb\venv\Lib\site-packages\freeze_core\initscripts\__startup__.py", line 137 in run

Current thread's C stack trace (most recent call first):
  <cannot get C stack on this system>
Windows fatal exception: code 0x80010108

Thread 0x00003dd0 [SystrayMonitor] (most recent call first):
  File "D:\a\yasb\yasb\src\core\widgets\services\systray\utils.py", line 145 in start_message_loop
  File "D:\a\yasb\yasb\src\core\widgets\services\systray\systray_monitor.py", line 99 in run
  File "D:\a\yasb\yasb\src\core\widgets\yasb\systray.py", line 65 in run

Thread 0x00000864 [asyncio_0] (most recent call first):
  File "C:\hostedtoolcache\windows\Python\3.14.4\x64\Lib\threading.py", line 373 in wait
  File "C:\hostedtoolcache\windows\Python\3.14.4\x64\Lib\threading.py", line 670 in wait
  File "C:\hostedtoolcache\windows\Python\3.14.4\x64\Lib\concurrent\futures\thread.py", line 73 in run
  File "C:\hostedtoolcache\windows\Python\3.14.4\x64\Lib\concurrent\futures\thread.py", line 86 in run
  File "C:\hostedtoolcache\windows\Python\3.14.4\x64\Lib\concurrent\futures\thread.py", line 119 in _worker
  File "C:\hostedtoolcache\windows\Python\3.14.4\x64\Lib\threading.py", line 1024 in run
  File "C:\hostedtoolcache\windows\Python\3.14.4\x64\Lib\threading.py", line 1082 in _bootstrap_inner
  File "C:\hostedtoolcache\windows\Python\3.14.4\x64\Lib\threading.py", line 1044 in _bootstrap

Thread 0x00002270 [WindowsNotificationEventListener] (most recent call first):
  File "C:\hostedtoolcache\windows\Python\3.14.4\x64\Lib\asyncio\windows_events.py", line 775 in _poll
  File "C:\hostedtoolcache\windows\Python\3.14.4\x64\Lib\asyncio\windows_events.py", line 446 in select
  File "C:\hostedtoolcache\windows\Python\3.14.4\x64\Lib\asyncio\base_events.py", line 2019 in _run_once
  File "C:\hostedtoolcache\windows\Python\3.14.4\x64\Lib\asyncio\base_events.py", line 677 in run_forever
  File "C:\hostedtoolcache\windows\Python\3.14.4\x64\Lib\asyncio\base_events.py", line 706 in run_until_complete
  File "D:\a\yasb\yasb\src\core\widgets\services\notifications\windows_notification.py", line 101 in run

Thread 0x000037ec [KomorebiEventListener] (most recent call first):
  File "C:\hostedtoolcache\windows\Python\3.14.4\x64\Lib\threading.py", line 373 in wait
  File "C:\hostedtoolcache\windows\Python\3.14.4\x64\Lib\threading.py", line 670 in wait
  File "D:\a\yasb\yasb\src\core\widgets\services\komorebi\event_listener.py", line 75 in run

Thread 0x00003f10 [HotkeyListener] (most recent call first):
  File "D:\a\yasb\yasb\src\core\utils\win32\hotkeys.py", line 252 in run

Thread 0x0000302c [Thread-8] (most recent call first):
  File "C:\hostedtoolcache\windows\Python\3.14.4\x64\Lib\threading.py", line 369 in wait
  File "C:\hostedtoolcache\windows\Python\3.14.4\x64\Lib\queue.py", line 199 in get
  File "D:\a\yasb\yasb\venv\Lib\site-packages\watchdog\observers\api.py", line 379 in dispatch_events
  File "D:\a\yasb\yasb\venv\Lib\site-packages\watchdog\observers\api.py", line 213 in run
  File "C:\hostedtoolcache\windows\Python\3.14.4\x64\Lib\threading.py", line 1082 in _bootstrap_inner
  File "C:\hostedtoolcache\windows\Python\3.14.4\x64\Lib\threading.py", line 1044 in _bootstrap

Thread 0x000037f4 [Thread-9] (most recent call first):
  File "D:\a\yasb\yasb\venv\Lib\site-packages\watchdog\observers\winapi.py", line 326 in read_directory_changes
  File "D:\a\yasb\yasb\venv\Lib\site-packages\watchdog\observers\winapi.py", line 380 in read_events
  File "D:\a\yasb\yasb\venv\Lib\site-packages\watchdog\observers\read_directory_changes.py", line 67 in _read_events
  File "D:\a\yasb\yasb\venv\Lib\site-packages\watchdog\observers\read_directory_changes.py", line 70 in queue_events
  File "D:\a\yasb\yasb\venv\Lib\site-packages\watchdog\observers\api.py", line 158 in run
  File "C:\hostedtoolcache\windows\Python\3.14.4\x64\Lib\threading.py", line 1082 in _bootstrap_inner
  File "C:\hostedtoolcache\windows\Python\3.14.4\x64\Lib\threading.py", line 1044 in _bootstrap

Thread 0x00003624 [WiFiWorker] (most recent call first):
  File "D:\a\yasb\yasb\src\core\widgets\services\wifi\wifi_managers.py", line 151 in run

Thread 0x00000c14 [MemoryWorker] (most recent call first):
  File "D:\a\yasb\yasb\src\core\widgets\services\memory\memory_api.py", line 244 in run

Thread 0x00003e90 [CpuWorker] (most recent call first):
  File "D:\a\yasb\yasb\src\core\widgets\services\cpu\cpu_api.py", line 318 in run

Thread 0x00003fe8 [QueryWorker] (most recent call first):
  File "D:\a\yasb\yasb\src\core\widgets\services\quick_launch\workers.py", line 61 in run

Thread 0x00003ef4 [_EventWorker] (most recent call first):
  File "D:\a\yasb\yasb\venv\Lib\site-packages\qasync\_windows.py", line 147 in _poll
  File "D:\a\yasb\yasb\venv\Lib\site-packages\qasync\_windows.py", line 72 in select
  File "D:\a\yasb\yasb\venv\Lib\site-packages\qasync\_windows.py", line 199 in run

Thread 0x00003ed4 [LogPipeServer] (most recent call first):
  File "D:\a\yasb\yasb\src\core\utils\win32\bindings\kernel32.py", line 288 in ConnectNamedPipe
  File "D:\a\yasb\yasb\src\core\utils\cli_server.py", line 138 in _run_server
  File "C:\hostedtoolcache\windows\Python\3.14.4\x64\Lib\threading.py", line 1024 in run
  File "C:\hostedtoolcache\windows\Python\3.14.4\x64\Lib\threading.py", line 1082 in _bootstrap_inner
  File "C:\hostedtoolcache\windows\Python\3.14.4\x64\Lib\threading.py", line 1044 in _bootstrap

Thread 0x00003ed0 [CLIPipeServer] (most recent call first):
  File "D:\a\yasb\yasb\src\core\utils\win32\bindings\kernel32.py", line 288 in ConnectNamedPipe
  File "D:\a\yasb\yasb\src\core\utils\cli_server.py", line 235 in _run_server
  File "C:\hostedtoolcache\windows\Python\3.14.4\x64\Lib\threading.py", line 1024 in run
  File "C:\hostedtoolcache\windows\Python\3.14.4\x64\Lib\threading.py", line 1082 in _bootstrap_inner
  File "C:\hostedtoolcache\windows\Python\3.14.4\x64\Lib\threading.py", line 1044 in _bootstrap

Thread 0x00003e50 (most recent call first):
  File "D:\a\yasb\yasb\venv\Lib\site-packages\qasync\__init__.py", line 404 in run_forever
  File "D:\a\yasb\yasb\venv\Lib\site-packages\qasync\__init__.py", line 428 in run_until_complete
  File "main.py", line 98 in main
  File "main.py", line 188 in <module>
  File "D:\a\yasb\yasb\venv\Lib\site-packages\freeze_core\initscripts\console.py", line 27 in run
  File "D:\a\yasb\yasb\venv\Lib\site-packages\freeze_core\initscripts\__startup__.py", line 137 in run

Current thread's C stack trace (most recent call first):
  <cannot get C stack on this system>
Windows fatal exception: code 0x80010108

Thread 0x00003dd0 [SystrayMonitor] (most recent call first):
  File "D:\a\yasb\yasb\src\core\widgets\services\systray\utils.py", line 145 in start_message_loop
  File "D:\a\yasb\yasb\src\core\widgets\services\systray\systray_monitor.py", line 99 in run
  File "D:\a\yasb\yasb\src\core\widgets\yasb\systray.py", line 65 in run

Thread 0x00000864 [asyncio_0] (most recent call first):
  File "C:\hostedtoolcache\windows\Python\3.14.4\x64\Lib\threading.py", line 373 in wait
  File "C:\hostedtoolcache\windows\Python\3.14.4\x64\Lib\threading.py", line 670 in wait
  File "C:\hostedtoolcache\windows\Python\3.14.4\x64\Lib\concurrent\futures\thread.py", line 73 in run
  File "C:\hostedtoolcache\windows\Python\3.14.4\x64\Lib\concurrent\futures\thread.py", line 86 in run
  File "C:\hostedtoolcache\windows\Python\3.14.4\x64\Lib\concurrent\futures\thread.py", line 119 in _worker
  File "C:\hostedtoolcache\windows\Python\3.14.4\x64\Lib\threading.py", line 1024 in run
  File "C:\hostedtoolcache\windows\Python\3.14.4\x64\Lib\threading.py", line 1082 in _bootstrap_inner
  File "C:\hostedtoolcache\windows\Python\3.14.4\x64\Lib\threading.py", line 1044 in _bootstrap

Thread 0x00002270 [WindowsNotificationEventListener] (most recent call first):
  File "C:\hostedtoolcache\windows\Python\3.14.4\x64\Lib\asyncio\windows_events.py", line 775 in _poll
  File "C:\hostedtoolcache\windows\Python\3.14.4\x64\Lib\asyncio\windows_events.py", line 446 in select
  File "C:\hostedtoolcache\windows\Python\3.14.4\x64\Lib\asyncio\base_events.py", line 2019 in _run_once
  File "C:\hostedtoolcache\windows\Python\3.14.4\x64\Lib\asyncio\base_events.py", line 677 in run_forever
  File "C:\hostedtoolcache\windows\Python\3.14.4\x64\Lib\asyncio\base_events.py", line 706 in run_until_complete
  File "D:\a\yasb\yasb\src\core\widgets\services\notifications\windows_notification.py", line 101 in run

Thread 0x000037ec [KomorebiEventListener] (most recent call first):
  File "C:\hostedtoolcache\windows\Python\3.14.4\x64\Lib\threading.py", line 373 in wait
  File "C:\hostedtoolcache\windows\Python\3.14.4\x64\Lib\threading.py", line 670 in wait
  File "D:\a\yasb\yasb\src\core\widgets\services\komorebi\event_listener.py", line 75 in run

Thread 0x00003f10 [HotkeyListener] (most recent call first):
  File "D:\a\yasb\yasb\src\core\utils\win32\hotkeys.py", line 252 in run

Thread 0x0000302c [Thread-8] (most recent call first):
  File "C:\hostedtoolcache\windows\Python\3.14.4\x64\Lib\threading.py", line 369 in wait
  File "C:\hostedtoolcache\windows\Python\3.14.4\x64\Lib\queue.py", line 199 in get
  File "D:\a\yasb\yasb\venv\Lib\site-packages\watchdog\observers\api.py", line 379 in dispatch_events
  File "D:\a\yasb\yasb\venv\Lib\site-packages\watchdog\observers\api.py", line 213 in run
  File "C:\hostedtoolcache\windows\Python\3.14.4\x64\Lib\threading.py", line 1082 in _bootstrap_inner
  File "C:\hostedtoolcache\windows\Python\3.14.4\x64\Lib\threading.py", line 1044 in _bootstrap

Thread 0x000037f4 [Thread-9] (most recent call first):
  File "D:\a\yasb\yasb\venv\Lib\site-packages\watchdog\observers\winapi.py", line 326 in read_directory_changes
  File "D:\a\yasb\yasb\venv\Lib\site-packages\watchdog\observers\winapi.py", line 380 in read_events
  File "D:\a\yasb\yasb\venv\Lib\site-packages\watchdog\observers\read_directory_changes.py", line 67 in _read_events
  File "D:\a\yasb\yasb\venv\Lib\site-packages\watchdog\observers\read_directory_changes.py", line 70 in queue_events
  File "D:\a\yasb\yasb\venv\Lib\site-packages\watchdog\observers\api.py", line 158 in run
  File "C:\hostedtoolcache\windows\Python\3.14.4\x64\Lib\threading.py", line 1082 in _bootstrap_inner
  File "C:\hostedtoolcache\windows\Python\3.14.4\x64\Lib\threading.py", line 1044 in _bootstrap

Thread 0x00003624 [WiFiWorker] (most recent call first):
  File "D:\a\yasb\yasb\src\core\widgets\services\wifi\wifi_managers.py", line 151 in run

Thread 0x00000c14 [MemoryWorker] (most recent call first):
  File "D:\a\yasb\yasb\src\core\widgets\services\memory\memory_api.py", line 244 in run

Thread 0x00003e90 [CpuWorker] (most recent call first):
  File "D:\a\yasb\yasb\src\core\widgets\services\cpu\cpu_api.py", line 318 in run

Thread 0x00003fe8 [QueryWorker] (most recent call first):
  File "D:\a\yasb\yasb\src\core\widgets\services\quick_launch\workers.py", line 61 in run

Thread 0x00003ef4 [_EventWorker] (most recent call first):
  File "D:\a\yasb\yasb\venv\Lib\site-packages\qasync\_windows.py", line 147 in _poll
  File "D:\a\yasb\yasb\venv\Lib\site-packages\qasync\_windows.py", line 72 in select
  File "D:\a\yasb\yasb\venv\Lib\site-packages\qasync\_windows.py", line 199 in run

Thread 0x00003ed4 [LogPipeServer] (most recent call first):
  File "D:\a\yasb\yasb\src\core\utils\win32\bindings\kernel32.py", line 288 in ConnectNamedPipe
  File "D:\a\yasb\yasb\src\core\utils\cli_server.py", line 138 in _run_server
  File "C:\hostedtoolcache\windows\Python\3.14.4\x64\Lib\threading.py", line 1024 in run
  File "C:\hostedtoolcache\windows\Python\3.14.4\x64\Lib\threading.py", line 1082 in _bootstrap_inner
  File "C:\hostedtoolcache\windows\Python\3.14.4\x64\Lib\threading.py", line 1044 in _bootstrap

Thread 0x00003ed0 [CLIPipeServer] (most recent call first):
  File "D:\a\yasb\yasb\src\core\utils\win32\bindings\kernel32.py", line 288 in ConnectNamedPipe
  File "D:\a\yasb\yasb\src\core\utils\cli_server.py", line 235 in _run_server
  File "C:\hostedtoolcache\windows\Python\3.14.4\x64\Lib\threading.py", line 1024 in run
  File "C:\hostedtoolcache\windows\Python\3.14.4\x64\Lib\threading.py", line 1082 in _bootstrap_inner
  File "C:\hostedtoolcache\windows\Python\3.14.4\x64\Lib\threading.py", line 1044 in _bootstrap

Thread 0x00003e50 (most recent call first):
  File "D:\a\yasb\yasb\venv\Lib\site-packages\qasync\__init__.py", line 404 in run_forever
  File "D:\a\yasb\yasb\venv\Lib\site-packages\qasync\__init__.py", line 428 in run_until_complete
  File "main.py", line 98 in main
  File "main.py", line 188 in <module>
  File "D:\a\yasb\yasb\venv\Lib\site-packages\freeze_core\initscripts\console.py", line 27 in run
  File "D:\a\yasb\yasb\venv\Lib\site-packages\freeze_core\initscripts\__startup__.py", line 137 in run

Current thread's C stack trace (most recent call first):
  <cannot get C stack on this system>
Windows fatal exception: code 0x80010108

Thread 0x00003dd0 [SystrayMonitor] (most recent call first):
  File "D:\a\yasb\yasb\src\core\widgets\services\systray\utils.py", line 145 in start_message_loop
  File "D:\a\yasb\yasb\src\core\widgets\services\systray\systray_monitor.py", line 99 in run
  File "D:\a\yasb\yasb\src\core\widgets\yasb\systray.py", line 65 in run

Thread 0x00000864 [asyncio_0] (most recent call first):
  File "C:\hostedtoolcache\windows\Python\3.14.4\x64\Lib\threading.py", line 373 in wait
  File "C:\hostedtoolcache\windows\Python\3.14.4\x64\Lib\threading.py", line 670 in wait
  File "C:\hostedtoolcache\windows\Python\3.14.4\x64\Lib\concurrent\futures\thread.py", line 73 in run
  File "C:\hostedtoolcache\windows\Python\3.14.4\x64\Lib\concurrent\futures\thread.py", line 86 in run
  File "C:\hostedtoolcache\windows\Python\3.14.4\x64\Lib\concurrent\futures\thread.py", line 119 in _worker
  File "C:\hostedtoolcache\windows\Python\3.14.4\x64\Lib\threading.py", line 1024 in run
  File "C:\hostedtoolcache\windows\Python\3.14.4\x64\Lib\threading.py", line 1082 in _bootstrap_inner
  File "C:\hostedtoolcache\windows\Python\3.14.4\x64\Lib\threading.py", line 1044 in _bootstrap

Thread 0x00002270 [WindowsNotificationEventListener] (most recent call first):
  File "C:\hostedtoolcache\windows\Python\3.14.4\x64\Lib\asyncio\windows_events.py", line 775 in _poll
  File "C:\hostedtoolcache\windows\Python\3.14.4\x64\Lib\asyncio\windows_events.py", line 446 in select
  File "C:\hostedtoolcache\windows\Python\3.14.4\x64\Lib\asyncio\base_events.py", line 2019 in _run_once
  File "C:\hostedtoolcache\windows\Python\3.14.4\x64\Lib\asyncio\base_events.py", line 677 in run_forever
  File "C:\hostedtoolcache\windows\Python\3.14.4\x64\Lib\asyncio\base_events.py", line 706 in run_until_complete
  File "D:\a\yasb\yasb\src\core\widgets\services\notifications\windows_notification.py", line 101 in run

Thread 0x000037ec [KomorebiEventListener] (most recent call first):
  File "C:\hostedtoolcache\windows\Python\3.14.4\x64\Lib\threading.py", line 373 in wait
  File "C:\hostedtoolcache\windows\Python\3.14.4\x64\Lib\threading.py", line 670 in wait
  File "D:\a\yasb\yasb\src\core\widgets\services\komorebi\event_listener.py", line 75 in run

Thread 0x00003f10 [HotkeyListener] (most recent call first):
  File "D:\a\yasb\yasb\src\core\utils\win32\hotkeys.py", line 252 in run

Thread 0x0000302c [Thread-8] (most recent call first):
  File "C:\hostedtoolcache\windows\Python\3.14.4\x64\Lib\threading.py", line 369 in wait
  File "C:\hostedtoolcache\windows\Python\3.14.4\x64\Lib\queue.py", line 199 in get
  File "D:\a\yasb\yasb\venv\Lib\site-packages\watchdog\observers\api.py", line 379 in dispatch_events
  File "D:\a\yasb\yasb\venv\Lib\site-packages\watchdog\observers\api.py", line 213 in run
  File "C:\hostedtoolcache\windows\Python\3.14.4\x64\Lib\threading.py", line 1082 in _bootstrap_inner
  File "C:\hostedtoolcache\windows\Python\3.14.4\x64\Lib\threading.py", line 1044 in _bootstrap

Thread 0x000037f4 [Thread-9] (most recent call first):
  File "D:\a\yasb\yasb\venv\Lib\site-packages\watchdog\observers\winapi.py", line 326 in read_directory_changes
  File "D:\a\yasb\yasb\venv\Lib\site-packages\watchdog\observers\winapi.py", line 380 in read_events
  File "D:\a\yasb\yasb\venv\Lib\site-packages\watchdog\observers\read_directory_changes.py", line 67 in _read_events
  File "D:\a\yasb\yasb\venv\Lib\site-packages\watchdog\observers\read_directory_changes.py", line 70 in queue_events
  File "D:\a\yasb\yasb\venv\Lib\site-packages\watchdog\observers\api.py", line 158 in run
  File "C:\hostedtoolcache\windows\Python\3.14.4\x64\Lib\threading.py", line 1082 in _bootstrap_inner
  File "C:\hostedtoolcache\windows\Python\3.14.4\x64\Lib\threading.py", line 1044 in _bootstrap

Thread 0x00003624 [WiFiWorker] (most recent call first):
  File "D:\a\yasb\yasb\src\core\widgets\services\wifi\wifi_managers.py", line 151 in run

Thread 0x00000c14 [MemoryWorker] (most recent call first):
  File "D:\a\yasb\yasb\src\core\widgets\services\memory\memory_api.py", line 244 in run

Thread 0x00003e90 [CpuWorker] (most recent call first):
  File "D:\a\yasb\yasb\src\core\widgets\services\cpu\cpu_api.py", line 318 in run

Thread 0x00003fe8 [QueryWorker] (most recent call first):
  File "D:\a\yasb\yasb\src\core\widgets\services\quick_launch\workers.py", line 61 in run

Thread 0x00003ef4 [_EventWorker] (most recent call first):
  File "D:\a\yasb\yasb\venv\Lib\site-packages\qasync\_windows.py", line 147 in _poll
  File "D:\a\yasb\yasb\venv\Lib\site-packages\qasync\_windows.py", line 72 in select
  File "D:\a\yasb\yasb\venv\Lib\site-packages\qasync\_windows.py", line 199 in run

Thread 0x00003ed4 [LogPipeServer] (most recent call first):
  File "D:\a\yasb\yasb\src\core\utils\win32\bindings\kernel32.py", line 288 in ConnectNamedPipe
  File "D:\a\yasb\yasb\src\core\utils\cli_server.py", line 138 in _run_server
  File "C:\hostedtoolcache\windows\Python\3.14.4\x64\Lib\threading.py", line 1024 in run
  File "C:\hostedtoolcache\windows\Python\3.14.4\x64\Lib\threading.py", line 1082 in _bootstrap_inner
  File "C:\hostedtoolcache\windows\Python\3.14.4\x64\Lib\threading.py", line 1044 in _bootstrap

Thread 0x00003ed0 [CLIPipeServer] (most recent call first):
  File "D:\a\yasb\yasb\src\core\utils\win32\bindings\kernel32.py", line 288 in ConnectNamedPipe
  File "D:\a\yasb\yasb\src\core\utils\cli_server.py", line 235 in _run_server
  File "C:\hostedtoolcache\windows\Python\3.14.4\x64\Lib\threading.py", line 1024 in run
  File "C:\hostedtoolcache\windows\Python\3.14.4\x64\Lib\threading.py", line 1082 in _bootstrap_inner
  File "C:\hostedtoolcache\windows\Python\3.14.4\x64\Lib\threading.py", line 1044 in _bootstrap

Thread 0x00003e50 (most recent call first):
  File "D:\a\yasb\yasb\venv\Lib\site-packages\qasync\__init__.py", line 404 in run_forever
  File "D:\a\yasb\yasb\venv\Lib\site-packages\qasync\__init__.py", line 428 in run_until_complete
  File "main.py", line 98 in main
  File "main.py", line 188 in <module>
  File "D:\a\yasb\yasb\venv\Lib\site-packages\freeze_core\initscripts\console.py", line 27 in run
  File "D:\a\yasb\yasb\venv\Lib\site-packages\freeze_core\initscripts\__startup__.py", line 137 in run

Current thread's C stack trace (most recent call first):
  <cannot get C stack on this system>
Windows fatal exception: code 0x80010108

Thread 0x00003dd0 [SystrayMonitor] (most recent call first):
  File "D:\a\yasb\yasb\src\core\widgets\services\systray\utils.py", line 145 in start_message_loop
  File "D:\a\yasb\yasb\src\core\widgets\services\systray\systray_monitor.py", line 99 in run
  File "D:\a\yasb\yasb\src\core\widgets\yasb\systray.py", line 65 in run

Thread 0x00000864 [asyncio_0] (most recent call first):
  File "C:\hostedtoolcache\windows\Python\3.14.4\x64\Lib\concurrent\futures\thread.py", line 116 in _worker
  File "C:\hostedtoolcache\windows\Python\3.14.4\x64\Lib\threading.py", line 1024 in run
  File "C:\hostedtoolcache\windows\Python\3.14.4\x64\Lib\threading.py", line 1082 in _bootstrap_inner
  File "C:\hostedtoolcache\windows\Python\3.14.4\x64\Lib\threading.py", line 1044 in _bootstrap

Thread 0x00002270 [WindowsNotificationEventListener] (most recent call first):
  File "D:\a\yasb\yasb\src\core\widgets\services\notifications\windows_notification.py", line 31 in _get_notification_count
  File "D:\a\yasb\yasb\src\core\widgets\services\notifications\windows_notification.py", line 73 in _watch_notifications
  File "C:\hostedtoolcache\windows\Python\3.14.4\x64\Lib\asyncio\events.py", line 94 in _run
  File "C:\hostedtoolcache\windows\Python\3.14.4\x64\Lib\asyncio\base_events.py", line 2057 in _run_once
  File "C:\hostedtoolcache\windows\Python\3.14.4\x64\Lib\asyncio\base_events.py", line 677 in run_forever
  File "C:\hostedtoolcache\windows\Python\3.14.4\x64\Lib\asyncio\base_events.py", line 706 in run_until_complete
  File "D:\a\yasb\yasb\src\core\widgets\services\notifications\windows_notification.py", line 101 in run

Thread 0x000037ec [KomorebiEventListener] (most recent call first):
  File "C:\hostedtoolcache\windows\Python\3.14.4\x64\Lib\threading.py", line 373 in wait
  File "C:\hostedtoolcache\windows\Python\3.14.4\x64\Lib\threading.py", line 670 in wait
  File "D:\a\yasb\yasb\src\core\widgets\services\komorebi\event_listener.py", line 75 in run

Thread 0x00003f10 [HotkeyListener] (most recent call first):
  File "D:\a\yasb\yasb\src\core\utils\win32\hotkeys.py", line 252 in run

Thread 0x0000302c [Thread-8] (most recent call first):
  File "C:\hostedtoolcache\windows\Python\3.14.4\x64\Lib\threading.py", line 369 in wait
  File "C:\hostedtoolcache\windows\Python\3.14.4\x64\Lib\queue.py", line 199 in get
  File "D:\a\yasb\yasb\venv\Lib\site-packages\watchdog\observers\api.py", line 379 in dispatch_events
  File "D:\a\yasb\yasb\venv\Lib\site-packages\watchdog\observers\api.py", line 213 in run
  File "C:\hostedtoolcache\windows\Python\3.14.4\x64\Lib\threading.py", line 1082 in _bootstrap_inner
  File "C:\hostedtoolcache\windows\Python\3.14.4\x64\Lib\threading.py", line 1044 in _bootstrap

Thread 0x000037f4 [Thread-9] (most recent call first):
  File "D:\a\yasb\yasb\venv\Lib\site-packages\watchdog\observers\winapi.py", line 326 in read_directory_changes
  File "D:\a\yasb\yasb\venv\Lib\site-packages\watchdog\observers\winapi.py", line 380 in read_events
  File "D:\a\yasb\yasb\venv\Lib\site-packages\watchdog\observers\read_directory_changes.py", line 67 in _read_events
  File "D:\a\yasb\yasb\venv\Lib\site-packages\watchdog\observers\read_directory_changes.py", line 70 in queue_events
  File "D:\a\yasb\yasb\venv\Lib\site-packages\watchdog\observers\api.py", line 158 in run
  File "C:\hostedtoolcache\windows\Python\3.14.4\x64\Lib\threading.py", line 1082 in _bootstrap_inner
  File "C:\hostedtoolcache\windows\Python\3.14.4\x64\Lib\threading.py", line 1044 in _bootstrap

Thread 0x00003624 [WiFiWorker] (most recent call first):
  File "D:\a\yasb\yasb\src\core\widgets\services\wifi\wifi_managers.py", line 151 in run

Thread 0x00000c14 [MemoryWorker] (most recent call first):
  File "D:\a\yasb\yasb\src\core\widgets\services\memory\memory_api.py", line 244 in run

Thread 0x00003e90 [CpuWorker] (most recent call first):
  File "D:\a\yasb\yasb\src\core\widgets\services\cpu\cpu_api.py", line 318 in run

Thread 0x00003fe8 [QueryWorker] (most recent call first):
  File "D:\a\yasb\yasb\src\core\widgets\services\quick_launch\workers.py", line 61 in run

Thread 0x00003ef4 [_EventWorker] (most recent call first):
  File "D:\a\yasb\yasb\venv\Lib\site-packages\qasync\_windows.py", line 147 in _poll
  File "D:\a\yasb\yasb\venv\Lib\site-packages\qasync\_windows.py", line 72 in select
  File "D:\a\yasb\yasb\venv\Lib\site-packages\qasync\_windows.py", line 199 in run

Thread 0x00003ed4 [LogPipeServer] (most recent call first):
  File "D:\a\yasb\yasb\src\core\utils\win32\bindings\kernel32.py", line 288 in ConnectNamedPipe
  File "D:\a\yasb\yasb\src\core\utils\cli_server.py", line 138 in _run_server
  File "C:\hostedtoolcache\windows\Python\3.14.4\x64\Lib\threading.py", line 1024 in run
  File "C:\hostedtoolcache\windows\Python\3.14.4\x64\Lib\threading.py", line 1082 in _bootstrap_inner
  File "C:\hostedtoolcache\windows\Python\3.14.4\x64\Lib\threading.py", line 1044 in _bootstrap

Thread 0x00003ed0 [CLIPipeServer] (most recent call first):
  File "D:\a\yasb\yasb\src\core\utils\win32\bindings\kernel32.py", line 288 in ConnectNamedPipe
  File "D:\a\yasb\yasb\src\core\utils\cli_server.py", line 235 in _run_server
  File "C:\hostedtoolcache\windows\Python\3.14.4\x64\Lib\threading.py", line 1024 in run
  File "C:\hostedtoolcache\windows\Python\3.14.4\x64\Lib\threading.py", line 1082 in _bootstrap_inner
  File "C:\hostedtoolcache\windows\Python\3.14.4\x64\Lib\threading.py", line 1044 in _bootstrap

Thread 0x00003e50 (most recent call first):
  File "D:\a\yasb\yasb\venv\Lib\site-packages\qasync\__init__.py", line 404 in run_forever
  File "D:\a\yasb\yasb\venv\Lib\site-packages\qasync\__init__.py", line 428 in run_until_complete
  File "main.py", line 98 in main
  File "main.py", line 188 in <module>
  File "D:\a\yasb\yasb\venv\Lib\site-packages\freeze_core\initscripts\console.py", line 27 in run
  File "D:\a\yasb\yasb\venv\Lib\site-packages\freeze_core\initscripts\__startup__.py", line 137 in run

Current thread's C stack trace (most recent call first):
  <cannot get C stack on this system>
Windows fatal exception: code 0x80010108

Thread 0x00003dd0 [SystrayMonitor] (most recent call first):
  File "D:\a\yasb\yasb\src\core\widgets\services\systray\utils.py", line 145 in start_message_loop
  File "D:\a\yasb\yasb\src\core\widgets\services\systray\systray_monitor.py", line 99 in run
  File "D:\a\yasb\yasb\src\core\widgets\yasb\systray.py", line 65 in run

Thread 0x00000864 [asyncio_0] (most recent call first):
  File "C:\hostedtoolcache\windows\Python\3.14.4\x64\Lib\concurrent\futures\thread.py", line 116 in _worker
  File "C:\hostedtoolcache\windows\Python\3.14.4\x64\Lib\threading.py", line 1024 in run
  File "C:\hostedtoolcache\windows\Python\3.14.4\x64\Lib\threading.py", line 1082 in _bootstrap_inner
  File "C:\hostedtoolcache\windows\Python\3.14.4\x64\Lib\threading.py", line 1044 in _bootstrap

Thread 0x00002270 [WindowsNotificationEventListener] (most recent call first):
  File "C:\hostedtoolcache\windows\Python\3.14.4\x64\Lib\asyncio\windows_events.py", line 775 in _poll
  File "C:\hostedtoolcache\windows\Python\3.14.4\x64\Lib\asyncio\windows_events.py", line 446 in select
  File "C:\hostedtoolcache\windows\Python\3.14.4\x64\Lib\asyncio\base_events.py", line 2019 in _run_once
  File "C:\hostedtoolcache\windows\Python\3.14.4\x64\Lib\asyncio\base_events.py", line 677 in run_forever
  File "C:\hostedtoolcache\windows\Python\3.14.4\x64\Lib\asyncio\base_events.py", line 706 in run_until_complete
  File "D:\a\yasb\yasb\src\core\widgets\services\notifications\windows_notification.py", line 101 in run

Thread 0x000037ec [KomorebiEventListener] (most recent call first):
  File "C:\hostedtoolcache\windows\Python\3.14.4\x64\Lib\threading.py", line 373 in wait
  File "C:\hostedtoolcache\windows\Python\3.14.4\x64\Lib\threading.py", line 670 in wait
  File "D:\a\yasb\yasb\src\core\widgets\services\komorebi\event_listener.py", line 75 in run

Thread 0x00003f10 [HotkeyListener] (most recent call first):
  File "D:\a\yasb\yasb\src\core\utils\win32\hotkeys.py", line 252 in run

Thread 0x0000302c [Thread-8] (most recent call first):
  File "C:\hostedtoolcache\windows\Python\3.14.4\x64\Lib\threading.py", line 369 in wait
  File "C:\hostedtoolcache\windows\Python\3.14.4\x64\Lib\queue.py", line 199 in get
  File "D:\a\yasb\yasb\venv\Lib\site-packages\watchdog\observers\api.py", line 379 in dispatch_events
  File "D:\a\yasb\yasb\venv\Lib\site-packages\watchdog\observers\api.py", line 213 in run
  File "C:\hostedtoolcache\windows\Python\3.14.4\x64\Lib\threading.py", line 1082 in _bootstrap_inner
  File "C:\hostedtoolcache\windows\Python\3.14.4\x64\Lib\threading.py", line 1044 in _bootstrap

Thread 0x000037f4 [Thread-9] (most recent call first):
  File "D:\a\yasb\yasb\venv\Lib\site-packages\watchdog\observers\winapi.py", line 326 in read_directory_changes
  File "D:\a\yasb\yasb\venv\Lib\site-packages\watchdog\observers\winapi.py", line 380 in read_events
  File "D:\a\yasb\yasb\venv\Lib\site-packages\watchdog\observers\read_directory_changes.py", line 67 in _read_events
  File "D:\a\yasb\yasb\venv\Lib\site-packages\watchdog\observers\read_directory_changes.py", line 70 in queue_events
  File "D:\a\yasb\yasb\venv\Lib\site-packages\watchdog\observers\api.py", line 158 in run
  File "C:\hostedtoolcache\windows\Python\3.14.4\x64\Lib\threading.py", line 1082 in _bootstrap_inner
  File "C:\hostedtoolcache\windows\Python\3.14.4\x64\Lib\threading.py", line 1044 in _bootstrap

Thread 0x00003624 [WiFiWorker] (most recent call first):
  File "D:\a\yasb\yasb\src\core\widgets\services\wifi\wifi_managers.py", line 151 in run

Thread 0x00000c14 [MemoryWorker] (most recent call first):
  File "D:\a\yasb\yasb\src\core\widgets\services\memory\memory_api.py", line 244 in run

Thread 0x00003e90 [CpuWorker] (most recent call first):
  File "D:\a\yasb\yasb\src\core\widgets\services\cpu\cpu_api.py", line 318 in run

Thread 0x00003fe8 [QueryWorker] (most recent call first):
  File "D:\a\yasb\yasb\src\core\widgets\services\quick_launch\workers.py", line 61 in run

Thread 0x00003ef4 [_EventWorker] (most recent call first):
  File "D:\a\yasb\yasb\venv\Lib\site-packages\qasync\_windows.py", line 147 in _poll
  File "D:\a\yasb\yasb\venv\Lib\site-packages\qasync\_windows.py", line 72 in select
  File "D:\a\yasb\yasb\venv\Lib\site-packages\qasync\_windows.py", line 199 in run

Thread 0x00003ed4 [LogPipeServer] (most recent call first):
  File "D:\a\yasb\yasb\src\core\utils\win32\bindings\kernel32.py", line 288 in ConnectNamedPipe
  File "D:\a\yasb\yasb\src\core\utils\cli_server.py", line 138 in _run_server
  File "C:\hostedtoolcache\windows\Python\3.14.4\x64\Lib\threading.py", line 1024 in run
  File "C:\hostedtoolcache\windows\Python\3.14.4\x64\Lib\threading.py", line 1082 in _bootstrap_inner
  File "C:\hostedtoolcache\windows\Python\3.14.4\x64\Lib\threading.py", line 1044 in _bootstrap

Thread 0x00003ed0 [CLIPipeServer] (most recent call first):
  File "D:\a\yasb\yasb\src\core\utils\win32\bindings\kernel32.py", line 288 in ConnectNamedPipe
  File "D:\a\yasb\yasb\src\core\utils\cli_server.py", line 235 in _run_server
  File "C:\hostedtoolcache\windows\Python\3.14.4\x64\Lib\threading.py", line 1024 in run
  File "C:\hostedtoolcache\windows\Python\3.14.4\x64\Lib\threading.py", line 1082 in _bootstrap_inner
  File "C:\hostedtoolcache\windows\Python\3.14.4\x64\Lib\threading.py", line 1044 in _bootstrap

Thread 0x00003e50 (most recent call first):
  File "D:\a\yasb\yasb\venv\Lib\site-packages\qasync\__init__.py", line 404 in run_forever
  File "D:\a\yasb\yasb\venv\Lib\site-packages\qasync\__init__.py", line 428 in run_until_complete
  File "main.py", line 98 in main
  File "main.py", line 188 in <module>
  File "D:\a\yasb\yasb\venv\Lib\site-packages\freeze_core\initscripts\console.py", line 27 in run
  File "D:\a\yasb\yasb\venv\Lib\site-packages\freeze_core\initscripts\__startup__.py", line 137 in run

Current thread's C stack trace (most recent call first):
  <cannot get C stack on this system>
2026-07-08 02:29:08,180 [INFO] [MainThread] [root/api.py:69]: Fetching new weather data at 2026-07-08 02:29:08.180204
2026-07-08 02:39:08,038 [INFO] [MainThread] [root/api.py:69]: Fetching new weather data at 2026-07-08 02:39:08.038305
2026-07-08 02:49:08,018 [INFO] [MainThread] [root/api.py:69]: Fetching new weather data at 2026-07-08 02:49:08.018338
2026-07-08 02:59:08,104 [INFO] [MainThread] [root/api.py:69]: Fetching new weather data at 2026-07-08 02:59:08.104823
2026-07-08 03:09:08,038 [INFO] [MainThread] [root/api.py:69]: Fetching new weather data at 2026-07-08 03:09:08.038239
2026-07-08 03:19:08,176 [INFO] [MainThread] [root/api.py:69]: Fetching new weather data at 2026-07-08 03:19:08.176770
2026-07-08 03:29:08,051 [INFO] [MainThread] [root/api.py:69]: Fetching new weather data at 2026-07-08 03:29:08.051579
2026-07-08 03:39:08,031 [INFO] [MainThread] [root/api.py:69]: Fetching new weather data at 2026-07-08 03:39:08.031529
2026-07-08 03:49:08,114 [INFO] [MainThread] [root/api.py:69]: Fetching new weather data at 2026-07-08 03:49:08.114244
2026-07-08 03:59:08,035 [INFO] [MainThread] [root/api.py:69]: Fetching new weather data at 2026-07-08 03:59:08.035311
2026-07-08 04:09:08,189 [INFO] [MainThread] [root/api.py:69]: Fetching new weather data at 2026-07-08 04:09:08.189883
2026-07-08 04:19:08,630 [INFO] [MainThread] [root/api.py:69]: Fetching new weather data at 2026-07-08 04:19:08.629993
2026-07-08 04:29:08,023 [INFO] [MainThread] [root/api.py:69]: Fetching new weather data at 2026-07-08 04:29:08.023577
2026-07-08 04:39:08,038 [INFO] [MainThread] [root/api.py:69]: Fetching new weather data at 2026-07-08 04:39:08.037990
2026-07-08 04:49:08,041 [INFO] [MainThread] [root/api.py:69]: Fetching new weather data at 2026-07-08 04:49:08.041506
2026-07-08 04:59:08,039 [INFO] [MainThread] [root/api.py:69]: Fetching new weather data at 2026-07-08 04:59:08.039746
2026-07-08 05:09:08,041 [INFO] [MainThread] [root/api.py:69]: Fetching new weather data at 2026-07-08 05:09:08.041846
2026-07-08 05:19:08,130 [INFO] [MainThread] [root/api.py:69]: Fetching new weather data at 2026-07-08 05:19:08.130726
2026-07-08 05:29:08,057 [INFO] [MainThread] [root/api.py:69]: Fetching new weather data at 2026-07-08 05:29:08.057102
2026-07-08 05:39:08,043 [INFO] [MainThread] [root/api.py:69]: Fetching new weather data at 2026-07-08 05:39:08.043736
2026-07-08 05:49:08,027 [INFO] [MainThread] [root/api.py:69]: Fetching new weather data at 2026-07-08 05:49:08.027563
2026-07-08 05:59:08,043 [INFO] [MainThread] [root/api.py:69]: Fetching new weather data at 2026-07-08 05:59:08.043638
2026-07-08 06:09:08,037 [INFO] [MainThread] [root/api.py:69]: Fetching new weather data at 2026-07-08 06:09:08.037639
2026-07-08 06:19:08,030 [INFO] [MainThread] [root/api.py:69]: Fetching new weather data at 2026-07-08 06:19:08.030280
2026-07-08 06:38:53,471 [INFO] [MainThread] [root/api.py:69]: Fetching new weather data at 2026-07-08 06:38:53.471405
Windows fatal exception: code 0x80010108

Thread 0x00003dd0 [SystrayMonitor] (most recent call first):
  File "D:\a\yasb\yasb\src\core\widgets\services\systray\utils.py", line 145 in start_message_loop
  File "D:\a\yasb\yasb\src\core\widgets\services\systray\systray_monitor.py", line 99 in run
  File "D:\a\yasb\yasb\src\core\widgets\yasb\systray.py", line 65 in run

Thread 0x00000864 [asyncio_0] (most recent call first):
  File "C:\hostedtoolcache\windows\Python\3.14.4\x64\Lib\threading.py", line 373 in wait
  File "C:\hostedtoolcache\windows\Python\3.14.4\x64\Lib\threading.py", line 670 in wait
  File "C:\hostedtoolcache\windows\Python\3.14.4\x64\Lib\concurrent\futures\thread.py", line 73 in run
  File "C:\hostedtoolcache\windows\Python\3.14.4\x64\Lib\concurrent\futures\thread.py", line 86 in run
  File "C:\hostedtoolcache\windows\Python\3.14.4\x64\Lib\concurrent\futures\thread.py", line 119 in _worker
  File "C:\hostedtoolcache\windows\Python\3.14.4\x64\Lib\threading.py", line 1024 in run
  File "C:\hostedtoolcache\windows\Python\3.14.4\x64\Lib\threading.py", line 1082 in _bootstrap_inner
  File "C:\hostedtoolcache\windows\Python\3.14.4\x64\Lib\threading.py", line 1044 in _bootstrap

Thread 0x00002270 [WindowsNotificationEventListener] (most recent call first):
  File "C:\hostedtoolcache\windows\Python\3.14.4\x64\Lib\asyncio\windows_events.py", line 775 in _poll
  File "C:\hostedtoolcache\windows\Python\3.14.4\x64\Lib\asyncio\windows_events.py", line 446 in select
  File "C:\hostedtoolcache\windows\Python\3.14.4\x64\Lib\asyncio\base_events.py", line 2019 in _run_once
  File "C:\hostedtoolcache\windows\Python\3.14.4\x64\Lib\asyncio\base_events.py", line 677 in run_forever
  File "C:\hostedtoolcache\windows\Python\3.14.4\x64\Lib\asyncio\base_events.py", line 706 in run_until_complete
  File "D:\a\yasb\yasb\src\core\widgets\services\notifications\windows_notification.py", line 101 in run

Thread 0x000037ec [KomorebiEventListener] (most recent call first):
  File "C:\hostedtoolcache\windows\Python\3.14.4\x64\Lib\threading.py", line 373 in wait
  File "C:\hostedtoolcache\windows\Python\3.14.4\x64\Lib\threading.py", line 670 in wait
  File "D:\a\yasb\yasb\src\core\widgets\services\komorebi\event_listener.py", line 75 in run

Thread 0x00003f10 [HotkeyListener] (most recent call first):
  File "D:\a\yasb\yasb\src\core\utils\win32\hotkeys.py", line 252 in run

Thread 0x0000302c [Thread-8] (most recent call first):
  File "C:\hostedtoolcache\windows\Python\3.14.4\x64\Lib\threading.py", line 369 in wait
  File "C:\hostedtoolcache\windows\Python\3.14.4\x64\Lib\queue.py", line 199 in get
  File "D:\a\yasb\yasb\venv\Lib\site-packages\watchdog\observers\api.py", line 379 in dispatch_events
  File "D:\a\yasb\yasb\venv\Lib\site-packages\watchdog\observers\api.py", line 213 in run
  File "C:\hostedtoolcache\windows\Python\3.14.4\x64\Lib\threading.py", line 1082 in _bootstrap_inner
  File "C:\hostedtoolcache\windows\Python\3.14.4\x64\Lib\threading.py", line 1044 in _bootstrap

Thread 0x000037f4 [Thread-9] (most recent call first):
  File "D:\a\yasb\yasb\venv\Lib\site-packages\watchdog\observers\winapi.py", line 326 in read_directory_changes
  File "D:\a\yasb\yasb\venv\Lib\site-packages\watchdog\observers\winapi.py", line 380 in read_events
  File "D:\a\yasb\yasb\venv\Lib\site-packages\watchdog\observers\read_directory_changes.py", line 67 in _read_events
  File "D:\a\yasb\yasb\venv\Lib\site-packages\watchdog\observers\read_directory_changes.py", line 70 in queue_events
  File "D:\a\yasb\yasb\venv\Lib\site-packages\watchdog\observers\api.py", line 158 in run
  File "C:\hostedtoolcache\windows\Python\3.14.4\x64\Lib\threading.py", line 1082 in _bootstrap_inner
  File "C:\hostedtoolcache\windows\Python\3.14.4\x64\Lib\threading.py", line 1044 in _bootstrap

Thread 0x00003624 [WiFiWorker] (most recent call first):
  File "D:\a\yasb\yasb\src\core\widgets\services\wifi\wifi_managers.py", line 151 in run

Thread 0x00000c14 [MemoryWorker] (most recent call first):
  File "D:\a\yasb\yasb\src\core\widgets\services\memory\memory_api.py", line 244 in run

Thread 0x00003e90 [CpuWorker] (most recent call first):
  File "D:\a\yasb\yasb\src\core\widgets\services\cpu\cpu_api.py", line 318 in run

Thread 0x00003fe8 [QueryWorker] (most recent call first):
  File "D:\a\yasb\yasb\src\core\widgets\services\quick_launch\workers.py", line 61 in run

Thread 0x00003ef4 [_EventWorker] (most recent call first):
  File "D:\a\yasb\yasb\venv\Lib\site-packages\qasync\_windows.py", line 147 in _poll
  File "D:\a\yasb\yasb\venv\Lib\site-packages\qasync\_windows.py", line 72 in select
  File "D:\a\yasb\yasb\venv\Lib\site-packages\qasync\_windows.py", line 199 in run

Thread 0x00003ed4 [LogPipeServer] (most recent call first):
  File "D:\a\yasb\yasb\src\core\utils\win32\bindings\kernel32.py", line 288 in ConnectNamedPipe
  File "D:\a\yasb\yasb\src\core\utils\cli_server.py", line 138 in _run_server
  File "C:\hostedtoolcache\windows\Python\3.14.4\x64\Lib\threading.py", line 1024 in run
  File "C:\hostedtoolcache\windows\Python\3.14.4\x64\Lib\threading.py", line 1082 in _bootstrap_inner
  File "C:\hostedtoolcache\windows\Python\3.14.4\x64\Lib\threading.py", line 1044 in _bootstrap

Thread 0x00003ed0 [CLIPipeServer] (most recent call first):
  File "D:\a\yasb\yasb\src\core\utils\win32\bindings\kernel32.py", line 288 in ConnectNamedPipe
  File "D:\a\yasb\yasb\src\core\utils\cli_server.py", line 235 in _run_server
  File "C:\hostedtoolcache\windows\Python\3.14.4\x64\Lib\threading.py", line 1024 in run
  File "C:\hostedtoolcache\windows\Python\3.14.4\x64\Lib\threading.py", line 1082 in _bootstrap_inner
  File "C:\hostedtoolcache\windows\Python\3.14.4\x64\Lib\threading.py", line 1044 in _bootstrap

Thread 0x00003e50 (most recent call first):
  File "D:\a\yasb\yasb\venv\Lib\site-packages\qasync\__init__.py", line 404 in run_forever
  File "D:\a\yasb\yasb\venv\Lib\site-packages\qasync\__init__.py", line 428 in run_until_complete
  File "main.py", line 98 in main
  File "main.py", line 188 in <module>
  File "D:\a\yasb\yasb\venv\Lib\site-packages\freeze_core\initscripts\console.py", line 27 in run
  File "D:\a\yasb\yasb\venv\Lib\site-packages\freeze_core\initscripts\__startup__.py", line 137 in run

Current thread's C stack trace (most recent call first):
  <cannot get C stack on this system>
Windows fatal exception: code 0x80010108

Thread 0x00003dd0 [SystrayMonitor] (most recent call first):
  File "D:\a\yasb\yasb\src\core\widgets\services\systray\utils.py", line 145 in start_message_loop
  File "D:\a\yasb\yasb\src\core\widgets\services\systray\systray_monitor.py", line 99 in run
  File "D:\a\yasb\yasb\src\core\widgets\yasb\systray.py", line 65 in run

Thread 0x00000864 [asyncio_0] (most recent call first):
  File "C:\hostedtoolcache\windows\Python\3.14.4\x64\Lib\threading.py", line 373 in wait
  File "C:\hostedtoolcache\windows\Python\3.14.4\x64\Lib\threading.py", line 670 in wait
  File "C:\hostedtoolcache\windows\Python\3.14.4\x64\Lib\concurrent\futures\thread.py", line 73 in run
  File "C:\hostedtoolcache\windows\Python\3.14.4\x64\Lib\concurrent\futures\thread.py", line 86 in run
  File "C:\hostedtoolcache\windows\Python\3.14.4\x64\Lib\concurrent\futures\thread.py", line 119 in _worker
  File "C:\hostedtoolcache\windows\Python\3.14.4\x64\Lib\threading.py", line 1024 in run
  File "C:\hostedtoolcache\windows\Python\3.14.4\x64\Lib\threading.py", line 1082 in _bootstrap_inner
  File "C:\hostedtoolcache\windows\Python\3.14.4\x64\Lib\threading.py", line 1044 in _bootstrap

Thread 0x00002270 [WindowsNotificationEventListener] (most recent call first):
  File "C:\hostedtoolcache\windows\Python\3.14.4\x64\Lib\asyncio\windows_events.py", line 775 in _poll
  File "C:\hostedtoolcache\windows\Python\3.14.4\x64\Lib\asyncio\windows_events.py", line 446 in select
  File "C:\hostedtoolcache\windows\Python\3.14.4\x64\Lib\asyncio\base_events.py", line 2019 in _run_once
  File "C:\hostedtoolcache\windows\Python\3.14.4\x64\Lib\asyncio\base_events.py", line 677 in run_forever
  File "C:\hostedtoolcache\windows\Python\3.14.4\x64\Lib\asyncio\base_events.py", line 706 in run_until_complete
  File "D:\a\yasb\yasb\src\core\widgets\services\notifications\windows_notification.py", line 101 in run

Thread 0x000037ec [KomorebiEventListener] (most recent call first):
  File "C:\hostedtoolcache\windows\Python\3.14.4\x64\Lib\threading.py", line 373 in wait
  File "C:\hostedtoolcache\windows\Python\3.14.4\x64\Lib\threading.py", line 670 in wait
  File "D:\a\yasb\yasb\src\core\widgets\services\komorebi\event_listener.py", line 75 in run

Thread 0x00003f10 [HotkeyListener] (most recent call first):
  File "D:\a\yasb\yasb\src\core\utils\win32\hotkeys.py", line 252 in run

Thread 0x0000302c [Thread-8] (most recent call first):
  File "C:\hostedtoolcache\windows\Python\3.14.4\x64\Lib\threading.py", line 369 in wait
  File "C:\hostedtoolcache\windows\Python\3.14.4\x64\Lib\queue.py", line 199 in get
  File "D:\a\yasb\yasb\venv\Lib\site-packages\watchdog\observers\api.py", line 379 in dispatch_events
  File "D:\a\yasb\yasb\venv\Lib\site-packages\watchdog\observers\api.py", line 213 in run
  File "C:\hostedtoolcache\windows\Python\3.14.4\x64\Lib\threading.py", line 1082 in _bootstrap_inner
  File "C:\hostedtoolcache\windows\Python\3.14.4\x64\Lib\threading.py", line 1044 in _bootstrap

Thread 0x000037f4 [Thread-9] (most recent call first):
  File "D:\a\yasb\yasb\venv\Lib\site-packages\watchdog\observers\winapi.py", line 326 in read_directory_changes
  File "D:\a\yasb\yasb\venv\Lib\site-packages\watchdog\observers\winapi.py", line 380 in read_events
  File "D:\a\yasb\yasb\venv\Lib\site-packages\watchdog\observers\read_directory_changes.py", line 67 in _read_events
  File "D:\a\yasb\yasb\venv\Lib\site-packages\watchdog\observers\read_directory_changes.py", line 70 in queue_events
  File "D:\a\yasb\yasb\venv\Lib\site-packages\watchdog\observers\api.py", line 158 in run
  File "C:\hostedtoolcache\windows\Python\3.14.4\x64\Lib\threading.py", line 1082 in _bootstrap_inner
  File "C:\hostedtoolcache\windows\Python\3.14.4\x64\Lib\threading.py", line 1044 in _bootstrap

Thread 0x00003624 [WiFiWorker] (most recent call first):
  File "D:\a\yasb\yasb\src\core\widgets\services\wifi\wifi_managers.py", line 151 in run

Thread 0x00000c14 [MemoryWorker] (most recent call first):
  File "D:\a\yasb\yasb\src\core\widgets\services\memory\memory_api.py", line 244 in run

Thread 0x00003e90 [CpuWorker] (most recent call first):
  File "D:\a\yasb\yasb\src\core\widgets\services\cpu\cpu_api.py", line 318 in run

Thread 0x00003fe8 [QueryWorker] (most recent call first):
  File "D:\a\yasb\yasb\src\core\widgets\services\quick_launch\workers.py", line 61 in run

Thread 0x00003ef4 [_EventWorker] (most recent call first):
  File "D:\a\yasb\yasb\venv\Lib\site-packages\qasync\_windows.py", line 147 in _poll
  File "D:\a\yasb\yasb\venv\Lib\site-packages\qasync\_windows.py", line 72 in select
  File "D:\a\yasb\yasb\venv\Lib\site-packages\qasync\_windows.py", line 199 in run

Thread 0x00003ed4 [LogPipeServer] (most recent call first):
  File "D:\a\yasb\yasb\src\core\utils\win32\bindings\kernel32.py", line 288 in ConnectNamedPipe
  File "D:\a\yasb\yasb\src\core\utils\cli_server.py", line 138 in _run_server
  File "C:\hostedtoolcache\windows\Python\3.14.4\x64\Lib\threading.py", line 1024 in run
  File "C:\hostedtoolcache\windows\Python\3.14.4\x64\Lib\threading.py", line 1082 in _bootstrap_inner
  File "C:\hostedtoolcache\windows\Python\3.14.4\x64\Lib\threading.py", line 1044 in _bootstrap

Thread 0x00003ed0 [CLIPipeServer] (most recent call first):
  File "D:\a\yasb\yasb\src\core\utils\win32\bindings\kernel32.py", line 288 in ConnectNamedPipe
  File "D:\a\yasb\yasb\src\core\utils\cli_server.py", line 235 in _run_server
  File "C:\hostedtoolcache\windows\Python\3.14.4\x64\Lib\threading.py", line 1024 in run
  File "C:\hostedtoolcache\windows\Python\3.14.4\x64\Lib\threading.py", line 1082 in _bootstrap_inner
  File "C:\hostedtoolcache\windows\Python\3.14.4\x64\Lib\threading.py", line 1044 in _bootstrap

Thread 0x00003e50 (most recent call first):
  File "D:\a\yasb\yasb\venv\Lib\site-packages\qasync\__init__.py", line 404 in run_forever
  File "D:\a\yasb\yasb\venv\Lib\site-packages\qasync\__init__.py", line 428 in run_until_complete
  File "main.py", line 98 in main
  File "main.py", line 188 in <module>
  File "D:\a\yasb\yasb\venv\Lib\site-packages\freeze_core\initscripts\console.py", line 27 in run
  File "D:\a\yasb\yasb\venv\Lib\site-packages\freeze_core\initscripts\__startup__.py", line 137 in run

Current thread's C stack trace (most recent call first):
  <cannot get C stack on this system>
Windows fatal exception: code 0x80010108

Thread 0x00003dd0 [SystrayMonitor] (most recent call first):
  File "D:\a\yasb\yasb\src\core\widgets\services\systray\utils.py", line 145 in start_message_loop
  File "D:\a\yasb\yasb\src\core\widgets\services\systray\systray_monitor.py", line 99 in run
  File "D:\a\yasb\yasb\src\core\widgets\yasb\systray.py", line 65 in run

Thread 0x00000864 [asyncio_0] (most recent call first):
  File "C:\hostedtoolcache\windows\Python\3.14.4\x64\Lib\threading.py", line 373 in wait
  File "C:\hostedtoolcache\windows\Python\3.14.4\x64\Lib\threading.py", line 670 in wait
  File "C:\hostedtoolcache\windows\Python\3.14.4\x64\Lib\concurrent\futures\thread.py", line 73 in run
  File "C:\hostedtoolcache\windows\Python\3.14.4\x64\Lib\concurrent\futures\thread.py", line 86 in run
  File "C:\hostedtoolcache\windows\Python\3.14.4\x64\Lib\concurrent\futures\thread.py", line 119 in _worker
  File "C:\hostedtoolcache\windows\Python\3.14.4\x64\Lib\threading.py", line 1024 in run
  File "C:\hostedtoolcache\windows\Python\3.14.4\x64\Lib\threading.py", line 1082 in _bootstrap_inner
  File "C:\hostedtoolcache\windows\Python\3.14.4\x64\Lib\threading.py", line 1044 in _bootstrap

Thread 0x00002270 [WindowsNotificationEventListener] (most recent call first):
  File "C:\hostedtoolcache\windows\Python\3.14.4\x64\Lib\asyncio\windows_events.py", line 775 in _poll
  File "C:\hostedtoolcache\windows\Python\3.14.4\x64\Lib\asyncio\windows_events.py", line 446 in select
  File "C:\hostedtoolcache\windows\Python\3.14.4\x64\Lib\asyncio\base_events.py", line 2019 in _run_once
  File "C:\hostedtoolcache\windows\Python\3.14.4\x64\Lib\asyncio\base_events.py", line 677 in run_forever
  File "C:\hostedtoolcache\windows\Python\3.14.4\x64\Lib\asyncio\base_events.py", line 706 in run_until_complete
  File "D:\a\yasb\yasb\src\core\widgets\services\notifications\windows_notification.py", line 101 in run

Thread 0x000037ec [KomorebiEventListener] (most recent call first):
  File "C:\hostedtoolcache\windows\Python\3.14.4\x64\Lib\threading.py", line 373 in wait
  File "C:\hostedtoolcache\windows\Python\3.14.4\x64\Lib\threading.py", line 670 in wait
  File "D:\a\yasb\yasb\src\core\widgets\services\komorebi\event_listener.py", line 75 in run

Thread 0x00003f10 [HotkeyListener] (most recent call first):
  File "D:\a\yasb\yasb\src\core\utils\win32\hotkeys.py", line 252 in run

Thread 0x0000302c [Thread-8] (most recent call first):
  File "C:\hostedtoolcache\windows\Python\3.14.4\x64\Lib\threading.py", line 369 in wait
  File "C:\hostedtoolcache\windows\Python\3.14.4\x64\Lib\queue.py", line 199 in get
  File "D:\a\yasb\yasb\venv\Lib\site-packages\watchdog\observers\api.py", line 379 in dispatch_events
  File "D:\a\yasb\yasb\venv\Lib\site-packages\watchdog\observers\api.py", line 213 in run
  File "C:\hostedtoolcache\windows\Python\3.14.4\x64\Lib\threading.py", line 1082 in _bootstrap_inner
  File "C:\hostedtoolcache\windows\Python\3.14.4\x64\Lib\threading.py", line 1044 in _bootstrap

Thread 0x000037f4 [Thread-9] (most recent call first):
  File "D:\a\yasb\yasb\venv\Lib\site-packages\watchdog\observers\winapi.py", line 326 in read_directory_changes
  File "D:\a\yasb\yasb\venv\Lib\site-packages\watchdog\observers\winapi.py", line 380 in read_events
  File "D:\a\yasb\yasb\venv\Lib\site-packages\watchdog\observers\read_directory_changes.py", line 67 in _read_events
  File "D:\a\yasb\yasb\venv\Lib\site-packages\watchdog\observers\read_directory_changes.py", line 70 in queue_events
  File "D:\a\yasb\yasb\venv\Lib\site-packages\watchdog\observers\api.py", line 158 in run
  File "C:\hostedtoolcache\windows\Python\3.14.4\x64\Lib\threading.py", line 1082 in _bootstrap_inner
  File "C:\hostedtoolcache\windows\Python\3.14.4\x64\Lib\threading.py", line 1044 in _bootstrap

Thread 0x00003624 [WiFiWorker] (most recent call first):
  File "D:\a\yasb\yasb\src\core\widgets\services\wifi\wifi_managers.py", line 151 in run

Thread 0x00000c14 [MemoryWorker] (most recent call first):
  File "D:\a\yasb\yasb\src\core\widgets\services\memory\memory_api.py", line 244 in run

Thread 0x00003e90 [CpuWorker] (most recent call first):
  File "D:\a\yasb\yasb\src\core\widgets\services\cpu\cpu_api.py", line 318 in run

Thread 0x00003fe8 [QueryWorker] (most recent call first):
  File "D:\a\yasb\yasb\src\core\widgets\services\quick_launch\workers.py", line 61 in run

Thread 0x00003ef4 [_EventWorker] (most recent call first):
  File "D:\a\yasb\yasb\venv\Lib\site-packages\qasync\_windows.py", line 147 in _poll
  File "D:\a\yasb\yasb\venv\Lib\site-packages\qasync\_windows.py", line 72 in select
  File "D:\a\yasb\yasb\venv\Lib\site-packages\qasync\_windows.py", line 199 in run

Thread 0x00003ed4 [LogPipeServer] (most recent call first):
  File "D:\a\yasb\yasb\src\core\utils\win32\bindings\kernel32.py", line 288 in ConnectNamedPipe
  File "D:\a\yasb\yasb\src\core\utils\cli_server.py", line 138 in _run_server
  File "C:\hostedtoolcache\windows\Python\3.14.4\x64\Lib\threading.py", line 1024 in run
  File "C:\hostedtoolcache\windows\Python\3.14.4\x64\Lib\threading.py", line 1082 in _bootstrap_inner
  File "C:\hostedtoolcache\windows\Python\3.14.4\x64\Lib\threading.py", line 1044 in _bootstrap

Thread 0x00003ed0 [CLIPipeServer] (most recent call first):
  File "D:\a\yasb\yasb\src\core\utils\win32\bindings\kernel32.py", line 288 in ConnectNamedPipe
  File "D:\a\yasb\yasb\src\core\utils\cli_server.py", line 235 in _run_server
  File "C:\hostedtoolcache\windows\Python\3.14.4\x64\Lib\threading.py", line 1024 in run
  File "C:\hostedtoolcache\windows\Python\3.14.4\x64\Lib\threading.py", line 1082 in _bootstrap_inner
  File "C:\hostedtoolcache\windows\Python\3.14.4\x64\Lib\threading.py", line 1044 in _bootstrap

Thread 0x00003e50 (most recent call first):
  File "D:\a\yasb\yasb\venv\Lib\site-packages\qasync\__init__.py", line 404 in run_forever
  File "D:\a\yasb\yasb\venv\Lib\site-packages\qasync\__init__.py", line 428 in run_until_complete
  File "main.py", line 98 in main
  File "main.py", line 188 in <module>
  File "D:\a\yasb\yasb\venv\Lib\site-packages\freeze_core\initscripts\console.py", line 27 in run
  File "D:\a\yasb\yasb\venv\Lib\site-packages\freeze_core\initscripts\__startup__.py", line 137 in run

Current thread's C stack trace (most recent call first):
  <cannot get C stack on this system>
2026-07-08 10:47:10,873 [INFO] [MainThread] [root/api.py:69]: Fetching new weather data at 2026-07-08 10:47:10.873171
2026-07-08 10:57:10,884 [INFO] [MainThread] [root/api.py:69]: Fetching new weather data at 2026-07-08 10:57:10.884268
2026-07-08 11:07:10,872 [INFO] [MainThread] [root/api.py:69]: Fetching new weather data at 2026-07-08 11:07:10.872546
2026-07-08 11:17:10,868 [INFO] [MainThread] [root/api.py:69]: Fetching new weather data at 2026-07-08 11:17:10.868932
2026-07-08 11:27:10,908 [INFO] [MainThread] [root/api.py:69]: Fetching new weather data at 2026-07-08 11:27:10.908291
2026-07-08 11:37:10,868 [INFO] [MainThread] [root/api.py:69]: Fetching new weather data at 2026-07-08 11:37:10.868376
2026-07-08 11:47:10,886 [INFO] [MainThread] [root/api.py:69]: Fetching new weather data at 2026-07-08 11:47:10.886406
2026-07-08 11:57:10,868 [INFO] [MainThread] [root/api.py:69]: Fetching new weather data at 2026-07-08 11:57:10.868791
2026-07-08 12:07:11,224 [INFO] [MainThread] [root/api.py:69]: Fetching new weather data at 2026-07-08 12:07:11.224874
2026-07-08 12:17:10,875 [INFO] [MainThread] [root/api.py:69]: Fetching new weather data at 2026-07-08 12:17:10.875729
2026-07-08 12:27:10,989 [INFO] [MainThread] [root/api.py:69]: Fetching new weather data at 2026-07-08 12:27:10.989503
2026-07-08 12:37:10,903 [INFO] [MainThread] [root/api.py:69]: Fetching new weather data at 2026-07-08 12:37:10.903791
2026-07-08 12:47:10,903 [INFO] [MainThread] [root/api.py:69]: Fetching new weather data at 2026-07-08 12:47:10.903495
2026-07-08 12:57:10,867 [INFO] [MainThread] [root/api.py:69]: Fetching new weather data at 2026-07-08 12:57:10.867126
2026-07-08 13:07:10,897 [INFO] [MainThread] [root/api.py:69]: Fetching new weather data at 2026-07-08 13:07:10.897268
2026-07-08 13:17:10,890 [INFO] [MainThread] [root/api.py:69]: Fetching new weather data at 2026-07-08 13:17:10.890292
2026-07-08 13:27:10,866 [INFO] [MainThread] [root/api.py:69]: Fetching new weather data at 2026-07-08 13:27:10.866211
2026-07-08 13:37:11,194 [INFO] [MainThread] [root/api.py:69]: Fetching new weather data at 2026-07-08 13:37:11.194032
2026-07-08 13:47:10,924 [INFO] [MainThread] [root/api.py:69]: Fetching new weather data at 2026-07-08 13:47:10.924891
2026-07-08 13:57:10,888 [INFO] [MainThread] [root/api.py:69]: Fetching new weather data at 2026-07-08 13:57:10.888001
2026-07-08 14:07:11,028 [INFO] [MainThread] [root/api.py:69]: Fetching new weather data at 2026-07-08 14:07:11.028559
2026-07-08 14:17:10,996 [INFO] [MainThread] [root/api.py:69]: Fetching new weather data at 2026-07-08 14:17:10.995975
2026-07-08 14:27:10,910 [INFO] [MainThread] [root/api.py:69]: Fetching new weather data at 2026-07-08 14:27:10.910112
2026-07-08 14:37:10,905 [INFO] [MainThread] [root/api.py:69]: Fetching new weather data at 2026-07-08 14:37:10.905225
2026-07-08 14:47:10,872 [INFO] [MainThread] [root/api.py:69]: Fetching new weather data at 2026-07-08 14:47:10.872280
2026-07-08 14:57:11,895 [INFO] [MainThread] [root/api.py:69]: Fetching new weather data at 2026-07-08 14:57:11.895611
2026-07-08 15:07:10,878 [INFO] [MainThread] [root/api.py:69]: Fetching new weather data at 2026-07-08 15:07:10.878218
2026-07-08 15:17:10,885 [INFO] [MainThread] [root/api.py:69]: Fetching new weather data at 2026-07-08 15:17:10.885352
2026-07-08 15:27:10,890 [INFO] [MainThread] [root/api.py:69]: Fetching new weather data at 2026-07-08 15:27:10.890575
2026-07-08 15:37:10,892 [INFO] [MainThread] [root/api.py:69]: Fetching new weather data at 2026-07-08 15:37:10.892642
2026-07-08 15:47:10,891 [INFO] [MainThread] [root/api.py:69]: Fetching new weather data at 2026-07-08 15:47:10.891704
2026-07-08 15:57:10,892 [INFO] [MainThread] [root/api.py:69]: Fetching new weather data at 2026-07-08 15:57:10.892156
2026-07-08 16:07:10,873 [INFO] [MainThread] [root/api.py:69]: Fetching new weather data at 2026-07-08 16:07:10.873334
2026-07-08 16:17:10,912 [INFO] [MainThread] [root/api.py:69]: Fetching new weather data at 2026-07-08 16:17:10.911979
2026-07-08 16:27:10,933 [INFO] [MainThread] [root/api.py:69]: Fetching new weather data at 2026-07-08 16:27:10.933721
2026-07-08 16:37:10,875 [INFO] [MainThread] [root/api.py:69]: Fetching new weather data at 2026-07-08 16:37:10.875778
2026-07-08 16:47:10,880 [INFO] [MainThread] [root/api.py:69]: Fetching new weather data at 2026-07-08 16:47:10.880196
2026-07-08 16:57:10,889 [INFO] [MainThread] [root/api.py:69]: Fetching new weather data at 2026-07-08 16:57:10.889789
2026-07-08 17:07:10,874 [INFO] [MainThread] [root/api.py:69]: Fetching new weather data at 2026-07-08 17:07:10.874229
2026-07-08 17:17:10,892 [INFO] [MainThread] [root/api.py:69]: Fetching new weather data at 2026-07-08 17:17:10.892136
2026-07-08 17:27:10,884 [INFO] [MainThread] [root/api.py:69]: Fetching new weather data at 2026-07-08 17:27:10.884742
2026-07-08 20:12:25,124 [INFO] [MainThread] [root/api.py:69]: Fetching new weather data at 2026-07-08 20:12:25.123922
2026-07-08 20:22:19,157 [INFO] [MainThread] [root/api.py:69]: Fetching new weather data at 2026-07-08 20:22:19.156893
2026-07-08 20:32:18,110 [INFO] [MainThread] [root/api.py:69]: Fetching new weather data at 2026-07-08 20:32:18.110000
2026-07-08 20:42:18,112 [INFO] [MainThread] [root/api.py:69]: Fetching new weather data at 2026-07-08 20:42:18.112495
2026-07-08 20:52:18,106 [INFO] [MainThread] [root/api.py:69]: Fetching new weather data at 2026-07-08 20:52:18.106611
2026-07-08 21:02:18,103 [INFO] [MainThread] [root/api.py:69]: Fetching new weather data at 2026-07-08 21:02:18.102960
2026-07-08 21:12:18,133 [INFO] [MainThread] [root/api.py:69]: Fetching new weather data at 2026-07-08 21:12:18.133434
2026-07-08 21:22:18,122 [INFO] [MainThread] [root/api.py:69]: Fetching new weather data at 2026-07-08 21:22:18.122859
2026-07-08 21:32:18,129 [INFO] [MainThread] [root/api.py:69]: Fetching new weather data at 2026-07-08 21:32:18.129550
2026-07-08 21:42:18,126 [INFO] [MainThread] [root/api.py:69]: Fetching new weather data at 2026-07-08 21:42:18.126487
2026-07-08 21:52:18,098 [INFO] [MainThread] [root/api.py:69]: Fetching new weather data at 2026-07-08 21:52:18.098422
2026-07-08 22:02:18,142 [INFO] [MainThread] [root/api.py:69]: Fetching new weather data at 2026-07-08 22:02:18.142005
2026-07-08 22:12:18,096 [INFO] [MainThread] [root/api.py:69]: Fetching new weather data at 2026-07-08 22:12:18.096785
2026-07-08 22:22:18,091 [INFO] [MainThread] [root/api.py:69]: Fetching new weather data at 2026-07-08 22:22:18.091417
2026-07-08 22:32:18,119 [INFO] [MainThread] [root/api.py:69]: Fetching new weather data at 2026-07-08 22:32:18.119026
2026-07-08 22:42:18,072 [INFO] [MainThread] [root/api.py:69]: Fetching new weather data at 2026-07-08 22:42:18.072436
2026-07-08 22:52:18,106 [INFO] [MainThread] [root/api.py:69]: Fetching new weather data at 2026-07-08 22:52:18.106900
2026-07-08 23:02:18,167 [INFO] [MainThread] [root/api.py:69]: Fetching new weather data at 2026-07-08 23:02:18.167660
2026-07-08 23:12:18,115 [INFO] [MainThread] [root/api.py:69]: Fetching new weather data at 2026-07-08 23:12:18.115097
2026-07-08 23:22:18,111 [INFO] [MainThread] [root/api.py:69]: Fetching new weather data at 2026-07-08 23:22:18.111832
2026-07-08 23:32:18,092 [INFO] [MainThread] [root/api.py:69]: Fetching new weather data at 2026-07-08 23:32:18.092518
2026-07-08 23:42:18,154 [INFO] [MainThread] [root/api.py:69]: Fetching new weather data at 2026-07-08 23:42:18.154611
2026-07-08 23:52:18,103 [INFO] [MainThread] [root/api.py:69]: Fetching new weather data at 2026-07-08 23:52:18.103182
2026-07-09 00:02:18,093 [INFO] [MainThread] [root/api.py:69]: Fetching new weather data at 2026-07-09 00:02:18.093591
2026-07-09 00:12:18,107 [INFO] [MainThread] [root/api.py:69]: Fetching new weather data at 2026-07-09 00:12:18.107217
2026-07-09 00:22:18,105 [INFO] [MainThread] [root/api.py:69]: Fetching new weather data at 2026-07-09 00:22:18.105524
2026-07-09 00:32:18,092 [INFO] [MainThread] [root/api.py:69]: Fetching new weather data at 2026-07-09 00:32:18.092383
2026-07-09 00:42:18,100 [INFO] [MainThread] [root/api.py:69]: Fetching new weather data at 2026-07-09 00:42:18.100647
Windows fatal exception: code 0x80010108

Thread 0x00003dd0 [SystrayMonitor] (most recent call first):
  File "D:\a\yasb\yasb\src\core\widgets\services\systray\utils.py", line 145 in start_message_loop
  File "D:\a\yasb\yasb\src\core\widgets\services\systray\systray_monitor.py", line 99 in run
  File "D:\a\yasb\yasb\src\core\widgets\yasb\systray.py", line 65 in run

Thread 0x00000864 [asyncio_0] (most recent call first):
  File "C:\hostedtoolcache\windows\Python\3.14.4\x64\Lib\threading.py", line 373 in wait
  File "C:\hostedtoolcache\windows\Python\3.14.4\x64\Lib\threading.py", line 670 in wait
  File "C:\hostedtoolcache\windows\Python\3.14.4\x64\Lib\concurrent\futures\thread.py", line 73 in run
  File "C:\hostedtoolcache\windows\Python\3.14.4\x64\Lib\concurrent\futures\thread.py", line 86 in run
  File "C:\hostedtoolcache\windows\Python\3.14.4\x64\Lib\concurrent\futures\thread.py", line 119 in _worker
  File "C:\hostedtoolcache\windows\Python\3.14.4\x64\Lib\threading.py", line 1024 in run
  File "C:\hostedtoolcache\windows\Python\3.14.4\x64\Lib\threading.py", line 1082 in _bootstrap_inner
  File "C:\hostedtoolcache\windows\Python\3.14.4\x64\Lib\threading.py", line 1044 in _bootstrap

Thread 0x00002270 [WindowsNotificationEventListener] (most recent call first):
  File "C:\hostedtoolcache\windows\Python\3.14.4\x64\Lib\asyncio\windows_events.py", line 775 in _poll
  File "C:\hostedtoolcache\windows\Python\3.14.4\x64\Lib\asyncio\windows_events.py", line 446 in select
  File "C:\hostedtoolcache\windows\Python\3.14.4\x64\Lib\asyncio\base_events.py", line 2019 in _run_once
  File "C:\hostedtoolcache\windows\Python\3.14.4\x64\Lib\asyncio\base_events.py", line 677 in run_forever
  File "C:\hostedtoolcache\windows\Python\3.14.4\x64\Lib\asyncio\base_events.py", line 706 in run_until_complete
  File "D:\a\yasb\yasb\src\core\widgets\services\notifications\windows_notification.py", line 101 in run

Thread 0x000037ec [KomorebiEventListener] (most recent call first):
  File "C:\hostedtoolcache\windows\Python\3.14.4\x64\Lib\threading.py", line 373 in wait
  File "C:\hostedtoolcache\windows\Python\3.14.4\x64\Lib\threading.py", line 670 in wait
  File "D:\a\yasb\yasb\src\core\widgets\services\komorebi\event_listener.py", line 75 in run

Thread 0x00003f10 [HotkeyListener] (most recent call first):
  File "D:\a\yasb\yasb\src\core\utils\win32\hotkeys.py", line 252 in run

Thread 0x0000302c [Thread-8] (most recent call first):
  File "C:\hostedtoolcache\windows\Python\3.14.4\x64\Lib\threading.py", line 369 in wait
  File "C:\hostedtoolcache\windows\Python\3.14.4\x64\Lib\queue.py", line 199 in get
  File "D:\a\yasb\yasb\venv\Lib\site-packages\watchdog\observers\api.py", line 379 in dispatch_events
  File "D:\a\yasb\yasb\venv\Lib\site-packages\watchdog\observers\api.py", line 213 in run
  File "C:\hostedtoolcache\windows\Python\3.14.4\x64\Lib\threading.py", line 1082 in _bootstrap_inner
  File "C:\hostedtoolcache\windows\Python\3.14.4\x64\Lib\threading.py", line 1044 in _bootstrap

Thread 0x000037f4 [Thread-9] (most recent call first):
  File "D:\a\yasb\yasb\venv\Lib\site-packages\watchdog\observers\winapi.py", line 326 in read_directory_changes
  File "D:\a\yasb\yasb\venv\Lib\site-packages\watchdog\observers\winapi.py", line 380 in read_events
  File "D:\a\yasb\yasb\venv\Lib\site-packages\watchdog\observers\read_directory_changes.py", line 67 in _read_events
  File "D:\a\yasb\yasb\venv\Lib\site-packages\watchdog\observers\read_directory_changes.py", line 70 in queue_events
  File "D:\a\yasb\yasb\venv\Lib\site-packages\watchdog\observers\api.py", line 158 in run
  File "C:\hostedtoolcache\windows\Python\3.14.4\x64\Lib\threading.py", line 1082 in _bootstrap_inner
  File "C:\hostedtoolcache\windows\Python\3.14.4\x64\Lib\threading.py", line 1044 in _bootstrap

Thread 0x00003624 [WiFiWorker] (most recent call first):
  File "D:\a\yasb\yasb\src\core\widgets\services\wifi\wifi_managers.py", line 151 in run

Thread 0x00000c14 [MemoryWorker] (most recent call first):
  File "D:\a\yasb\yasb\src\core\widgets\services\memory\memory_api.py", line 244 in run

Thread 0x00003e90 [CpuWorker] (most recent call first):
  File "D:\a\yasb\yasb\src\core\widgets\services\cpu\cpu_api.py", line 318 in run

Thread 0x00003fe8 [QueryWorker] (most recent call first):
  File "D:\a\yasb\yasb\src\core\widgets\services\quick_launch\workers.py", line 61 in run

Thread 0x00003ef4 [_EventWorker] (most recent call first):
  File "D:\a\yasb\yasb\venv\Lib\site-packages\qasync\_windows.py", line 147 in _poll
  File "D:\a\yasb\yasb\venv\Lib\site-packages\qasync\_windows.py", line 72 in select
  File "D:\a\yasb\yasb\venv\Lib\site-packages\qasync\_windows.py", line 199 in run

Thread 0x00003ed4 [LogPipeServer] (most recent call first):
  File "D:\a\yasb\yasb\src\core\utils\win32\bindings\kernel32.py", line 288 in ConnectNamedPipe
  File "D:\a\yasb\yasb\src\core\utils\cli_server.py", line 138 in _run_server
  File "C:\hostedtoolcache\windows\Python\3.14.4\x64\Lib\threading.py", line 1024 in run
  File "C:\hostedtoolcache\windows\Python\3.14.4\x64\Lib\threading.py", line 1082 in _bootstrap_inner
  File "C:\hostedtoolcache\windows\Python\3.14.4\x64\Lib\threading.py", line 1044 in _bootstrap

Thread 0x00003ed0 [CLIPipeServer] (most recent call first):
  File "D:\a\yasb\yasb\src\core\utils\win32\bindings\kernel32.py", line 288 in ConnectNamedPipe
  File "D:\a\yasb\yasb\src\core\utils\cli_server.py", line 235 in _run_server
  File "C:\hostedtoolcache\windows\Python\3.14.4\x64\Lib\threading.py", line 1024 in run
  File "C:\hostedtoolcache\windows\Python\3.14.4\x64\Lib\threading.py", line 1082 in _bootstrap_inner
  File "C:\hostedtoolcache\windows\Python\3.14.4\x64\Lib\threading.py", line 1044 in _bootstrap

Thread 0x00003e50 (most recent call first):
  File "D:\a\yasb\yasb\venv\Lib\site-packages\qasync\__init__.py", line 404 in run_forever
  File "D:\a\yasb\yasb\venv\Lib\site-packages\qasync\__init__.py", line 428 in run_until_complete
  File "main.py", line 98 in main
  File "main.py", line 188 in <module>
  File "D:\a\yasb\yasb\venv\Lib\site-packages\freeze_core\initscripts\console.py", line 27 in run
  File "D:\a\yasb\yasb\venv\Lib\site-packages\freeze_core\initscripts\__startup__.py", line 137 in run

Current thread's C stack trace (most recent call first):
  <cannot get C stack on this system>
Windows fatal exception: code 0x80010108

Thread 0x00003dd0 [SystrayMonitor] (most recent call first):
  File "D:\a\yasb\yasb\src\core\widgets\services\systray\utils.py", line 145 in start_message_loop
  File "D:\a\yasb\yasb\src\core\widgets\services\systray\systray_monitor.py", line 99 in run
  File "D:\a\yasb\yasb\src\core\widgets\yasb\systray.py", line 65 in run

Thread 0x00000864 [asyncio_0] (most recent call first):
  File "C:\hostedtoolcache\windows\Python\3.14.4\x64\Lib\threading.py", line 373 in wait
  File "C:\hostedtoolcache\windows\Python\3.14.4\x64\Lib\threading.py", line 670 in wait
  File "C:\hostedtoolcache\windows\Python\3.14.4\x64\Lib\concurrent\futures\thread.py", line 73 in run
  File "C:\hostedtoolcache\windows\Python\3.14.4\x64\Lib\concurrent\futures\thread.py", line 86 in run
  File "C:\hostedtoolcache\windows\Python\3.14.4\x64\Lib\concurrent\futures\thread.py", line 119 in _worker
  File "C:\hostedtoolcache\windows\Python\3.14.4\x64\Lib\threading.py", line 1024 in run
  File "C:\hostedtoolcache\windows\Python\3.14.4\x64\Lib\threading.py", line 1082 in _bootstrap_inner
  File "C:\hostedtoolcache\windows\Python\3.14.4\x64\Lib\threading.py", line 1044 in _bootstrap

Thread 0x00002270 [WindowsNotificationEventListener] (most recent call first):
  File "C:\hostedtoolcache\windows\Python\3.14.4\x64\Lib\asyncio\windows_events.py", line 775 in _poll
  File "C:\hostedtoolcache\windows\Python\3.14.4\x64\Lib\asyncio\windows_events.py", line 446 in select
  File "C:\hostedtoolcache\windows\Python\3.14.4\x64\Lib\asyncio\base_events.py", line 2019 in _run_once
  File "C:\hostedtoolcache\windows\Python\3.14.4\x64\Lib\asyncio\base_events.py", line 677 in run_forever
  File "C:\hostedtoolcache\windows\Python\3.14.4\x64\Lib\asyncio\base_events.py", line 706 in run_until_complete
  File "D:\a\yasb\yasb\src\core\widgets\services\notifications\windows_notification.py", line 101 in run

Thread 0x000037ec [KomorebiEventListener] (most recent call first):
  File "C:\hostedtoolcache\windows\Python\3.14.4\x64\Lib\threading.py", line 373 in wait
  File "C:\hostedtoolcache\windows\Python\3.14.4\x64\Lib\threading.py", line 670 in wait
  File "D:\a\yasb\yasb\src\core\widgets\services\komorebi\event_listener.py", line 75 in run

Thread 0x00003f10 [HotkeyListener] (most recent call first):
  File "D:\a\yasb\yasb\src\core\utils\win32\hotkeys.py", line 252 in run

Thread 0x0000302c [Thread-8] (most recent call first):
  File "C:\hostedtoolcache\windows\Python\3.14.4\x64\Lib\threading.py", line 369 in wait
  File "C:\hostedtoolcache\windows\Python\3.14.4\x64\Lib\queue.py", line 199 in get
  File "D:\a\yasb\yasb\venv\Lib\site-packages\watchdog\observers\api.py", line 379 in dispatch_events
  File "D:\a\yasb\yasb\venv\Lib\site-packages\watchdog\observers\api.py", line 213 in run
  File "C:\hostedtoolcache\windows\Python\3.14.4\x64\Lib\threading.py", line 1082 in _bootstrap_inner
  File "C:\hostedtoolcache\windows\Python\3.14.4\x64\Lib\threading.py", line 1044 in _bootstrap

Thread 0x000037f4 [Thread-9] (most recent call first):
  File "D:\a\yasb\yasb\venv\Lib\site-packages\watchdog\observers\winapi.py", line 326 in read_directory_changes
  File "D:\a\yasb\yasb\venv\Lib\site-packages\watchdog\observers\winapi.py", line 380 in read_events
  File "D:\a\yasb\yasb\venv\Lib\site-packages\watchdog\observers\read_directory_changes.py", line 67 in _read_events
  File "D:\a\yasb\yasb\venv\Lib\site-packages\watchdog\observers\read_directory_changes.py", line 70 in queue_events
  File "D:\a\yasb\yasb\venv\Lib\site-packages\watchdog\observers\api.py", line 158 in run
  File "C:\hostedtoolcache\windows\Python\3.14.4\x64\Lib\threading.py", line 1082 in _bootstrap_inner
  File "C:\hostedtoolcache\windows\Python\3.14.4\x64\Lib\threading.py", line 1044 in _bootstrap

Thread 0x00003624 [WiFiWorker] (most recent call first):
  File "D:\a\yasb\yasb\src\core\widgets\services\wifi\wifi_managers.py", line 151 in run

Thread 0x00000c14 [MemoryWorker] (most recent call first):
  File "D:\a\yasb\yasb\src\core\widgets\services\memory\memory_api.py", line 244 in run

Thread 0x00003e90 [CpuWorker] (most recent call first):
  File "D:\a\yasb\yasb\src\core\widgets\services\cpu\cpu_api.py", line 318 in run

Thread 0x00003fe8 [QueryWorker] (most recent call first):
  File "D:\a\yasb\yasb\src\core\widgets\services\quick_launch\workers.py", line 61 in run

Thread 0x00003ef4 [_EventWorker] (most recent call first):
  File "D:\a\yasb\yasb\venv\Lib\site-packages\qasync\_windows.py", line 147 in _poll
  File "D:\a\yasb\yasb\venv\Lib\site-packages\qasync\_windows.py", line 72 in select
  File "D:\a\yasb\yasb\venv\Lib\site-packages\qasync\_windows.py", line 199 in run

Thread 0x00003ed4 [LogPipeServer] (most recent call first):
  File "D:\a\yasb\yasb\src\core\utils\win32\bindings\kernel32.py", line 288 in ConnectNamedPipe
  File "D:\a\yasb\yasb\src\core\utils\cli_server.py", line 138 in _run_server
  File "C:\hostedtoolcache\windows\Python\3.14.4\x64\Lib\threading.py", line 1024 in run
  File "C:\hostedtoolcache\windows\Python\3.14.4\x64\Lib\threading.py", line 1082 in _bootstrap_inner
  File "C:\hostedtoolcache\windows\Python\3.14.4\x64\Lib\threading.py", line 1044 in _bootstrap

Thread 0x00003ed0 [CLIPipeServer] (most recent call first):
  File "D:\a\yasb\yasb\src\core\utils\win32\bindings\kernel32.py", line 288 in ConnectNamedPipe
  File "D:\a\yasb\yasb\src\core\utils\cli_server.py", line 235 in _run_server
  File "C:\hostedtoolcache\windows\Python\3.14.4\x64\Lib\threading.py", line 1024 in run
  File "C:\hostedtoolcache\windows\Python\3.14.4\x64\Lib\threading.py", line 1082 in _bootstrap_inner
  File "C:\hostedtoolcache\windows\Python\3.14.4\x64\Lib\threading.py", line 1044 in _bootstrap

Thread 0x00003e50 (most recent call first):
  File "D:\a\yasb\yasb\venv\Lib\site-packages\qasync\__init__.py", line 404 in run_forever
  File "D:\a\yasb\yasb\venv\Lib\site-packages\qasync\__init__.py", line 428 in run_until_complete
  File "main.py", line 98 in main
  File "main.py", line 188 in <module>
  File "D:\a\yasb\yasb\venv\Lib\site-packages\freeze_core\initscripts\console.py", line 27 in run
  File "D:\a\yasb\yasb\venv\Lib\site-packages\freeze_core\initscripts\__startup__.py", line 137 in run

Current thread's C stack trace (most recent call first):
  <cannot get C stack on this system>
Windows fatal exception: code 0x80010108

Thread 0x00003dd0 [SystrayMonitor] (most recent call first):
  File "D:\a\yasb\yasb\src\core\widgets\services\systray\utils.py", line 145 in start_message_loop
  File "D:\a\yasb\yasb\src\core\widgets\services\systray\systray_monitor.py", line 99 in run
  File "D:\a\yasb\yasb\src\core\widgets\yasb\systray.py", line 65 in run

Thread 0x00000864 [asyncio_0] (most recent call first):
  File "C:\hostedtoolcache\windows\Python\3.14.4\x64\Lib\threading.py", line 373 in wait
  File "C:\hostedtoolcache\windows\Python\3.14.4\x64\Lib\threading.py", line 670 in wait
  File "C:\hostedtoolcache\windows\Python\3.14.4\x64\Lib\concurrent\futures\thread.py", line 73 in run
  File "C:\hostedtoolcache\windows\Python\3.14.4\x64\Lib\concurrent\futures\thread.py", line 86 in run
  File "C:\hostedtoolcache\windows\Python\3.14.4\x64\Lib\concurrent\futures\thread.py", line 119 in _worker
  File "C:\hostedtoolcache\windows\Python\3.14.4\x64\Lib\threading.py", line 1024 in run
  File "C:\hostedtoolcache\windows\Python\3.14.4\x64\Lib\threading.py", line 1082 in _bootstrap_inner
  File "C:\hostedtoolcache\windows\Python\3.14.4\x64\Lib\threading.py", line 1044 in _bootstrap

Thread 0x00002270 [WindowsNotificationEventListener] (most recent call first):
  File "C:\hostedtoolcache\windows\Python\3.14.4\x64\Lib\asyncio\windows_events.py", line 775 in _poll
  File "C:\hostedtoolcache\windows\Python\3.14.4\x64\Lib\asyncio\windows_events.py", line 446 in select
  File "C:\hostedtoolcache\windows\Python\3.14.4\x64\Lib\asyncio\base_events.py", line 2019 in _run_once
  File "C:\hostedtoolcache\windows\Python\3.14.4\x64\Lib\asyncio\base_events.py", line 677 in run_forever
  File "C:\hostedtoolcache\windows\Python\3.14.4\x64\Lib\asyncio\base_events.py", line 706 in run_until_complete
  File "D:\a\yasb\yasb\src\core\widgets\services\notifications\windows_notification.py", line 101 in run

Thread 0x000037ec [KomorebiEventListener] (most recent call first):
  File "C:\hostedtoolcache\windows\Python\3.14.4\x64\Lib\threading.py", line 373 in wait
  File "C:\hostedtoolcache\windows\Python\3.14.4\x64\Lib\threading.py", line 670 in wait
  File "D:\a\yasb\yasb\src\core\widgets\services\komorebi\event_listener.py", line 75 in run

Thread 0x00003f10 [HotkeyListener] (most recent call first):
  File "D:\a\yasb\yasb\src\core\utils\win32\hotkeys.py", line 252 in run

Thread 0x0000302c [Thread-8] (most recent call first):
  File "C:\hostedtoolcache\windows\Python\3.14.4\x64\Lib\threading.py", line 369 in wait
  File "C:\hostedtoolcache\windows\Python\3.14.4\x64\Lib\queue.py", line 199 in get
  File "D:\a\yasb\yasb\venv\Lib\site-packages\watchdog\observers\api.py", line 379 in dispatch_events
  File "D:\a\yasb\yasb\venv\Lib\site-packages\watchdog\observers\api.py", line 213 in run
  File "C:\hostedtoolcache\windows\Python\3.14.4\x64\Lib\threading.py", line 1082 in _bootstrap_inner
  File "C:\hostedtoolcache\windows\Python\3.14.4\x64\Lib\threading.py", line 1044 in _bootstrap

Thread 0x000037f4 [Thread-9] (most recent call first):
  File "D:\a\yasb\yasb\venv\Lib\site-packages\watchdog\observers\winapi.py", line 326 in read_directory_changes
  File "D:\a\yasb\yasb\venv\Lib\site-packages\watchdog\observers\winapi.py", line 380 in read_events
  File "D:\a\yasb\yasb\venv\Lib\site-packages\watchdog\observers\read_directory_changes.py", line 67 in _read_events
  File "D:\a\yasb\yasb\venv\Lib\site-packages\watchdog\observers\read_directory_changes.py", line 70 in queue_events
  File "D:\a\yasb\yasb\venv\Lib\site-packages\watchdog\observers\api.py", line 158 in run
  File "C:\hostedtoolcache\windows\Python\3.14.4\x64\Lib\threading.py", line 1082 in _bootstrap_inner
  File "C:\hostedtoolcache\windows\Python\3.14.4\x64\Lib\threading.py", line 1044 in _bootstrap

Thread 0x00003624 [WiFiWorker] (most recent call first):
  File "D:\a\yasb\yasb\src\core\widgets\services\wifi\wifi_managers.py", line 151 in run

Thread 0x00000c14 [MemoryWorker] (most recent call first):
  File "D:\a\yasb\yasb\src\core\widgets\services\memory\memory_api.py", line 244 in run

Thread 0x00003e90 [CpuWorker] (most recent call first):
  File "D:\a\yasb\yasb\src\core\widgets\services\cpu\cpu_api.py", line 318 in run

Thread 0x00003fe8 [QueryWorker] (most recent call first):
  File "D:\a\yasb\yasb\src\core\widgets\services\quick_launch\workers.py", line 61 in run

Thread 0x00003ef4 [_EventWorker] (most recent call first):
  File "D:\a\yasb\yasb\venv\Lib\site-packages\qasync\_windows.py", line 147 in _poll
  File "D:\a\yasb\yasb\venv\Lib\site-packages\qasync\_windows.py", line 72 in select
  File "D:\a\yasb\yasb\venv\Lib\site-packages\qasync\_windows.py", line 199 in run

Thread 0x00003ed4 [LogPipeServer] (most recent call first):
  File "D:\a\yasb\yasb\src\core\utils\win32\bindings\kernel32.py", line 288 in ConnectNamedPipe
  File "D:\a\yasb\yasb\src\core\utils\cli_server.py", line 138 in _run_server
  File "C:\hostedtoolcache\windows\Python\3.14.4\x64\Lib\threading.py", line 1024 in run
  File "C:\hostedtoolcache\windows\Python\3.14.4\x64\Lib\threading.py", line 1082 in _bootstrap_inner
  File "C:\hostedtoolcache\windows\Python\3.14.4\x64\Lib\threading.py", line 1044 in _bootstrap

Thread 0x00003ed0 [CLIPipeServer] (most recent call first):
  File "D:\a\yasb\yasb\src\core\utils\win32\bindings\kernel32.py", line 288 in ConnectNamedPipe
  File "D:\a\yasb\yasb\src\core\utils\cli_server.py", line 235 in _run_server
  File "C:\hostedtoolcache\windows\Python\3.14.4\x64\Lib\threading.py", line 1024 in run
  File "C:\hostedtoolcache\windows\Python\3.14.4\x64\Lib\threading.py", line 1082 in _bootstrap_inner
  File "C:\hostedtoolcache\windows\Python\3.14.4\x64\Lib\threading.py", line 1044 in _bootstrap

Thread 0x00003e50 (most recent call first):
  File "D:\a\yasb\yasb\venv\Lib\site-packages\qasync\__init__.py", line 404 in run_forever
  File "D:\a\yasb\yasb\venv\Lib\site-packages\qasync\__init__.py", line 428 in run_until_complete
  File "main.py", line 98 in main
  File "main.py", line 188 in <module>
  File "D:\a\yasb\yasb\venv\Lib\site-packages\freeze_core\initscripts\console.py", line 27 in run
  File "D:\a\yasb\yasb\venv\Lib\site-packages\freeze_core\initscripts\__startup__.py", line 137 in run

Current thread's C stack trace (most recent call first):
  <cannot get C stack on this system>
2026-07-09 00:52:18,075 [INFO] [MainThread] [root/api.py:69]: Fetching new weather data at 2026-07-09 00:52:18.075459
2026-07-09 00:54:27,340 [INFO] [MainThread] [root/service.py:212]: Quick Launch rebuilding app list after install/uninstall detected
2026-07-09 01:02:18,088 [INFO] [MainThread] [root/api.py:69]: Fetching new weather data at 2026-07-09 01:02:18.088096
2026-07-09 01:12:18,090 [INFO] [MainThread] [root/api.py:69]: Fetching new weather data at 2026-07-09 01:12:18.090387
Windows fatal exception: code 0x80010108

Thread 0x00003dd0 [SystrayMonitor] (most recent call first):
  File "D:\a\yasb\yasb\src\core\widgets\services\systray\utils.py", line 145 in start_message_loop
  File "D:\a\yasb\yasb\src\core\widgets\services\systray\systray_monitor.py", line 99 in run
  File "D:\a\yasb\yasb\src\core\widgets\yasb\systray.py", line 65 in run

Thread 0x00000864 [asyncio_0] (most recent call first):
  File "C:\hostedtoolcache\windows\Python\3.14.4\x64\Lib\threading.py", line 373 in wait
  File "C:\hostedtoolcache\windows\Python\3.14.4\x64\Lib\threading.py", line 670 in wait
  File "C:\hostedtoolcache\windows\Python\3.14.4\x64\Lib\concurrent\futures\thread.py", line 73 in run
  File "C:\hostedtoolcache\windows\Python\3.14.4\x64\Lib\concurrent\futures\thread.py", line 86 in run
  File "C:\hostedtoolcache\windows\Python\3.14.4\x64\Lib\concurrent\futures\thread.py", line 119 in _worker
  File "C:\hostedtoolcache\windows\Python\3.14.4\x64\Lib\threading.py", line 1024 in run
  File "C:\hostedtoolcache\windows\Python\3.14.4\x64\Lib\threading.py", line 1082 in _bootstrap_inner
  File "C:\hostedtoolcache\windows\Python\3.14.4\x64\Lib\threading.py", line 1044 in _bootstrap

Thread 0x00002270 [WindowsNotificationEventListener] (most recent call first):
  File "C:\hostedtoolcache\windows\Python\3.14.4\x64\Lib\asyncio\windows_events.py", line 775 in _poll
  File "C:\hostedtoolcache\windows\Python\3.14.4\x64\Lib\asyncio\windows_events.py", line 446 in select
  File "C:\hostedtoolcache\windows\Python\3.14.4\x64\Lib\asyncio\base_events.py", line 2019 in _run_once
  File "C:\hostedtoolcache\windows\Python\3.14.4\x64\Lib\asyncio\base_events.py", line 677 in run_forever
  File "C:\hostedtoolcache\windows\Python\3.14.4\x64\Lib\asyncio\base_events.py", line 706 in run_until_complete
  File "D:\a\yasb\yasb\src\core\widgets\services\notifications\windows_notification.py", line 101 in run

Thread 0x000037ec [KomorebiEventListener] (most recent call first):
  File "C:\hostedtoolcache\windows\Python\3.14.4\x64\Lib\threading.py", line 373 in wait
  File "C:\hostedtoolcache\windows\Python\3.14.4\x64\Lib\threading.py", line 670 in wait
  File "D:\a\yasb\yasb\src\core\widgets\services\komorebi\event_listener.py", line 75 in run

Thread 0x00003f10 [HotkeyListener] (most recent call first):
  File "D:\a\yasb\yasb\src\core\utils\win32\hotkeys.py", line 252 in run

Thread 0x0000302c [Thread-8] (most recent call first):
  File "C:\hostedtoolcache\windows\Python\3.14.4\x64\Lib\threading.py", line 369 in wait
  File "C:\hostedtoolcache\windows\Python\3.14.4\x64\Lib\queue.py", line 199 in get
  File "D:\a\yasb\yasb\venv\Lib\site-packages\watchdog\observers\api.py", line 379 in dispatch_events
  File "D:\a\yasb\yasb\venv\Lib\site-packages\watchdog\observers\api.py", line 213 in run
  File "C:\hostedtoolcache\windows\Python\3.14.4\x64\Lib\threading.py", line 1082 in _bootstrap_inner
  File "C:\hostedtoolcache\windows\Python\3.14.4\x64\Lib\threading.py", line 1044 in _bootstrap

Thread 0x000037f4 [Thread-9] (most recent call first):
  File "D:\a\yasb\yasb\venv\Lib\site-packages\watchdog\observers\winapi.py", line 326 in read_directory_changes
  File "D:\a\yasb\yasb\venv\Lib\site-packages\watchdog\observers\winapi.py", line 380 in read_events
  File "D:\a\yasb\yasb\venv\Lib\site-packages\watchdog\observers\read_directory_changes.py", line 67 in _read_events
  File "D:\a\yasb\yasb\venv\Lib\site-packages\watchdog\observers\read_directory_changes.py", line 70 in queue_events
  File "D:\a\yasb\yasb\venv\Lib\site-packages\watchdog\observers\api.py", line 158 in run
  File "C:\hostedtoolcache\windows\Python\3.14.4\x64\Lib\threading.py", line 1082 in _bootstrap_inner
  File "C:\hostedtoolcache\windows\Python\3.14.4\x64\Lib\threading.py", line 1044 in _bootstrap

Thread 0x00003624 [WiFiWorker] (most recent call first):
  File "D:\a\yasb\yasb\src\core\widgets\services\wifi\wifi_managers.py", line 151 in run

Thread 0x00000c14 [MemoryWorker] (most recent call first):
  File "D:\a\yasb\yasb\src\core\widgets\services\memory\memory_api.py", line 244 in run

Thread 0x00003e90 [CpuWorker] (most recent call first):
  File "D:\a\yasb\yasb\src\core\widgets\services\cpu\cpu_api.py", line 318 in run

Thread 0x00003fe8 [QueryWorker] (most recent call first):
  File "D:\a\yasb\yasb\src\core\widgets\services\quick_launch\workers.py", line 61 in run

Thread 0x00003ef4 [_EventWorker] (most recent call first):
  File "D:\a\yasb\yasb\venv\Lib\site-packages\qasync\_windows.py", line 147 in _poll
  File "D:\a\yasb\yasb\venv\Lib\site-packages\qasync\_windows.py", line 72 in select
  File "D:\a\yasb\yasb\venv\Lib\site-packages\qasync\_windows.py", line 199 in run

Thread 0x00003ed4 [LogPipeServer] (most recent call first):
  File "D:\a\yasb\yasb\src\core\utils\win32\bindings\kernel32.py", line 288 in ConnectNamedPipe
  File "D:\a\yasb\yasb\src\core\utils\cli_server.py", line 138 in _run_server
  File "C:\hostedtoolcache\windows\Python\3.14.4\x64\Lib\threading.py", line 1024 in run
  File "C:\hostedtoolcache\windows\Python\3.14.4\x64\Lib\threading.py", line 1082 in _bootstrap_inner
  File "C:\hostedtoolcache\windows\Python\3.14.4\x64\Lib\threading.py", line 1044 in _bootstrap

Thread 0x00003ed0 [CLIPipeServer] (most recent call first):
  File "D:\a\yasb\yasb\src\core\utils\win32\bindings\kernel32.py", line 288 in ConnectNamedPipe
  File "D:\a\yasb\yasb\src\core\utils\cli_server.py", line 235 in _run_server
  File "C:\hostedtoolcache\windows\Python\3.14.4\x64\Lib\threading.py", line 1024 in run
  File "C:\hostedtoolcache\windows\Python\3.14.4\x64\Lib\threading.py", line 1082 in _bootstrap_inner
  File "C:\hostedtoolcache\windows\Python\3.14.4\x64\Lib\threading.py", line 1044 in _bootstrap

Thread 0x00003e50 (most recent call first):
  File "D:\a\yasb\yasb\venv\Lib\site-packages\qasync\__init__.py", line 404 in run_forever
  File "D:\a\yasb\yasb\venv\Lib\site-packages\qasync\__init__.py", line 428 in run_until_complete
  File "main.py", line 98 in main
  File "main.py", line 188 in <module>
  File "D:\a\yasb\yasb\venv\Lib\site-packages\freeze_core\initscripts\console.py", line 27 in run
  File "D:\a\yasb\yasb\venv\Lib\site-packages\freeze_core\initscripts\__startup__.py", line 137 in run

Current thread's C stack trace (most recent call first):
  <cannot get C stack on this system>
Windows fatal exception: code 0x80010108

Thread 0x00003dd0 [SystrayMonitor] (most recent call first):
  File "D:\a\yasb\yasb\src\core\widgets\services\systray\utils.py", line 145 in start_message_loop
  File "D:\a\yasb\yasb\src\core\widgets\services\systray\systray_monitor.py", line 99 in run
  File "D:\a\yasb\yasb\src\core\widgets\yasb\systray.py", line 65 in run

Thread 0x00000864 [asyncio_0] (most recent call first):
  File "C:\hostedtoolcache\windows\Python\3.14.4\x64\Lib\threading.py", line 373 in wait
  File "C:\hostedtoolcache\windows\Python\3.14.4\x64\Lib\threading.py", line 670 in wait
  File "C:\hostedtoolcache\windows\Python\3.14.4\x64\Lib\concurrent\futures\thread.py", line 73 in run
  File "C:\hostedtoolcache\windows\Python\3.14.4\x64\Lib\concurrent\futures\thread.py", line 86 in run
  File "C:\hostedtoolcache\windows\Python\3.14.4\x64\Lib\concurrent\futures\thread.py", line 119 in _worker
  File "C:\hostedtoolcache\windows\Python\3.14.4\x64\Lib\threading.py", line 1024 in run
  File "C:\hostedtoolcache\windows\Python\3.14.4\x64\Lib\threading.py", line 1082 in _bootstrap_inner
  File "C:\hostedtoolcache\windows\Python\3.14.4\x64\Lib\threading.py", line 1044 in _bootstrap

Thread 0x00002270 [WindowsNotificationEventListener] (most recent call first):
  File "C:\hostedtoolcache\windows\Python\3.14.4\x64\Lib\asyncio\windows_events.py", line 775 in _poll
  File "C:\hostedtoolcache\windows\Python\3.14.4\x64\Lib\asyncio\windows_events.py", line 446 in select
  File "C:\hostedtoolcache\windows\Python\3.14.4\x64\Lib\asyncio\base_events.py", line 2019 in _run_once
  File "C:\hostedtoolcache\windows\Python\3.14.4\x64\Lib\asyncio\base_events.py", line 677 in run_forever
  File "C:\hostedtoolcache\windows\Python\3.14.4\x64\Lib\asyncio\base_events.py", line 706 in run_until_complete
  File "D:\a\yasb\yasb\src\core\widgets\services\notifications\windows_notification.py", line 101 in run

Thread 0x000037ec [KomorebiEventListener] (most recent call first):
  File "C:\hostedtoolcache\windows\Python\3.14.4\x64\Lib\threading.py", line 373 in wait
  File "C:\hostedtoolcache\windows\Python\3.14.4\x64\Lib\threading.py", line 670 in wait
  File "D:\a\yasb\yasb\src\core\widgets\services\komorebi\event_listener.py", line 75 in run

Thread 0x00003f10 [HotkeyListener] (most recent call first):
  File "D:\a\yasb\yasb\src\core\utils\win32\hotkeys.py", line 252 in run

Thread 0x0000302c [Thread-8] (most recent call first):
  File "C:\hostedtoolcache\windows\Python\3.14.4\x64\Lib\threading.py", line 369 in wait
  File "C:\hostedtoolcache\windows\Python\3.14.4\x64\Lib\queue.py", line 199 in get
  File "D:\a\yasb\yasb\venv\Lib\site-packages\watchdog\observers\api.py", line 379 in dispatch_events
  File "D:\a\yasb\yasb\venv\Lib\site-packages\watchdog\observers\api.py", line 213 in run
  File "C:\hostedtoolcache\windows\Python\3.14.4\x64\Lib\threading.py", line 1082 in _bootstrap_inner
  File "C:\hostedtoolcache\windows\Python\3.14.4\x64\Lib\threading.py", line 1044 in _bootstrap

Thread 0x000037f4 [Thread-9] (most recent call first):
  File "D:\a\yasb\yasb\venv\Lib\site-packages\watchdog\observers\winapi.py", line 326 in read_directory_changes
  File "D:\a\yasb\yasb\venv\Lib\site-packages\watchdog\observers\winapi.py", line 380 in read_events
  File "D:\a\yasb\yasb\venv\Lib\site-packages\watchdog\observers\read_directory_changes.py", line 67 in _read_events
  File "D:\a\yasb\yasb\venv\Lib\site-packages\watchdog\observers\read_directory_changes.py", line 70 in queue_events
  File "D:\a\yasb\yasb\venv\Lib\site-packages\watchdog\observers\api.py", line 158 in run
  File "C:\hostedtoolcache\windows\Python\3.14.4\x64\Lib\threading.py", line 1082 in _bootstrap_inner
  File "C:\hostedtoolcache\windows\Python\3.14.4\x64\Lib\threading.py", line 1044 in _bootstrap

Thread 0x00003624 [WiFiWorker] (most recent call first):
  File "D:\a\yasb\yasb\src\core\widgets\services\wifi\wifi_managers.py", line 151 in run

Thread 0x00000c14 [MemoryWorker] (most recent call first):
  File "D:\a\yasb\yasb\src\core\widgets\services\memory\memory_api.py", line 244 in run

Thread 0x00003e90 [CpuWorker] (most recent call first):
  File "D:\a\yasb\yasb\src\core\widgets\services\cpu\cpu_api.py", line 318 in run

Thread 0x00003fe8 [QueryWorker] (most recent call first):
  File "D:\a\yasb\yasb\src\core\widgets\services\quick_launch\workers.py", line 61 in run

Thread 0x00003ef4 [_EventWorker] (most recent call first):
  File "D:\a\yasb\yasb\venv\Lib\site-packages\qasync\_windows.py", line 147 in _poll
  File "D:\a\yasb\yasb\venv\Lib\site-packages\qasync\_windows.py", line 72 in select
  File "D:\a\yasb\yasb\venv\Lib\site-packages\qasync\_windows.py", line 199 in run

Thread 0x00003ed4 [LogPipeServer] (most recent call first):
  File "D:\a\yasb\yasb\src\core\utils\win32\bindings\kernel32.py", line 288 in ConnectNamedPipe
  File "D:\a\yasb\yasb\src\core\utils\cli_server.py", line 138 in _run_server
  File "C:\hostedtoolcache\windows\Python\3.14.4\x64\Lib\threading.py", line 1024 in run
  File "C:\hostedtoolcache\windows\Python\3.14.4\x64\Lib\threading.py", line 1082 in _bootstrap_inner
  File "C:\hostedtoolcache\windows\Python\3.14.4\x64\Lib\threading.py", line 1044 in _bootstrap

Thread 0x00003ed0 [CLIPipeServer] (most recent call first):
  File "D:\a\yasb\yasb\src\core\utils\win32\bindings\kernel32.py", line 288 in ConnectNamedPipe
  File "D:\a\yasb\yasb\src\core\utils\cli_server.py", line 235 in _run_server
  File "C:\hostedtoolcache\windows\Python\3.14.4\x64\Lib\threading.py", line 1024 in run
  File "C:\hostedtoolcache\windows\Python\3.14.4\x64\Lib\threading.py", line 1082 in _bootstrap_inner
  File "C:\hostedtoolcache\windows\Python\3.14.4\x64\Lib\threading.py", line 1044 in _bootstrap

Thread 0x00003e50 (most recent call first):
  File "D:\a\yasb\yasb\venv\Lib\site-packages\qasync\__init__.py", line 404 in run_forever
  File "D:\a\yasb\yasb\venv\Lib\site-packages\qasync\__init__.py", line 428 in run_until_complete
  File "main.py", line 98 in main
  File "main.py", line 188 in <module>
  File "D:\a\yasb\yasb\venv\Lib\site-packages\freeze_core\initscripts\console.py", line 27 in run
  File "D:\a\yasb\yasb\venv\Lib\site-packages\freeze_core\initscripts\__startup__.py", line 137 in run

Current thread's C stack trace (most recent call first):
  <cannot get C stack on this system>
Windows fatal exception: code 0x80010108

Thread 0x00003dd0 [SystrayMonitor] (most recent call first):
  File "D:\a\yasb\yasb\src\core\widgets\services\systray\utils.py", line 145 in start_message_loop
  File "D:\a\yasb\yasb\src\core\widgets\services\systray\systray_monitor.py", line 99 in run
  File "D:\a\yasb\yasb\src\core\widgets\yasb\systray.py", line 65 in run

Thread 0x00000864 [asyncio_0] (most recent call first):
  File "C:\hostedtoolcache\windows\Python\3.14.4\x64\Lib\threading.py", line 373 in wait
  File "C:\hostedtoolcache\windows\Python\3.14.4\x64\Lib\threading.py", line 670 in wait
  File "C:\hostedtoolcache\windows\Python\3.14.4\x64\Lib\concurrent\futures\thread.py", line 73 in run
  File "C:\hostedtoolcache\windows\Python\3.14.4\x64\Lib\concurrent\futures\thread.py", line 86 in run
  File "C:\hostedtoolcache\windows\Python\3.14.4\x64\Lib\concurrent\futures\thread.py", line 119 in _worker
  File "C:\hostedtoolcache\windows\Python\3.14.4\x64\Lib\threading.py", line 1024 in run
  File "C:\hostedtoolcache\windows\Python\3.14.4\x64\Lib\threading.py", line 1082 in _bootstrap_inner
  File "C:\hostedtoolcache\windows\Python\3.14.4\x64\Lib\threading.py", line 1044 in _bootstrap

Thread 0x00002270 [WindowsNotificationEventListener] (most recent call first):
  File "C:\hostedtoolcache\windows\Python\3.14.4\x64\Lib\asyncio\windows_events.py", line 775 in _poll
  File "C:\hostedtoolcache\windows\Python\3.14.4\x64\Lib\asyncio\windows_events.py", line 446 in select
  File "C:\hostedtoolcache\windows\Python\3.14.4\x64\Lib\asyncio\base_events.py", line 2019 in _run_once
  File "C:\hostedtoolcache\windows\Python\3.14.4\x64\Lib\asyncio\base_events.py", line 677 in run_forever
  File "C:\hostedtoolcache\windows\Python\3.14.4\x64\Lib\asyncio\base_events.py", line 706 in run_until_complete
  File "D:\a\yasb\yasb\src\core\widgets\services\notifications\windows_notification.py", line 101 in run

Thread 0x000037ec [KomorebiEventListener] (most recent call first):
  File "C:\hostedtoolcache\windows\Python\3.14.4\x64\Lib\threading.py", line 373 in wait
  File "C:\hostedtoolcache\windows\Python\3.14.4\x64\Lib\threading.py", line 670 in wait
  File "D:\a\yasb\yasb\src\core\widgets\services\komorebi\event_listener.py", line 75 in run

Thread 0x00003f10 [HotkeyListener] (most recent call first):
  File "D:\a\yasb\yasb\src\core\utils\win32\hotkeys.py", line 252 in run

Thread 0x0000302c [Thread-8] (most recent call first):
  File "C:\hostedtoolcache\windows\Python\3.14.4\x64\Lib\threading.py", line 369 in wait
  File "C:\hostedtoolcache\windows\Python\3.14.4\x64\Lib\queue.py", line 199 in get
  File "D:\a\yasb\yasb\venv\Lib\site-packages\watchdog\observers\api.py", line 379 in dispatch_events
  File "D:\a\yasb\yasb\venv\Lib\site-packages\watchdog\observers\api.py", line 213 in run
  File "C:\hostedtoolcache\windows\Python\3.14.4\x64\Lib\threading.py", line 1082 in _bootstrap_inner
  File "C:\hostedtoolcache\windows\Python\3.14.4\x64\Lib\threading.py", line 1044 in _bootstrap

Thread 0x000037f4 [Thread-9] (most recent call first):
  File "D:\a\yasb\yasb\venv\Lib\site-packages\watchdog\observers\winapi.py", line 326 in read_directory_changes
  File "D:\a\yasb\yasb\venv\Lib\site-packages\watchdog\observers\winapi.py", line 380 in read_events
  File "D:\a\yasb\yasb\venv\Lib\site-packages\watchdog\observers\read_directory_changes.py", line 67 in _read_events
  File "D:\a\yasb\yasb\venv\Lib\site-packages\watchdog\observers\read_directory_changes.py", line 70 in queue_events
  File "D:\a\yasb\yasb\venv\Lib\site-packages\watchdog\observers\api.py", line 158 in run
  File "C:\hostedtoolcache\windows\Python\3.14.4\x64\Lib\threading.py", line 1082 in _bootstrap_inner
  File "C:\hostedtoolcache\windows\Python\3.14.4\x64\Lib\threading.py", line 1044 in _bootstrap

Thread 0x00003624 [WiFiWorker] (most recent call first):
  File "D:\a\yasb\yasb\src\core\widgets\services\wifi\wifi_managers.py", line 151 in run

Thread 0x00000c14 [MemoryWorker] (most recent call first):
  File "D:\a\yasb\yasb\src\core\widgets\services\memory\memory_api.py", line 244 in run

Thread 0x00003e90 [CpuWorker] (most recent call first):
  File "D:\a\yasb\yasb\src\core\widgets\services\cpu\cpu_api.py", line 318 in run

Thread 0x00003fe8 [QueryWorker] (most recent call first):
  File "D:\a\yasb\yasb\src\core\widgets\services\quick_launch\workers.py", line 61 in run

Thread 0x00003ef4 [_EventWorker] (most recent call first):
  File "D:\a\yasb\yasb\venv\Lib\site-packages\qasync\_windows.py", line 147 in _poll
  File "D:\a\yasb\yasb\venv\Lib\site-packages\qasync\_windows.py", line 72 in select
  File "D:\a\yasb\yasb\venv\Lib\site-packages\qasync\_windows.py", line 199 in run

Thread 0x00003ed4 [LogPipeServer] (most recent call first):
  File "D:\a\yasb\yasb\src\core\utils\win32\bindings\kernel32.py", line 288 in ConnectNamedPipe
  File "D:\a\yasb\yasb\src\core\utils\cli_server.py", line 138 in _run_server
  File "C:\hostedtoolcache\windows\Python\3.14.4\x64\Lib\threading.py", line 1024 in run
  File "C:\hostedtoolcache\windows\Python\3.14.4\x64\Lib\threading.py", line 1082 in _bootstrap_inner
  File "C:\hostedtoolcache\windows\Python\3.14.4\x64\Lib\threading.py", line 1044 in _bootstrap

Thread 0x00003ed0 [CLIPipeServer] (most recent call first):
  File "D:\a\yasb\yasb\src\core\utils\win32\bindings\kernel32.py", line 288 in ConnectNamedPipe
  File "D:\a\yasb\yasb\src\core\utils\cli_server.py", line 235 in _run_server
  File "C:\hostedtoolcache\windows\Python\3.14.4\x64\Lib\threading.py", line 1024 in run
  File "C:\hostedtoolcache\windows\Python\3.14.4\x64\Lib\threading.py", line 1082 in _bootstrap_inner
  File "C:\hostedtoolcache\windows\Python\3.14.4\x64\Lib\threading.py", line 1044 in _bootstrap

Thread 0x00003e50 (most recent call first):
  File "D:\a\yasb\yasb\venv\Lib\site-packages\qasync\__init__.py", line 404 in run_forever
  File "D:\a\yasb\yasb\venv\Lib\site-packages\qasync\__init__.py", line 428 in run_until_complete
  File "main.py", line 98 in main
  File "main.py", line 188 in <module>
  File "D:\a\yasb\yasb\venv\Lib\site-packages\freeze_core\initscripts\console.py", line 27 in run
  File "D:\a\yasb\yasb\venv\Lib\site-packages\freeze_core\initscripts\__startup__.py", line 137 in run

Current thread's C stack trace (most recent call first):
  <cannot get C stack on this system>
Windows fatal exception: code 0x80010108

Thread 0x00003dd0 [SystrayMonitor] (most recent call first):
  File "D:\a\yasb\yasb\src\core\widgets\services\systray\utils.py", line 145 in start_message_loop
  File "D:\a\yasb\yasb\src\core\widgets\services\systray\systray_monitor.py", line 99 in run
  File "D:\a\yasb\yasb\src\core\widgets\yasb\systray.py", line 65 in run

Thread 0x00000864 [asyncio_0] (most recent call first):
  File "C:\hostedtoolcache\windows\Python\3.14.4\x64\Lib\threading.py", line 373 in wait
  File "C:\hostedtoolcache\windows\Python\3.14.4\x64\Lib\threading.py", line 670 in wait
  File "C:\hostedtoolcache\windows\Python\3.14.4\x64\Lib\concurrent\futures\thread.py", line 73 in run
  File "C:\hostedtoolcache\windows\Python\3.14.4\x64\Lib\concurrent\futures\thread.py", line 86 in run
  File "C:\hostedtoolcache\windows\Python\3.14.4\x64\Lib\concurrent\futures\thread.py", line 119 in _worker
  File "C:\hostedtoolcache\windows\Python\3.14.4\x64\Lib\threading.py", line 1024 in run
  File "C:\hostedtoolcache\windows\Python\3.14.4\x64\Lib\threading.py", line 1082 in _bootstrap_inner
  File "C:\hostedtoolcache\windows\Python\3.14.4\x64\Lib\threading.py", line 1044 in _bootstrap

Thread 0x00002270 [WindowsNotificationEventListener] (most recent call first):
  File "C:\hostedtoolcache\windows\Python\3.14.4\x64\Lib\asyncio\windows_events.py", line 775 in _poll
  File "C:\hostedtoolcache\windows\Python\3.14.4\x64\Lib\asyncio\windows_events.py", line 446 in select
  File "C:\hostedtoolcache\windows\Python\3.14.4\x64\Lib\asyncio\base_events.py", line 2019 in _run_once
  File "C:\hostedtoolcache\windows\Python\3.14.4\x64\Lib\asyncio\base_events.py", line 677 in run_forever
  File "C:\hostedtoolcache\windows\Python\3.14.4\x64\Lib\asyncio\base_events.py", line 706 in run_until_complete
  File "D:\a\yasb\yasb\src\core\widgets\services\notifications\windows_notification.py", line 101 in run

Thread 0x000037ec [KomorebiEventListener] (most recent call first):
  File "C:\hostedtoolcache\windows\Python\3.14.4\x64\Lib\threading.py", line 373 in wait
  File "C:\hostedtoolcache\windows\Python\3.14.4\x64\Lib\threading.py", line 670 in wait
  File "D:\a\yasb\yasb\src\core\widgets\services\komorebi\event_listener.py", line 75 in run

Thread 0x00003f10 [HotkeyListener] (most recent call first):
  File "D:\a\yasb\yasb\src\core\utils\win32\hotkeys.py", line 252 in run

Thread 0x0000302c [Thread-8] (most recent call first):
  File "C:\hostedtoolcache\windows\Python\3.14.4\x64\Lib\threading.py", line 369 in wait
  File "C:\hostedtoolcache\windows\Python\3.14.4\x64\Lib\queue.py", line 199 in get
  File "D:\a\yasb\yasb\venv\Lib\site-packages\watchdog\observers\api.py", line 379 in dispatch_events
  File "D:\a\yasb\yasb\venv\Lib\site-packages\watchdog\observers\api.py", line 213 in run
  File "C:\hostedtoolcache\windows\Python\3.14.4\x64\Lib\threading.py", line 1082 in _bootstrap_inner
  File "C:\hostedtoolcache\windows\Python\3.14.4\x64\Lib\threading.py", line 1044 in _bootstrap

Thread 0x000037f4 [Thread-9] (most recent call first):
  File "D:\a\yasb\yasb\venv\Lib\site-packages\watchdog\observers\winapi.py", line 326 in read_directory_changes
  File "D:\a\yasb\yasb\venv\Lib\site-packages\watchdog\observers\winapi.py", line 380 in read_events
  File "D:\a\yasb\yasb\venv\Lib\site-packages\watchdog\observers\read_directory_changes.py", line 67 in _read_events
  File "D:\a\yasb\yasb\venv\Lib\site-packages\watchdog\observers\read_directory_changes.py", line 70 in queue_events
  File "D:\a\yasb\yasb\venv\Lib\site-packages\watchdog\observers\api.py", line 158 in run
  File "C:\hostedtoolcache\windows\Python\3.14.4\x64\Lib\threading.py", line 1082 in _bootstrap_inner
  File "C:\hostedtoolcache\windows\Python\3.14.4\x64\Lib\threading.py", line 1044 in _bootstrap

Thread 0x00003624 [WiFiWorker] (most recent call first):
  File "D:\a\yasb\yasb\src\core\widgets\services\wifi\wifi_managers.py", line 151 in run

Thread 0x00000c14 [MemoryWorker] (most recent call first):
  File "D:\a\yasb\yasb\src\core\widgets\services\memory\memory_api.py", line 244 in run

Thread 0x00003e90 [CpuWorker] (most recent call first):
  File "D:\a\yasb\yasb\src\core\widgets\services\cpu\cpu_api.py", line 318 in run

Thread 0x00003fe8 [QueryWorker] (most recent call first):
  File "D:\a\yasb\yasb\src\core\widgets\services\quick_launch\workers.py", line 61 in run

Thread 0x00003ef4 [_EventWorker] (most recent call first):
  File "D:\a\yasb\yasb\venv\Lib\site-packages\qasync\_windows.py", line 147 in _poll
  File "D:\a\yasb\yasb\venv\Lib\site-packages\qasync\_windows.py", line 72 in select
  File "D:\a\yasb\yasb\venv\Lib\site-packages\qasync\_windows.py", line 199 in run

Thread 0x00003ed4 [LogPipeServer] (most recent call first):
  File "D:\a\yasb\yasb\src\core\utils\win32\bindings\kernel32.py", line 288 in ConnectNamedPipe
  File "D:\a\yasb\yasb\src\core\utils\cli_server.py", line 138 in _run_server
  File "C:\hostedtoolcache\windows\Python\3.14.4\x64\Lib\threading.py", line 1024 in run
  File "C:\hostedtoolcache\windows\Python\3.14.4\x64\Lib\threading.py", line 1082 in _bootstrap_inner
  File "C:\hostedtoolcache\windows\Python\3.14.4\x64\Lib\threading.py", line 1044 in _bootstrap

Thread 0x00003ed0 [CLIPipeServer] (most recent call first):
  File "D:\a\yasb\yasb\src\core\utils\win32\bindings\kernel32.py", line 288 in ConnectNamedPipe
  File "D:\a\yasb\yasb\src\core\utils\cli_server.py", line 235 in _run_server
  File "C:\hostedtoolcache\windows\Python\3.14.4\x64\Lib\threading.py", line 1024 in run
  File "C:\hostedtoolcache\windows\Python\3.14.4\x64\Lib\threading.py", line 1082 in _bootstrap_inner
  File "C:\hostedtoolcache\windows\Python\3.14.4\x64\Lib\threading.py", line 1044 in _bootstrap

Thread 0x00003e50 (most recent call first):
  File "D:\a\yasb\yasb\venv\Lib\site-packages\qasync\__init__.py", line 404 in run_forever
  File "D:\a\yasb\yasb\venv\Lib\site-packages\qasync\__init__.py", line 428 in run_until_complete
  File "main.py", line 98 in main
  File "main.py", line 188 in <module>
  File "D:\a\yasb\yasb\venv\Lib\site-packages\freeze_core\initscripts\console.py", line 27 in run
  File "D:\a\yasb\yasb\venv\Lib\site-packages\freeze_core\initscripts\__startup__.py", line 137 in run

Current thread's C stack trace (most recent call first):
  <cannot get C stack on this system>
Windows fatal exception: code 0x80010108

Thread 0x00003dd0 [SystrayMonitor] (most recent call first):
  File "D:\a\yasb\yasb\src\core\widgets\services\systray\utils.py", line 145 in start_message_loop
  File "D:\a\yasb\yasb\src\core\widgets\services\systray\systray_monitor.py", line 99 in run
  File "D:\a\yasb\yasb\src\core\widgets\yasb\systray.py", line 65 in run

Thread 0x00000864 [asyncio_0] (most recent call first):
  File "C:\hostedtoolcache\windows\Python\3.14.4\x64\Lib\threading.py", line 373 in wait
  File "C:\hostedtoolcache\windows\Python\3.14.4\x64\Lib\threading.py", line 670 in wait
  File "C:\hostedtoolcache\windows\Python\3.14.4\x64\Lib\concurrent\futures\thread.py", line 73 in run
  File "C:\hostedtoolcache\windows\Python\3.14.4\x64\Lib\concurrent\futures\thread.py", line 86 in run
  File "C:\hostedtoolcache\windows\Python\3.14.4\x64\Lib\concurrent\futures\thread.py", line 119 in _worker
  File "C:\hostedtoolcache\windows\Python\3.14.4\x64\Lib\threading.py", line 1024 in run
  File "C:\hostedtoolcache\windows\Python\3.14.4\x64\Lib\threading.py", line 1082 in _bootstrap_inner
  File "C:\hostedtoolcache\windows\Python\3.14.4\x64\Lib\threading.py", line 1044 in _bootstrap

Thread 0x00002270 [WindowsNotificationEventListener] (most recent call first):
  File "C:\hostedtoolcache\windows\Python\3.14.4\x64\Lib\asyncio\windows_events.py", line 775 in _poll
  File "C:\hostedtoolcache\windows\Python\3.14.4\x64\Lib\asyncio\windows_events.py", line 446 in select
  File "C:\hostedtoolcache\windows\Python\3.14.4\x64\Lib\asyncio\base_events.py", line 2019 in _run_once
  File "C:\hostedtoolcache\windows\Python\3.14.4\x64\Lib\asyncio\base_events.py", line 677 in run_forever
  File "C:\hostedtoolcache\windows\Python\3.14.4\x64\Lib\asyncio\base_events.py", line 706 in run_until_complete
  File "D:\a\yasb\yasb\src\core\widgets\services\notifications\windows_notification.py", line 101 in run

Thread 0x000037ec [KomorebiEventListener] (most recent call first):
  File "C:\hostedtoolcache\windows\Python\3.14.4\x64\Lib\threading.py", line 373 in wait
  File "C:\hostedtoolcache\windows\Python\3.14.4\x64\Lib\threading.py", line 670 in wait
  File "D:\a\yasb\yasb\src\core\widgets\services\komorebi\event_listener.py", line 75 in run

Thread 0x00003f10 [HotkeyListener] (most recent call first):
  File "D:\a\yasb\yasb\src\core\utils\win32\hotkeys.py", line 252 in run

Thread 0x0000302c [Thread-8] (most recent call first):
  File "C:\hostedtoolcache\windows\Python\3.14.4\x64\Lib\threading.py", line 369 in wait
  File "C:\hostedtoolcache\windows\Python\3.14.4\x64\Lib\queue.py", line 199 in get
  File "D:\a\yasb\yasb\venv\Lib\site-packages\watchdog\observers\api.py", line 379 in dispatch_events
  File "D:\a\yasb\yasb\venv\Lib\site-packages\watchdog\observers\api.py", line 213 in run
  File "C:\hostedtoolcache\windows\Python\3.14.4\x64\Lib\threading.py", line 1082 in _bootstrap_inner
  File "C:\hostedtoolcache\windows\Python\3.14.4\x64\Lib\threading.py", line 1044 in _bootstrap

Thread 0x000037f4 [Thread-9] (most recent call first):
  File "D:\a\yasb\yasb\venv\Lib\site-packages\watchdog\observers\winapi.py", line 326 in read_directory_changes
  File "D:\a\yasb\yasb\venv\Lib\site-packages\watchdog\observers\winapi.py", line 380 in read_events
  File "D:\a\yasb\yasb\venv\Lib\site-packages\watchdog\observers\read_directory_changes.py", line 67 in _read_events
  File "D:\a\yasb\yasb\venv\Lib\site-packages\watchdog\observers\read_directory_changes.py", line 70 in queue_events
  File "D:\a\yasb\yasb\venv\Lib\site-packages\watchdog\observers\api.py", line 158 in run
  File "C:\hostedtoolcache\windows\Python\3.14.4\x64\Lib\threading.py", line 1082 in _bootstrap_inner
  File "C:\hostedtoolcache\windows\Python\3.14.4\x64\Lib\threading.py", line 1044 in _bootstrap

Thread 0x00003624 [WiFiWorker] (most recent call first):
  File "D:\a\yasb\yasb\src\core\widgets\services\wifi\wifi_managers.py", line 151 in run

Thread 0x00000c14 [MemoryWorker] (most recent call first):
  File "D:\a\yasb\yasb\src\core\widgets\services\memory\memory_api.py", line 244 in run

Thread 0x00003e90 [CpuWorker] (most recent call first):
  File "D:\a\yasb\yasb\src\core\widgets\services\cpu\cpu_api.py", line 318 in run

Thread 0x00003fe8 [QueryWorker] (most recent call first):
  File "D:\a\yasb\yasb\src\core\widgets\services\quick_launch\workers.py", line 61 in run

Thread 0x00003ef4 [_EventWorker] (most recent call first):
  File "D:\a\yasb\yasb\venv\Lib\site-packages\qasync\_windows.py", line 147 in _poll
  File "D:\a\yasb\yasb\venv\Lib\site-packages\qasync\_windows.py", line 72 in select
  File "D:\a\yasb\yasb\venv\Lib\site-packages\qasync\_windows.py", line 199 in run

Thread 0x00003ed4 [LogPipeServer] (most recent call first):
  File "D:\a\yasb\yasb\src\core\utils\win32\bindings\kernel32.py", line 288 in ConnectNamedPipe
  File "D:\a\yasb\yasb\src\core\utils\cli_server.py", line 138 in _run_server
  File "C:\hostedtoolcache\windows\Python\3.14.4\x64\Lib\threading.py", line 1024 in run
  File "C:\hostedtoolcache\windows\Python\3.14.4\x64\Lib\threading.py", line 1082 in _bootstrap_inner
  File "C:\hostedtoolcache\windows\Python\3.14.4\x64\Lib\threading.py", line 1044 in _bootstrap

Thread 0x00003ed0 [CLIPipeServer] (most recent call first):
  File "D:\a\yasb\yasb\src\core\utils\win32\bindings\kernel32.py", line 288 in ConnectNamedPipe
  File "D:\a\yasb\yasb\src\core\utils\cli_server.py", line 235 in _run_server
  File "C:\hostedtoolcache\windows\Python\3.14.4\x64\Lib\threading.py", line 1024 in run
  File "C:\hostedtoolcache\windows\Python\3.14.4\x64\Lib\threading.py", line 1082 in _bootstrap_inner
  File "C:\hostedtoolcache\windows\Python\3.14.4\x64\Lib\threading.py", line 1044 in _bootstrap

Thread 0x00003e50 (most recent call first):
  File "D:\a\yasb\yasb\venv\Lib\site-packages\qasync\__init__.py", line 404 in run_forever
  File "D:\a\yasb\yasb\venv\Lib\site-packages\qasync\__init__.py", line 428 in run_until_complete
  File "main.py", line 98 in main
  File "main.py", line 188 in <module>
  File "D:\a\yasb\yasb\venv\Lib\site-packages\freeze_core\initscripts\console.py", line 27 in run
  File "D:\a\yasb\yasb\venv\Lib\site-packages\freeze_core\initscripts\__startup__.py", line 137 in run

Current thread's C stack trace (most recent call first):
  <cannot get C stack on this system>
Windows fatal exception: code 0x80010108

Thread 0x00003dd0 [SystrayMonitor] (most recent call first):
  File "D:\a\yasb\yasb\src\core\widgets\services\systray\utils.py", line 145 in start_message_loop
  File "D:\a\yasb\yasb\src\core\widgets\services\systray\systray_monitor.py", line 99 in run
  File "D:\a\yasb\yasb\src\core\widgets\yasb\systray.py", line 65 in run

Thread 0x00000864 [asyncio_0] (most recent call first):
  File "C:\hostedtoolcache\windows\Python\3.14.4\x64\Lib\threading.py", line 373 in wait
  File "C:\hostedtoolcache\windows\Python\3.14.4\x64\Lib\threading.py", line 670 in wait
  File "C:\hostedtoolcache\windows\Python\3.14.4\x64\Lib\concurrent\futures\thread.py", line 73 in run
  File "C:\hostedtoolcache\windows\Python\3.14.4\x64\Lib\concurrent\futures\thread.py", line 86 in run
  File "C:\hostedtoolcache\windows\Python\3.14.4\x64\Lib\concurrent\futures\thread.py", line 119 in _worker
  File "C:\hostedtoolcache\windows\Python\3.14.4\x64\Lib\threading.py", line 1024 in run
  File "C:\hostedtoolcache\windows\Python\3.14.4\x64\Lib\threading.py", line 1082 in _bootstrap_inner
  File "C:\hostedtoolcache\windows\Python\3.14.4\x64\Lib\threading.py", line 1044 in _bootstrap

Thread 0x00002270 [WindowsNotificationEventListener] (most recent call first):
  File "C:\hostedtoolcache\windows\Python\3.14.4\x64\Lib\asyncio\windows_events.py", line 775 in _poll
  File "C:\hostedtoolcache\windows\Python\3.14.4\x64\Lib\asyncio\windows_events.py", line 446 in select
  File "C:\hostedtoolcache\windows\Python\3.14.4\x64\Lib\asyncio\base_events.py", line 2019 in _run_once
  File "C:\hostedtoolcache\windows\Python\3.14.4\x64\Lib\asyncio\base_events.py", line 677 in run_forever
  File "C:\hostedtoolcache\windows\Python\3.14.4\x64\Lib\asyncio\base_events.py", line 706 in run_until_complete
  File "D:\a\yasb\yasb\src\core\widgets\services\notifications\windows_notification.py", line 101 in run

Thread 0x000037ec [KomorebiEventListener] (most recent call first):
  File "C:\hostedtoolcache\windows\Python\3.14.4\x64\Lib\threading.py", line 373 in wait
  File "C:\hostedtoolcache\windows\Python\3.14.4\x64\Lib\threading.py", line 670 in wait
  File "D:\a\yasb\yasb\src\core\widgets\services\komorebi\event_listener.py", line 75 in run

Thread 0x00003f10 [HotkeyListener] (most recent call first):
  File "D:\a\yasb\yasb\src\core\utils\win32\hotkeys.py", line 252 in run

Thread 0x0000302c [Thread-8] (most recent call first):
  File "C:\hostedtoolcache\windows\Python\3.14.4\x64\Lib\threading.py", line 369 in wait
  File "C:\hostedtoolcache\windows\Python\3.14.4\x64\Lib\queue.py", line 199 in get
  File "D:\a\yasb\yasb\venv\Lib\site-packages\watchdog\observers\api.py", line 379 in dispatch_events
  File "D:\a\yasb\yasb\venv\Lib\site-packages\watchdog\observers\api.py", line 213 in run
  File "C:\hostedtoolcache\windows\Python\3.14.4\x64\Lib\threading.py", line 1082 in _bootstrap_inner
  File "C:\hostedtoolcache\windows\Python\3.14.4\x64\Lib\threading.py", line 1044 in _bootstrap

Thread 0x000037f4 [Thread-9] (most recent call first):
  File "D:\a\yasb\yasb\venv\Lib\site-packages\watchdog\observers\winapi.py", line 326 in read_directory_changes
  File "D:\a\yasb\yasb\venv\Lib\site-packages\watchdog\observers\winapi.py", line 380 in read_events
  File "D:\a\yasb\yasb\venv\Lib\site-packages\watchdog\observers\read_directory_changes.py", line 67 in _read_events
  File "D:\a\yasb\yasb\venv\Lib\site-packages\watchdog\observers\read_directory_changes.py", line 70 in queue_events
  File "D:\a\yasb\yasb\venv\Lib\site-packages\watchdog\observers\api.py", line 158 in run
  File "C:\hostedtoolcache\windows\Python\3.14.4\x64\Lib\threading.py", line 1082 in _bootstrap_inner
  File "C:\hostedtoolcache\windows\Python\3.14.4\x64\Lib\threading.py", line 1044 in _bootstrap

Thread 0x00003624 [WiFiWorker] (most recent call first):
  File "D:\a\yasb\yasb\src\core\widgets\services\wifi\wifi_managers.py", line 151 in run

Thread 0x00000c14 [MemoryWorker] (most recent call first):
  File "D:\a\yasb\yasb\src\core\widgets\services\memory\memory_api.py", line 244 in run

Thread 0x00003e90 [CpuWorker] (most recent call first):
  File "D:\a\yasb\yasb\src\core\widgets\services\cpu\cpu_api.py", line 318 in run

Thread 0x00003fe8 [QueryWorker] (most recent call first):
  File "D:\a\yasb\yasb\src\core\widgets\services\quick_launch\workers.py", line 61 in run

Thread 0x00003ef4 [_EventWorker] (most recent call first):
  File "D:\a\yasb\yasb\venv\Lib\site-packages\qasync\_windows.py", line 147 in _poll
  File "D:\a\yasb\yasb\venv\Lib\site-packages\qasync\_windows.py", line 72 in select
  File "D:\a\yasb\yasb\venv\Lib\site-packages\qasync\_windows.py", line 199 in run

Thread 0x00003ed4 [LogPipeServer] (most recent call first):
  File "D:\a\yasb\yasb\src\core\utils\win32\bindings\kernel32.py", line 288 in ConnectNamedPipe
  File "D:\a\yasb\yasb\src\core\utils\cli_server.py", line 138 in _run_server
  File "C:\hostedtoolcache\windows\Python\3.14.4\x64\Lib\threading.py", line 1024 in run
  File "C:\hostedtoolcache\windows\Python\3.14.4\x64\Lib\threading.py", line 1082 in _bootstrap_inner
  File "C:\hostedtoolcache\windows\Python\3.14.4\x64\Lib\threading.py", line 1044 in _bootstrap

Thread 0x00003ed0 [CLIPipeServer] (most recent call first):
  File "D:\a\yasb\yasb\src\core\utils\win32\bindings\kernel32.py", line 288 in ConnectNamedPipe
  File "D:\a\yasb\yasb\src\core\utils\cli_server.py", line 235 in _run_server
  File "C:\hostedtoolcache\windows\Python\3.14.4\x64\Lib\threading.py", line 1024 in run
  File "C:\hostedtoolcache\windows\Python\3.14.4\x64\Lib\threading.py", line 1082 in _bootstrap_inner
  File "C:\hostedtoolcache\windows\Python\3.14.4\x64\Lib\threading.py", line 1044 in _bootstrap

Thread 0x00003e50 (most recent call first):
  File "D:\a\yasb\yasb\venv\Lib\site-packages\qasync\__init__.py", line 404 in run_forever
  File "D:\a\yasb\yasb\venv\Lib\site-packages\qasync\__init__.py", line 428 in run_until_complete
  File "main.py", line 98 in main
  File "main.py", line 188 in <module>
  File "D:\a\yasb\yasb\venv\Lib\site-packages\freeze_core\initscripts\console.py", line 27 in run
  File "D:\a\yasb\yasb\venv\Lib\site-packages\freeze_core\initscripts\__startup__.py", line 137 in run

Current thread's C stack trace (most recent call first):
  <cannot get C stack on this system>
Windows fatal exception: code 0x80010108

Thread 0x00003dd0 [SystrayMonitor] (most recent call first):
  File "D:\a\yasb\yasb\src\core\widgets\services\systray\utils.py", line 145 in start_message_loop
  File "D:\a\yasb\yasb\src\core\widgets\services\systray\systray_monitor.py", line 99 in run
  File "D:\a\yasb\yasb\src\core\widgets\yasb\systray.py", line 65 in run

Thread 0x00000864 [asyncio_0] (most recent call first):
  File "C:\hostedtoolcache\windows\Python\3.14.4\x64\Lib\threading.py", line 373 in wait
  File "C:\hostedtoolcache\windows\Python\3.14.4\x64\Lib\threading.py", line 670 in wait
  File "C:\hostedtoolcache\windows\Python\3.14.4\x64\Lib\concurrent\futures\thread.py", line 73 in run
  File "C:\hostedtoolcache\windows\Python\3.14.4\x64\Lib\concurrent\futures\thread.py", line 86 in run
  File "C:\hostedtoolcache\windows\Python\3.14.4\x64\Lib\concurrent\futures\thread.py", line 119 in _worker
  File "C:\hostedtoolcache\windows\Python\3.14.4\x64\Lib\threading.py", line 1024 in run
  File "C:\hostedtoolcache\windows\Python\3.14.4\x64\Lib\threading.py", line 1082 in _bootstrap_inner
  File "C:\hostedtoolcache\windows\Python\3.14.4\x64\Lib\threading.py", line 1044 in _bootstrap

Thread 0x00002270 [WindowsNotificationEventListener] (most recent call first):
  File "C:\hostedtoolcache\windows\Python\3.14.4\x64\Lib\asyncio\windows_events.py", line 775 in _poll
  File "C:\hostedtoolcache\windows\Python\3.14.4\x64\Lib\asyncio\windows_events.py", line 446 in select
  File "C:\hostedtoolcache\windows\Python\3.14.4\x64\Lib\asyncio\base_events.py", line 2019 in _run_once
  File "C:\hostedtoolcache\windows\Python\3.14.4\x64\Lib\asyncio\base_events.py", line 677 in run_forever
  File "C:\hostedtoolcache\windows\Python\3.14.4\x64\Lib\asyncio\base_events.py", line 706 in run_until_complete
  File "D:\a\yasb\yasb\src\core\widgets\services\notifications\windows_notification.py", line 101 in run

Thread 0x000037ec [KomorebiEventListener] (most recent call first):
  File "C:\hostedtoolcache\windows\Python\3.14.4\x64\Lib\threading.py", line 373 in wait
  File "C:\hostedtoolcache\windows\Python\3.14.4\x64\Lib\threading.py", line 670 in wait
  File "D:\a\yasb\yasb\src\core\widgets\services\komorebi\event_listener.py", line 75 in run

Thread 0x00003f10 [HotkeyListener] (most recent call first):
  File "D:\a\yasb\yasb\src\core\utils\win32\hotkeys.py", line 252 in run

Thread 0x0000302c [Thread-8] (most recent call first):
  File "C:\hostedtoolcache\windows\Python\3.14.4\x64\Lib\threading.py", line 369 in wait
  File "C:\hostedtoolcache\windows\Python\3.14.4\x64\Lib\queue.py", line 199 in get
  File "D:\a\yasb\yasb\venv\Lib\site-packages\watchdog\observers\api.py", line 379 in dispatch_events
  File "D:\a\yasb\yasb\venv\Lib\site-packages\watchdog\observers\api.py", line 213 in run
  File "C:\hostedtoolcache\windows\Python\3.14.4\x64\Lib\threading.py", line 1082 in _bootstrap_inner
  File "C:\hostedtoolcache\windows\Python\3.14.4\x64\Lib\threading.py", line 1044 in _bootstrap

Thread 0x000037f4 [Thread-9] (most recent call first):
  File "D:\a\yasb\yasb\venv\Lib\site-packages\watchdog\observers\winapi.py", line 326 in read_directory_changes
  File "D:\a\yasb\yasb\venv\Lib\site-packages\watchdog\observers\winapi.py", line 380 in read_events
  File "D:\a\yasb\yasb\venv\Lib\site-packages\watchdog\observers\read_directory_changes.py", line 67 in _read_events
  File "D:\a\yasb\yasb\venv\Lib\site-packages\watchdog\observers\read_directory_changes.py", line 70 in queue_events
  File "D:\a\yasb\yasb\venv\Lib\site-packages\watchdog\observers\api.py", line 158 in run
  File "C:\hostedtoolcache\windows\Python\3.14.4\x64\Lib\threading.py", line 1082 in _bootstrap_inner
  File "C:\hostedtoolcache\windows\Python\3.14.4\x64\Lib\threading.py", line 1044 in _bootstrap

Thread 0x00003624 [WiFiWorker] (most recent call first):
  File "D:\a\yasb\yasb\src\core\widgets\services\wifi\wifi_managers.py", line 151 in run

Thread 0x00000c14 [MemoryWorker] (most recent call first):
  File "D:\a\yasb\yasb\src\core\widgets\services\memory\memory_api.py", line 244 in run

Thread 0x00003e90 [CpuWorker] (most recent call first):
  File "D:\a\yasb\yasb\src\core\widgets\services\cpu\cpu_api.py", line 318 in run

Thread 0x00003fe8 [QueryWorker] (most recent call first):
  File "D:\a\yasb\yasb\src\core\widgets\services\quick_launch\workers.py", line 61 in run

Thread 0x00003ef4 [_EventWorker] (most recent call first):
  File "D:\a\yasb\yasb\venv\Lib\site-packages\qasync\_windows.py", line 147 in _poll
  File "D:\a\yasb\yasb\venv\Lib\site-packages\qasync\_windows.py", line 72 in select
  File "D:\a\yasb\yasb\venv\Lib\site-packages\qasync\_windows.py", line 199 in run

Thread 0x00003ed4 [LogPipeServer] (most recent call first):
  File "D:\a\yasb\yasb\src\core\utils\win32\bindings\kernel32.py", line 288 in ConnectNamedPipe
  File "D:\a\yasb\yasb\src\core\utils\cli_server.py", line 138 in _run_server
  File "C:\hostedtoolcache\windows\Python\3.14.4\x64\Lib\threading.py", line 1024 in run
  File "C:\hostedtoolcache\windows\Python\3.14.4\x64\Lib\threading.py", line 1082 in _bootstrap_inner
  File "C:\hostedtoolcache\windows\Python\3.14.4\x64\Lib\threading.py", line 1044 in _bootstrap

Thread 0x00003ed0 [CLIPipeServer] (most recent call first):
  File "D:\a\yasb\yasb\src\core\utils\win32\bindings\kernel32.py", line 288 in ConnectNamedPipe
  File "D:\a\yasb\yasb\src\core\utils\cli_server.py", line 235 in _run_server
  File "C:\hostedtoolcache\windows\Python\3.14.4\x64\Lib\threading.py", line 1024 in run
  File "C:\hostedtoolcache\windows\Python\3.14.4\x64\Lib\threading.py", line 1082 in _bootstrap_inner
  File "C:\hostedtoolcache\windows\Python\3.14.4\x64\Lib\threading.py", line 1044 in _bootstrap

Thread 0x00003e50 (most recent call first):
  File "D:\a\yasb\yasb\venv\Lib\site-packages\qasync\__init__.py", line 404 in run_forever
  File "D:\a\yasb\yasb\venv\Lib\site-packages\qasync\__init__.py", line 428 in run_until_complete
  File "main.py", line 98 in main
  File "main.py", line 188 in <module>
  File "D:\a\yasb\yasb\venv\Lib\site-packages\freeze_core\initscripts\console.py", line 27 in run
  File "D:\a\yasb\yasb\venv\Lib\site-packages\freeze_core\initscripts\__startup__.py", line 137 in run

Current thread's C stack trace (most recent call first):
  <cannot get C stack on this system>
Windows fatal exception: code 0x80010108

Thread 0x00003dd0 [SystrayMonitor] (most recent call first):
  File "D:\a\yasb\yasb\src\core\widgets\services\systray\utils.py", line 145 in start_message_loop
  File "D:\a\yasb\yasb\src\core\widgets\services\systray\systray_monitor.py", line 99 in run
  File "D:\a\yasb\yasb\src\core\widgets\yasb\systray.py", line 65 in run

Thread 0x00000864 [asyncio_0] (most recent call first):
  File "C:\hostedtoolcache\windows\Python\3.14.4\x64\Lib\threading.py", line 373 in wait
  File "C:\hostedtoolcache\windows\Python\3.14.4\x64\Lib\threading.py", line 670 in wait
  File "C:\hostedtoolcache\windows\Python\3.14.4\x64\Lib\concurrent\futures\thread.py", line 73 in run
  File "C:\hostedtoolcache\windows\Python\3.14.4\x64\Lib\concurrent\futures\thread.py", line 86 in run
  File "C:\hostedtoolcache\windows\Python\3.14.4\x64\Lib\concurrent\futures\thread.py", line 119 in _worker
  File "C:\hostedtoolcache\windows\Python\3.14.4\x64\Lib\threading.py", line 1024 in run
  File "C:\hostedtoolcache\windows\Python\3.14.4\x64\Lib\threading.py", line 1082 in _bootstrap_inner
  File "C:\hostedtoolcache\windows\Python\3.14.4\x64\Lib\threading.py", line 1044 in _bootstrap

Thread 0x00002270 [WindowsNotificationEventListener] (most recent call first):
  File "C:\hostedtoolcache\windows\Python\3.14.4\x64\Lib\asyncio\windows_events.py", line 775 in _poll
  File "C:\hostedtoolcache\windows\Python\3.14.4\x64\Lib\asyncio\windows_events.py", line 446 in select
  File "C:\hostedtoolcache\windows\Python\3.14.4\x64\Lib\asyncio\base_events.py", line 2019 in _run_once
  File "C:\hostedtoolcache\windows\Python\3.14.4\x64\Lib\asyncio\base_events.py", line 677 in run_forever
  File "C:\hostedtoolcache\windows\Python\3.14.4\x64\Lib\asyncio\base_events.py", line 706 in run_until_complete
  File "D:\a\yasb\yasb\src\core\widgets\services\notifications\windows_notification.py", line 101 in run

Thread 0x000037ec [KomorebiEventListener] (most recent call first):
  File "C:\hostedtoolcache\windows\Python\3.14.4\x64\Lib\threading.py", line 373 in wait
  File "C:\hostedtoolcache\windows\Python\3.14.4\x64\Lib\threading.py", line 670 in wait
  File "D:\a\yasb\yasb\src\core\widgets\services\komorebi\event_listener.py", line 75 in run

Thread 0x00003f10 [HotkeyListener] (most recent call first):
  File "D:\a\yasb\yasb\src\core\utils\win32\hotkeys.py", line 252 in run

Thread 0x0000302c [Thread-8] (most recent call first):
  File "C:\hostedtoolcache\windows\Python\3.14.4\x64\Lib\threading.py", line 369 in wait
  File "C:\hostedtoolcache\windows\Python\3.14.4\x64\Lib\queue.py", line 199 in get
  File "D:\a\yasb\yasb\venv\Lib\site-packages\watchdog\observers\api.py", line 379 in dispatch_events
  File "D:\a\yasb\yasb\venv\Lib\site-packages\watchdog\observers\api.py", line 213 in run
  File "C:\hostedtoolcache\windows\Python\3.14.4\x64\Lib\threading.py", line 1082 in _bootstrap_inner
  File "C:\hostedtoolcache\windows\Python\3.14.4\x64\Lib\threading.py", line 1044 in _bootstrap

Thread 0x000037f4 [Thread-9] (most recent call first):
  File "D:\a\yasb\yasb\venv\Lib\site-packages\watchdog\observers\winapi.py", line 326 in read_directory_changes
  File "D:\a\yasb\yasb\venv\Lib\site-packages\watchdog\observers\winapi.py", line 380 in read_events
  File "D:\a\yasb\yasb\venv\Lib\site-packages\watchdog\observers\read_directory_changes.py", line 67 in _read_events
  File "D:\a\yasb\yasb\venv\Lib\site-packages\watchdog\observers\read_directory_changes.py", line 70 in queue_events
  File "D:\a\yasb\yasb\venv\Lib\site-packages\watchdog\observers\api.py", line 158 in run
  File "C:\hostedtoolcache\windows\Python\3.14.4\x64\Lib\threading.py", line 1082 in _bootstrap_inner
  File "C:\hostedtoolcache\windows\Python\3.14.4\x64\Lib\threading.py", line 1044 in _bootstrap

Thread 0x00003624 [WiFiWorker] (most recent call first):
  File "D:\a\yasb\yasb\src\core\widgets\services\wifi\wifi_managers.py", line 151 in run

Thread 0x00000c14 [MemoryWorker] (most recent call first):
  File "D:\a\yasb\yasb\src\core\widgets\services\memory\memory_api.py", line 244 in run

Thread 0x00003e90 [CpuWorker] (most recent call first):
  File "D:\a\yasb\yasb\src\core\widgets\services\cpu\cpu_api.py", line 318 in run

Thread 0x00003fe8 [QueryWorker] (most recent call first):
  File "D:\a\yasb\yasb\src\core\widgets\services\quick_launch\workers.py", line 61 in run

Thread 0x00003ef4 [_EventWorker] (most recent call first):
  File "D:\a\yasb\yasb\venv\Lib\site-packages\qasync\_windows.py", line 147 in _poll
  File "D:\a\yasb\yasb\venv\Lib\site-packages\qasync\_windows.py", line 72 in select
  File "D:\a\yasb\yasb\venv\Lib\site-packages\qasync\_windows.py", line 199 in run

Thread 0x00003ed4 [LogPipeServer] (most recent call first):
  File "D:\a\yasb\yasb\src\core\utils\win32\bindings\kernel32.py", line 288 in ConnectNamedPipe
  File "D:\a\yasb\yasb\src\core\utils\cli_server.py", line 138 in _run_server
  File "C:\hostedtoolcache\windows\Python\3.14.4\x64\Lib\threading.py", line 1024 in run
  File "C:\hostedtoolcache\windows\Python\3.14.4\x64\Lib\threading.py", line 1082 in _bootstrap_inner
  File "C:\hostedtoolcache\windows\Python\3.14.4\x64\Lib\threading.py", line 1044 in _bootstrap

Thread 0x00003ed0 [CLIPipeServer] (most recent call first):
  File "D:\a\yasb\yasb\src\core\utils\win32\bindings\kernel32.py", line 288 in ConnectNamedPipe
  File "D:\a\yasb\yasb\src\core\utils\cli_server.py", line 235 in _run_server
  File "C:\hostedtoolcache\windows\Python\3.14.4\x64\Lib\threading.py", line 1024 in run
  File "C:\hostedtoolcache\windows\Python\3.14.4\x64\Lib\threading.py", line 1082 in _bootstrap_inner
  File "C:\hostedtoolcache\windows\Python\3.14.4\x64\Lib\threading.py", line 1044 in _bootstrap

Thread 0x00003e50 (most recent call first):
  File "D:\a\yasb\yasb\venv\Lib\site-packages\qasync\__init__.py", line 404 in run_forever
  File "D:\a\yasb\yasb\venv\Lib\site-packages\qasync\__init__.py", line 428 in run_until_complete
  File "main.py", line 98 in main
  File "main.py", line 188 in <module>
  File "D:\a\yasb\yasb\venv\Lib\site-packages\freeze_core\initscripts\console.py", line 27 in run
  File "D:\a\yasb\yasb\venv\Lib\site-packages\freeze_core\initscripts\__startup__.py", line 137 in run

Current thread's C stack trace (most recent call first):
  <cannot get C stack on this system>
Windows fatal exception: code 0x80010108

Thread 0x00003dd0 [SystrayMonitor] (most recent call first):
  File "D:\a\yasb\yasb\src\core\widgets\services\systray\utils.py", line 145 in start_message_loop
  File "D:\a\yasb\yasb\src\core\widgets\services\systray\systray_monitor.py", line 99 in run
  File "D:\a\yasb\yasb\src\core\widgets\yasb\systray.py", line 65 in run

Thread 0x00000864 [asyncio_0] (most recent call first):
  File "C:\hostedtoolcache\windows\Python\3.14.4\x64\Lib\threading.py", line 373 in wait
  File "C:\hostedtoolcache\windows\Python\3.14.4\x64\Lib\threading.py", line 670 in wait
  File "C:\hostedtoolcache\windows\Python\3.14.4\x64\Lib\concurrent\futures\thread.py", line 73 in run
  File "C:\hostedtoolcache\windows\Python\3.14.4\x64\Lib\concurrent\futures\thread.py", line 86 in run
  File "C:\hostedtoolcache\windows\Python\3.14.4\x64\Lib\concurrent\futures\thread.py", line 119 in _worker
  File "C:\hostedtoolcache\windows\Python\3.14.4\x64\Lib\threading.py", line 1024 in run
  File "C:\hostedtoolcache\windows\Python\3.14.4\x64\Lib\threading.py", line 1082 in _bootstrap_inner
  File "C:\hostedtoolcache\windows\Python\3.14.4\x64\Lib\threading.py", line 1044 in _bootstrap

Thread 0x00002270 [WindowsNotificationEventListener] (most recent call first):
  File "C:\hostedtoolcache\windows\Python\3.14.4\x64\Lib\asyncio\windows_events.py", line 775 in _poll
  File "C:\hostedtoolcache\windows\Python\3.14.4\x64\Lib\asyncio\windows_events.py", line 446 in select
  File "C:\hostedtoolcache\windows\Python\3.14.4\x64\Lib\asyncio\base_events.py", line 2019 in _run_once
  File "C:\hostedtoolcache\windows\Python\3.14.4\x64\Lib\asyncio\base_events.py", line 677 in run_forever
  File "C:\hostedtoolcache\windows\Python\3.14.4\x64\Lib\asyncio\base_events.py", line 706 in run_until_complete
  File "D:\a\yasb\yasb\src\core\widgets\services\notifications\windows_notification.py", line 101 in run

Thread 0x000037ec [KomorebiEventListener] (most recent call first):
  File "C:\hostedtoolcache\windows\Python\3.14.4\x64\Lib\threading.py", line 373 in wait
  File "C:\hostedtoolcache\windows\Python\3.14.4\x64\Lib\threading.py", line 670 in wait
  File "D:\a\yasb\yasb\src\core\widgets\services\komorebi\event_listener.py", line 75 in run

Thread 0x00003f10 [HotkeyListener] (most recent call first):
  File "D:\a\yasb\yasb\src\core\utils\win32\hotkeys.py", line 252 in run

Thread 0x0000302c [Thread-8] (most recent call first):
  File "C:\hostedtoolcache\windows\Python\3.14.4\x64\Lib\threading.py", line 369 in wait
  File "C:\hostedtoolcache\windows\Python\3.14.4\x64\Lib\queue.py", line 199 in get
  File "D:\a\yasb\yasb\venv\Lib\site-packages\watchdog\observers\api.py", line 379 in dispatch_events
  File "D:\a\yasb\yasb\venv\Lib\site-packages\watchdog\observers\api.py", line 213 in run
  File "C:\hostedtoolcache\windows\Python\3.14.4\x64\Lib\threading.py", line 1082 in _bootstrap_inner
  File "C:\hostedtoolcache\windows\Python\3.14.4\x64\Lib\threading.py", line 1044 in _bootstrap

Thread 0x000037f4 [Thread-9] (most recent call first):
  File "D:\a\yasb\yasb\venv\Lib\site-packages\watchdog\observers\winapi.py", line 326 in read_directory_changes
  File "D:\a\yasb\yasb\venv\Lib\site-packages\watchdog\observers\winapi.py", line 380 in read_events
  File "D:\a\yasb\yasb\venv\Lib\site-packages\watchdog\observers\read_directory_changes.py", line 67 in _read_events
  File "D:\a\yasb\yasb\venv\Lib\site-packages\watchdog\observers\read_directory_changes.py", line 70 in queue_events
  File "D:\a\yasb\yasb\venv\Lib\site-packages\watchdog\observers\api.py", line 158 in run
  File "C:\hostedtoolcache\windows\Python\3.14.4\x64\Lib\threading.py", line 1082 in _bootstrap_inner
  File "C:\hostedtoolcache\windows\Python\3.14.4\x64\Lib\threading.py", line 1044 in _bootstrap

Thread 0x00003624 [WiFiWorker] (most recent call first):
  File "D:\a\yasb\yasb\src\core\widgets\services\wifi\wifi_managers.py", line 151 in run

Thread 0x00000c14 [MemoryWorker] (most recent call first):
  File "D:\a\yasb\yasb\src\core\widgets\services\memory\memory_api.py", line 244 in run

Thread 0x00003e90 [CpuWorker] (most recent call first):
  File "D:\a\yasb\yasb\src\core\widgets\services\cpu\cpu_api.py", line 318 in run

Thread 0x00003fe8 [QueryWorker] (most recent call first):
  File "D:\a\yasb\yasb\src\core\widgets\services\quick_launch\workers.py", line 61 in run

Thread 0x00003ef4 [_EventWorker] (most recent call first):
  File "D:\a\yasb\yasb\venv\Lib\site-packages\qasync\_windows.py", line 147 in _poll
  File "D:\a\yasb\yasb\venv\Lib\site-packages\qasync\_windows.py", line 72 in select
  File "D:\a\yasb\yasb\venv\Lib\site-packages\qasync\_windows.py", line 199 in run

Thread 0x00003ed4 [LogPipeServer] (most recent call first):
  File "D:\a\yasb\yasb\src\core\utils\win32\bindings\kernel32.py", line 288 in ConnectNamedPipe
  File "D:\a\yasb\yasb\src\core\utils\cli_server.py", line 138 in _run_server
  File "C:\hostedtoolcache\windows\Python\3.14.4\x64\Lib\threading.py", line 1024 in run
  File "C:\hostedtoolcache\windows\Python\3.14.4\x64\Lib\threading.py", line 1082 in _bootstrap_inner
  File "C:\hostedtoolcache\windows\Python\3.14.4\x64\Lib\threading.py", line 1044 in _bootstrap

Thread 0x00003ed0 [CLIPipeServer] (most recent call first):
  File "D:\a\yasb\yasb\src\core\utils\win32\bindings\kernel32.py", line 288 in ConnectNamedPipe
  File "D:\a\yasb\yasb\src\core\utils\cli_server.py", line 235 in _run_server
  File "C:\hostedtoolcache\windows\Python\3.14.4\x64\Lib\threading.py", line 1024 in run
  File "C:\hostedtoolcache\windows\Python\3.14.4\x64\Lib\threading.py", line 1082 in _bootstrap_inner
  File "C:\hostedtoolcache\windows\Python\3.14.4\x64\Lib\threading.py", line 1044 in _bootstrap

Thread 0x00003e50 (most recent call first):
  File "D:\a\yasb\yasb\venv\Lib\site-packages\qasync\__init__.py", line 404 in run_forever
  File "D:\a\yasb\yasb\venv\Lib\site-packages\qasync\__init__.py", line 428 in run_until_complete
  File "main.py", line 98 in main
  File "main.py", line 188 in <module>
  File "D:\a\yasb\yasb\venv\Lib\site-packages\freeze_core\initscripts\console.py", line 27 in run
  File "D:\a\yasb\yasb\venv\Lib\site-packages\freeze_core\initscripts\__startup__.py", line 137 in run

Current thread's C stack trace (most recent call first):
  <cannot get C stack on this system>
2026-07-09 01:22:18,092 [INFO] [MainThread] [root/api.py:69]: Fetching new weather data at 2026-07-09 01:22:18.092517
2026-07-09 01:32:18,091 [INFO] [MainThread] [root/api.py:69]: Fetching new weather data at 2026-07-09 01:32:18.091182
2026-07-09 01:42:18,099 [INFO] [MainThread] [root/api.py:69]: Fetching new weather data at 2026-07-09 01:42:18.099729
2026-07-09 01:52:18,116 [INFO] [MainThread] [root/api.py:69]: Fetching new weather data at 2026-07-09 01:52:18.116108
2026-07-09 02:02:18,097 [INFO] [MainThread] [root/api.py:69]: Fetching new weather data at 2026-07-09 02:02:18.097480
2026-07-09 02:12:18,102 [INFO] [MainThread] [root/api.py:69]: Fetching new weather data at 2026-07-09 02:12:18.102799
2026-07-09 02:22:16,955 [INFO] [MainThread] [root/api.py:69]: Fetching new weather data at 2026-07-09 02:22:16.955616
2026-07-09 02:32:16,948 [INFO] [MainThread] [root/api.py:69]: Fetching new weather data at 2026-07-09 02:32:16.948806
2026-07-09 02:42:16,955 [INFO] [MainThread] [root/api.py:69]: Fetching new weather data at 2026-07-09 02:42:16.955161
2026-07-09 02:52:16,950 [INFO] [MainThread] [root/api.py:69]: Fetching new weather data at 2026-07-09 02:52:16.950343
2026-07-09 03:02:16,962 [INFO] [MainThread] [root/api.py:69]: Fetching new weather data at 2026-07-09 03:02:16.962476
2026-07-09 03:12:16,956 [INFO] [MainThread] [root/api.py:69]: Fetching new weather data at 2026-07-09 03:12:16.956464
2026-07-09 03:22:17,000 [INFO] [MainThread] [root/api.py:69]: Fetching new weather data at 2026-07-09 03:22:17.000148
2026-07-09 03:32:17,089 [INFO] [MainThread] [root/api.py:69]: Fetching new weather data at 2026-07-09 03:32:17.089842
2026-07-09 03:42:16,958 [INFO] [MainThread] [root/api.py:69]: Fetching new weather data at 2026-07-09 03:42:16.958197
2026-07-09 03:52:17,105 [INFO] [MainThread] [root/api.py:69]: Fetching new weather data at 2026-07-09 03:52:17.105387
2026-07-09 03:54:14,206 [INFO] [MainThread] [root/controller.py:43]: Exiting Application...
2026-07-09 03:54:14,309 [INFO] [MainThread] [cli_server/cli_server.py:114]: Log pipe server stopped
2026-07-09 03:54:15,881 [INFO] [MainThread] [root/bar_manager.py:110]: Stopping HotkeyListener...
2026-07-09 03:54:15,887 [INFO] [MainThread] [root/bar_manager.py:118]: Stopping WindowsNotificationEventListener...
2026-07-09 03:54:15,893 [INFO] [MainThread] [root/bar_manager.py:118]: Stopping KomorebiEventListener...
2026-07-09 12:39:18,901 [INFO] [MainThread] [root/log.py:104]: YASB v2.0.2
2026-07-09 12:39:18,903 [INFO] [CLIPipeServer] [cli_server/cli_server.py:216]: CLI server started v1.1.7
2026-07-09 12:39:18,904 [INFO] [MainThread] [cli_server/cli_server.py:106]: Log pipe server started
2026-07-09 12:39:19,035 [WARNING] [MainThread] [deprecation/deprecation.py:133]: [DEPRECATED] BarAlignment: 'center' - Use 'align' instead.
2026-07-09 12:39:19,036 [WARNING] [MainThread] [deprecation/deprecation.py:133]: [DEPRECATED] BarBlurEffect: 'acrylic' - No longer supported and can be removed from the config.
2026-07-09 12:39:20,094 [ERROR] [MainThread] [root/get_vscode_state_db_path.py:20]: Shared storage detection failed: _path_exists: path should be string, bytes, os.PathLike or integer, not NoneType
2026-07-09 12:39:21,673 [WARNING] [MainThread] [deprecation/deprecation.py:133]: [DEPRECATED] CpuConfig: 'label_shadow' - Use CSS text-shadow instead.
2026-07-09 12:39:21,995 [INFO] [MainThread] [root/service.py:52]: AudioOutputService starting...
2026-07-09 12:39:23,686 [ERROR] [MainThread] [root/get_vscode_state_db_path.py:20]: Shared storage detection failed: _path_exists: path should be string, bytes, os.PathLike or integer, not NoneType
2026-07-09 12:39:24,126 [INFO] [MainThread] [root/bar_manager.py:228]: Starting HotkeyListener...
2026-07-09 12:39:24,126 [INFO] [MainThread] [root/bar_manager.py:102]: Starting KomorebiEventListener...
2026-07-09 12:39:24,127 [INFO] [MainThread] [root/bar_manager.py:102]: Starting WindowsNotificationEventListener...
2026-07-09 12:39:24,129 [INFO] [MainThread] [root/watcher.py:65]: Watching directory: c:\users\nam khuc\.config\yasb
2026-07-09 12:39:24,130 [INFO] [MainThread] [root/watcher.py:104]: Created file watcher
2026-07-09 12:39:24,134 [INFO] [Dummy-10] [root/event_listener.py:54]: Created named pipe yasb-8acdac71-7b58-11f1-9ee8-e00af667f2ea
2026-07-09 12:39:24,211 [INFO] [MainThread] [root/update_service.py:434]: Background update checker started
2026-07-09 12:39:24,354 [WARNING] [Dummy-10] [root/event_listener.py:134]: Komorebi failed to subscribe named pipe. Komorebi is not running, please start Komorebi.
2026-07-09 12:39:25,382 [INFO] [MainThread] [root/api.py:69]: Fetching new weather data at 2026-07-09 12:39:25.382797
2026-07-09 12:39:53,577 [INFO] [Dummy-10] [root/event_listener.py:147]: Komorebi connected to named pipe: yasb-8acdac71-7b58-11f1-9ee8-e00af667f2ea
2026-07-09 12:49:22,039 [INFO] [MainThread] [root/api.py:69]: Fetching new weather data at 2026-07-09 12:49:22.039716
2026-07-09 12:59:22,045 [INFO] [MainThread] [root/api.py:69]: Fetching new weather data at 2026-07-09 12:59:22.045616
2026-07-09 13:09:22,063 [INFO] [MainThread] [root/api.py:69]: Fetching new weather data at 2026-07-09 13:09:22.062889
Windows fatal exception: code 0x80010108

Thread 0x00004294 [SystrayMonitor] (most recent call first):
  File "D:\a\yasb\yasb\src\core\widgets\services\systray\utils.py", line 145 in start_message_loop
  File "D:\a\yasb\yasb\src\core\widgets\services\systray\systray_monitor.py", line 99 in run
  File "D:\a\yasb\yasb\src\core\widgets\yasb\systray.py", line 65 in run

Thread 0x000027b4 [asyncio_0] (most recent call first):
  File "C:\hostedtoolcache\windows\Python\3.14.4\x64\Lib\threading.py", line 373 in wait
  File "C:\hostedtoolcache\windows\Python\3.14.4\x64\Lib\threading.py", line 670 in wait
  File "C:\hostedtoolcache\windows\Python\3.14.4\x64\Lib\concurrent\futures\thread.py", line 73 in run
  File "C:\hostedtoolcache\windows\Python\3.14.4\x64\Lib\concurrent\futures\thread.py", line 86 in run
  File "C:\hostedtoolcache\windows\Python\3.14.4\x64\Lib\concurrent\futures\thread.py", line 119 in _worker
  File "C:\hostedtoolcache\windows\Python\3.14.4\x64\Lib\threading.py", line 1024 in run
  File "C:\hostedtoolcache\windows\Python\3.14.4\x64\Lib\threading.py", line 1082 in _bootstrap_inner
  File "C:\hostedtoolcache\windows\Python\3.14.4\x64\Lib\threading.py", line 1044 in _bootstrap

Thread 0x00003b8c [WindowsNotificationEventListener] (most recent call first):
  File "C:\hostedtoolcache\windows\Python\3.14.4\x64\Lib\asyncio\windows_events.py", line 775 in _poll
  File "C:\hostedtoolcache\windows\Python\3.14.4\x64\Lib\asyncio\windows_events.py", line 446 in select
  File "C:\hostedtoolcache\windows\Python\3.14.4\x64\Lib\asyncio\base_events.py", line 2019 in _run_once
  File "C:\hostedtoolcache\windows\Python\3.14.4\x64\Lib\asyncio\base_events.py", line 677 in run_forever
  File "C:\hostedtoolcache\windows\Python\3.14.4\x64\Lib\asyncio\base_events.py", line 706 in run_until_complete
  File "D:\a\yasb\yasb\src\core\widgets\services\notifications\windows_notification.py", line 101 in run

Thread 0x00004224 [KomorebiEventListener] (most recent call first):
  File "C:\hostedtoolcache\windows\Python\3.14.4\x64\Lib\threading.py", line 373 in wait
  File "C:\hostedtoolcache\windows\Python\3.14.4\x64\Lib\threading.py", line 670 in wait
  File "D:\a\yasb\yasb\src\core\widgets\services\komorebi\event_listener.py", line 75 in run

Thread 0x00003e08 [HotkeyListener] (most recent call first):
  File "D:\a\yasb\yasb\src\core\utils\win32\hotkeys.py", line 252 in run

Thread 0x000041f4 [Thread-8] (most recent call first):
  File "C:\hostedtoolcache\windows\Python\3.14.4\x64\Lib\threading.py", line 369 in wait
  File "C:\hostedtoolcache\windows\Python\3.14.4\x64\Lib\queue.py", line 199 in get
  File "D:\a\yasb\yasb\venv\Lib\site-packages\watchdog\observers\api.py", line 379 in dispatch_events
  File "D:\a\yasb\yasb\venv\Lib\site-packages\watchdog\observers\api.py", line 213 in run
  File "C:\hostedtoolcache\windows\Python\3.14.4\x64\Lib\threading.py", line 1082 in _bootstrap_inner
  File "C:\hostedtoolcache\windows\Python\3.14.4\x64\Lib\threading.py", line 1044 in _bootstrap

Thread 0x00003b58 [Thread-9] (most recent call first):
  File "D:\a\yasb\yasb\venv\Lib\site-packages\watchdog\observers\winapi.py", line 326 in read_directory_changes
  File "D:\a\yasb\yasb\venv\Lib\site-packages\watchdog\observers\winapi.py", line 380 in read_events
  File "D:\a\yasb\yasb\venv\Lib\site-packages\watchdog\observers\read_directory_changes.py", line 67 in _read_events
  File "D:\a\yasb\yasb\venv\Lib\site-packages\watchdog\observers\read_directory_changes.py", line 70 in queue_events
  File "D:\a\yasb\yasb\venv\Lib\site-packages\watchdog\observers\api.py", line 158 in run
  File "C:\hostedtoolcache\windows\Python\3.14.4\x64\Lib\threading.py", line 1082 in _bootstrap_inner
  File "C:\hostedtoolcache\windows\Python\3.14.4\x64\Lib\threading.py", line 1044 in _bootstrap

Thread 0x00002760 [WiFiWorker] (most recent call first):
  File "D:\a\yasb\yasb\src\core\widgets\services\wifi\wifi_managers.py", line 151 in run

Thread 0x00000f7c [MemoryWorker] (most recent call first):
  File "D:\a\yasb\yasb\src\core\widgets\services\memory\memory_api.py", line 244 in run

Thread 0x00004398 [CpuWorker] (most recent call first):
  File "D:\a\yasb\yasb\src\core\widgets\services\cpu\cpu_api.py", line 318 in run

Thread 0x00002240 [QueryWorker] (most recent call first):
  File "D:\a\yasb\yasb\src\core\widgets\services\quick_launch\workers.py", line 61 in run

Thread 0x00004318 [_EventWorker] (most recent call first):
  File "D:\a\yasb\yasb\venv\Lib\site-packages\qasync\_windows.py", line 147 in _poll
  File "D:\a\yasb\yasb\venv\Lib\site-packages\qasync\_windows.py", line 72 in select
  File "D:\a\yasb\yasb\venv\Lib\site-packages\qasync\_windows.py", line 199 in run

Thread 0x00004304 [LogPipeServer] (most recent call first):
  File "D:\a\yasb\yasb\src\core\utils\win32\bindings\kernel32.py", line 288 in ConnectNamedPipe
  File "D:\a\yasb\yasb\src\core\utils\cli_server.py", line 138 in _run_server
  File "C:\hostedtoolcache\windows\Python\3.14.4\x64\Lib\threading.py", line 1024 in run
  File "C:\hostedtoolcache\windows\Python\3.14.4\x64\Lib\threading.py", line 1082 in _bootstrap_inner
  File "C:\hostedtoolcache\windows\Python\3.14.4\x64\Lib\threading.py", line 1044 in _bootstrap

Thread 0x00004308 [CLIPipeServer] (most recent call first):
  File "D:\a\yasb\yasb\src\core\utils\win32\bindings\kernel32.py", line 288 in ConnectNamedPipe
  File "D:\a\yasb\yasb\src\core\utils\cli_server.py", line 235 in _run_server
  File "C:\hostedtoolcache\windows\Python\3.14.4\x64\Lib\threading.py", line 1024 in run
  File "C:\hostedtoolcache\windows\Python\3.14.4\x64\Lib\threading.py", line 1082 in _bootstrap_inner
  File "C:\hostedtoolcache\windows\Python\3.14.4\x64\Lib\threading.py", line 1044 in _bootstrap

Thread 0x00003b60 (most recent call first):
  File "D:\a\yasb\yasb\venv\Lib\site-packages\qasync\__init__.py", line 404 in run_forever
  File "D:\a\yasb\yasb\venv\Lib\site-packages\qasync\__init__.py", line 428 in run_until_complete
  File "main.py", line 98 in main
  File "main.py", line 188 in <module>
  File "D:\a\yasb\yasb\venv\Lib\site-packages\freeze_core\initscripts\console.py", line 27 in run
  File "D:\a\yasb\yasb\venv\Lib\site-packages\freeze_core\initscripts\__startup__.py", line 137 in run

Current thread's C stack trace (most recent call first):
  <cannot get C stack on this system>
Windows fatal exception: code 0x80010108

Thread 0x00004294 [SystrayMonitor] (most recent call first):
  File "D:\a\yasb\yasb\src\core\widgets\services\systray\utils.py", line 145 in start_message_loop
  File "D:\a\yasb\yasb\src\core\widgets\services\systray\systray_monitor.py", line 99 in run
  File "D:\a\yasb\yasb\src\core\widgets\yasb\systray.py", line 65 in run

Thread 0x000027b4 [asyncio_0] (most recent call first):
  File "C:\hostedtoolcache\windows\Python\3.14.4\x64\Lib\threading.py", line 373 in wait
  File "C:\hostedtoolcache\windows\Python\3.14.4\x64\Lib\threading.py", line 670 in wait
  File "C:\hostedtoolcache\windows\Python\3.14.4\x64\Lib\concurrent\futures\thread.py", line 73 in run
  File "C:\hostedtoolcache\windows\Python\3.14.4\x64\Lib\concurrent\futures\thread.py", line 86 in run
  File "C:\hostedtoolcache\windows\Python\3.14.4\x64\Lib\concurrent\futures\thread.py", line 119 in _worker
  File "C:\hostedtoolcache\windows\Python\3.14.4\x64\Lib\threading.py", line 1024 in run
  File "C:\hostedtoolcache\windows\Python\3.14.4\x64\Lib\threading.py", line 1082 in _bootstrap_inner
  File "C:\hostedtoolcache\windows\Python\3.14.4\x64\Lib\threading.py", line 1044 in _bootstrap

Thread 0x00003b8c [WindowsNotificationEventListener] (most recent call first):
  File "C:\hostedtoolcache\windows\Python\3.14.4\x64\Lib\asyncio\windows_events.py", line 775 in _poll
  File "C:\hostedtoolcache\windows\Python\3.14.4\x64\Lib\asyncio\windows_events.py", line 446 in select
  File "C:\hostedtoolcache\windows\Python\3.14.4\x64\Lib\asyncio\base_events.py", line 2019 in _run_once
  File "C:\hostedtoolcache\windows\Python\3.14.4\x64\Lib\asyncio\base_events.py", line 677 in run_forever
  File "C:\hostedtoolcache\windows\Python\3.14.4\x64\Lib\asyncio\base_events.py", line 706 in run_until_complete
  File "D:\a\yasb\yasb\src\core\widgets\services\notifications\windows_notification.py", line 101 in run

Thread 0x00004224 [KomorebiEventListener] (most recent call first):
  File "C:\hostedtoolcache\windows\Python\3.14.4\x64\Lib\threading.py", line 373 in wait
  File "C:\hostedtoolcache\windows\Python\3.14.4\x64\Lib\threading.py", line 670 in wait
  File "D:\a\yasb\yasb\src\core\widgets\services\komorebi\event_listener.py", line 75 in run

Thread 0x00003e08 [HotkeyListener] (most recent call first):
  File "D:\a\yasb\yasb\src\core\utils\win32\hotkeys.py", line 252 in run

Thread 0x000041f4 [Thread-8] (most recent call first):
  File "C:\hostedtoolcache\windows\Python\3.14.4\x64\Lib\threading.py", line 369 in wait
  File "C:\hostedtoolcache\windows\Python\3.14.4\x64\Lib\queue.py", line 199 in get
  File "D:\a\yasb\yasb\venv\Lib\site-packages\watchdog\observers\api.py", line 379 in dispatch_events
  File "D:\a\yasb\yasb\venv\Lib\site-packages\watchdog\observers\api.py", line 213 in run
  File "C:\hostedtoolcache\windows\Python\3.14.4\x64\Lib\threading.py", line 1082 in _bootstrap_inner
  File "C:\hostedtoolcache\windows\Python\3.14.4\x64\Lib\threading.py", line 1044 in _bootstrap

Thread 0x00003b58 [Thread-9] (most recent call first):
  File "D:\a\yasb\yasb\venv\Lib\site-packages\watchdog\observers\winapi.py", line 326 in read_directory_changes
  File "D:\a\yasb\yasb\venv\Lib\site-packages\watchdog\observers\winapi.py", line 380 in read_events
  File "D:\a\yasb\yasb\venv\Lib\site-packages\watchdog\observers\read_directory_changes.py", line 67 in _read_events
  File "D:\a\yasb\yasb\venv\Lib\site-packages\watchdog\observers\read_directory_changes.py", line 70 in queue_events
  File "D:\a\yasb\yasb\venv\Lib\site-packages\watchdog\observers\api.py", line 158 in run
  File "C:\hostedtoolcache\windows\Python\3.14.4\x64\Lib\threading.py", line 1082 in _bootstrap_inner
  File "C:\hostedtoolcache\windows\Python\3.14.4\x64\Lib\threading.py", line 1044 in _bootstrap

Thread 0x00002760 [WiFiWorker] (most recent call first):
  File "D:\a\yasb\yasb\src\core\widgets\services\wifi\wifi_managers.py", line 151 in run

Thread 0x00000f7c [MemoryWorker] (most recent call first):
  File "D:\a\yasb\yasb\src\core\widgets\services\memory\memory_api.py", line 244 in run

Thread 0x00004398 [CpuWorker] (most recent call first):
  File "D:\a\yasb\yasb\src\core\widgets\services\cpu\cpu_api.py", line 318 in run

Thread 0x00002240 [QueryWorker] (most recent call first):
  File "D:\a\yasb\yasb\src\core\widgets\services\quick_launch\workers.py", line 61 in run

Thread 0x00004318 [_EventWorker] (most recent call first):
  File "D:\a\yasb\yasb\venv\Lib\site-packages\qasync\_windows.py", line 147 in _poll
  File "D:\a\yasb\yasb\venv\Lib\site-packages\qasync\_windows.py", line 72 in select
  File "D:\a\yasb\yasb\venv\Lib\site-packages\qasync\_windows.py", line 199 in run

Thread 0x00004304 [LogPipeServer] (most recent call first):
  File "D:\a\yasb\yasb\src\core\utils\win32\bindings\kernel32.py", line 288 in ConnectNamedPipe
  File "D:\a\yasb\yasb\src\core\utils\cli_server.py", line 138 in _run_server
  File "C:\hostedtoolcache\windows\Python\3.14.4\x64\Lib\threading.py", line 1024 in run
  File "C:\hostedtoolcache\windows\Python\3.14.4\x64\Lib\threading.py", line 1082 in _bootstrap_inner
  File "C:\hostedtoolcache\windows\Python\3.14.4\x64\Lib\threading.py", line 1044 in _bootstrap

Thread 0x00004308 [CLIPipeServer] (most recent call first):
  File "D:\a\yasb\yasb\src\core\utils\win32\bindings\kernel32.py", line 288 in ConnectNamedPipe
  File "D:\a\yasb\yasb\src\core\utils\cli_server.py", line 235 in _run_server
  File "C:\hostedtoolcache\windows\Python\3.14.4\x64\Lib\threading.py", line 1024 in run
  File "C:\hostedtoolcache\windows\Python\3.14.4\x64\Lib\threading.py", line 1082 in _bootstrap_inner
  File "C:\hostedtoolcache\windows\Python\3.14.4\x64\Lib\threading.py", line 1044 in _bootstrap

Thread 0x00003b60 (most recent call first):
  File "D:\a\yasb\yasb\venv\Lib\site-packages\qasync\__init__.py", line 404 in run_forever
  File "D:\a\yasb\yasb\venv\Lib\site-packages\qasync\__init__.py", line 428 in run_until_complete
  File "main.py", line 98 in main
  File "main.py", line 188 in <module>
  File "D:\a\yasb\yasb\venv\Lib\site-packages\freeze_core\initscripts\console.py", line 27 in run
  File "D:\a\yasb\yasb\venv\Lib\site-packages\freeze_core\initscripts\__startup__.py", line 137 in run

Current thread's C stack trace (most recent call first):
  <cannot get C stack on this system>
Windows fatal exception: code 0x80010108

Thread 0x00004294 [SystrayMonitor] (most recent call first):
  File "D:\a\yasb\yasb\src\core\widgets\services\systray\utils.py", line 145 in start_message_loop
  File "D:\a\yasb\yasb\src\core\widgets\services\systray\systray_monitor.py", line 99 in run
  File "D:\a\yasb\yasb\src\core\widgets\yasb\systray.py", line 65 in run

Thread 0x000027b4 [asyncio_0] (most recent call first):
  File "C:\hostedtoolcache\windows\Python\3.14.4\x64\Lib\threading.py", line 373 in wait
  File "C:\hostedtoolcache\windows\Python\3.14.4\x64\Lib\threading.py", line 670 in wait
  File "C:\hostedtoolcache\windows\Python\3.14.4\x64\Lib\concurrent\futures\thread.py", line 73 in run
  File "C:\hostedtoolcache\windows\Python\3.14.4\x64\Lib\concurrent\futures\thread.py", line 86 in run
  File "C:\hostedtoolcache\windows\Python\3.14.4\x64\Lib\concurrent\futures\thread.py", line 119 in _worker
  File "C:\hostedtoolcache\windows\Python\3.14.4\x64\Lib\threading.py", line 1024 in run
  File "C:\hostedtoolcache\windows\Python\3.14.4\x64\Lib\threading.py", line 1082 in _bootstrap_inner
  File "C:\hostedtoolcache\windows\Python\3.14.4\x64\Lib\threading.py", line 1044 in _bootstrap

Thread 0x00003b8c [WindowsNotificationEventListener] (most recent call first):
  File "C:\hostedtoolcache\windows\Python\3.14.4\x64\Lib\asyncio\windows_events.py", line 775 in _poll
  File "C:\hostedtoolcache\windows\Python\3.14.4\x64\Lib\asyncio\windows_events.py", line 446 in select
  File "C:\hostedtoolcache\windows\Python\3.14.4\x64\Lib\asyncio\base_events.py", line 2019 in _run_once
  File "C:\hostedtoolcache\windows\Python\3.14.4\x64\Lib\asyncio\base_events.py", line 677 in run_forever
  File "C:\hostedtoolcache\windows\Python\3.14.4\x64\Lib\asyncio\base_events.py", line 706 in run_until_complete
  File "D:\a\yasb\yasb\src\core\widgets\services\notifications\windows_notification.py", line 101 in run

Thread 0x00004224 [KomorebiEventListener] (most recent call first):
  File "C:\hostedtoolcache\windows\Python\3.14.4\x64\Lib\threading.py", line 373 in wait
  File "C:\hostedtoolcache\windows\Python\3.14.4\x64\Lib\threading.py", line 670 in wait
  File "D:\a\yasb\yasb\src\core\widgets\services\komorebi\event_listener.py", line 75 in run

Thread 0x00003e08 [HotkeyListener] (most recent call first):
  File "D:\a\yasb\yasb\src\core\utils\win32\hotkeys.py", line 252 in run

Thread 0x000041f4 [Thread-8] (most recent call first):
  File "C:\hostedtoolcache\windows\Python\3.14.4\x64\Lib\threading.py", line 369 in wait
  File "C:\hostedtoolcache\windows\Python\3.14.4\x64\Lib\queue.py", line 199 in get
  File "D:\a\yasb\yasb\venv\Lib\site-packages\watchdog\observers\api.py", line 379 in dispatch_events
  File "D:\a\yasb\yasb\venv\Lib\site-packages\watchdog\observers\api.py", line 213 in run
  File "C:\hostedtoolcache\windows\Python\3.14.4\x64\Lib\threading.py", line 1082 in _bootstrap_inner
  File "C:\hostedtoolcache\windows\Python\3.14.4\x64\Lib\threading.py", line 1044 in _bootstrap

Thread 0x00003b58 [Thread-9] (most recent call first):
  File "D:\a\yasb\yasb\venv\Lib\site-packages\watchdog\observers\winapi.py", line 326 in read_directory_changes
  File "D:\a\yasb\yasb\venv\Lib\site-packages\watchdog\observers\winapi.py", line 380 in read_events
  File "D:\a\yasb\yasb\venv\Lib\site-packages\watchdog\observers\read_directory_changes.py", line 67 in _read_events
  File "D:\a\yasb\yasb\venv\Lib\site-packages\watchdog\observers\read_directory_changes.py", line 70 in queue_events
  File "D:\a\yasb\yasb\venv\Lib\site-packages\watchdog\observers\api.py", line 158 in run
  File "C:\hostedtoolcache\windows\Python\3.14.4\x64\Lib\threading.py", line 1082 in _bootstrap_inner
  File "C:\hostedtoolcache\windows\Python\3.14.4\x64\Lib\threading.py", line 1044 in _bootstrap

Thread 0x00002760 [WiFiWorker] (most recent call first):
  File "D:\a\yasb\yasb\src\core\widgets\services\wifi\wifi_managers.py", line 151 in run

Thread 0x00000f7c [MemoryWorker] (most recent call first):
  File "D:\a\yasb\yasb\src\core\widgets\services\memory\memory_api.py", line 244 in run

Thread 0x00004398 [CpuWorker] (most recent call first):
  File "D:\a\yasb\yasb\src\core\widgets\services\cpu\cpu_api.py", line 318 in run

Thread 0x00002240 [QueryWorker] (most recent call first):
  File "D:\a\yasb\yasb\src\core\widgets\services\quick_launch\workers.py", line 61 in run

Thread 0x00004318 [_EventWorker] (most recent call first):
  File "D:\a\yasb\yasb\venv\Lib\site-packages\qasync\_windows.py", line 147 in _poll
  File "D:\a\yasb\yasb\venv\Lib\site-packages\qasync\_windows.py", line 72 in select
  File "D:\a\yasb\yasb\venv\Lib\site-packages\qasync\_windows.py", line 199 in run

Thread 0x00004304 [LogPipeServer] (most recent call first):
  File "D:\a\yasb\yasb\src\core\utils\win32\bindings\kernel32.py", line 288 in ConnectNamedPipe
  File "D:\a\yasb\yasb\src\core\utils\cli_server.py", line 138 in _run_server
  File "C:\hostedtoolcache\windows\Python\3.14.4\x64\Lib\threading.py", line 1024 in run
  File "C:\hostedtoolcache\windows\Python\3.14.4\x64\Lib\threading.py", line 1082 in _bootstrap_inner
  File "C:\hostedtoolcache\windows\Python\3.14.4\x64\Lib\threading.py", line 1044 in _bootstrap

Thread 0x00004308 [CLIPipeServer] (most recent call first):
  File "D:\a\yasb\yasb\src\core\utils\win32\bindings\kernel32.py", line 288 in ConnectNamedPipe
  File "D:\a\yasb\yasb\src\core\utils\cli_server.py", line 235 in _run_server
  File "C:\hostedtoolcache\windows\Python\3.14.4\x64\Lib\threading.py", line 1024 in run
  File "C:\hostedtoolcache\windows\Python\3.14.4\x64\Lib\threading.py", line 1082 in _bootstrap_inner
  File "C:\hostedtoolcache\windows\Python\3.14.4\x64\Lib\threading.py", line 1044 in _bootstrap

Thread 0x00003b60 (most recent call first):
  File "D:\a\yasb\yasb\venv\Lib\site-packages\qasync\__init__.py", line 404 in run_forever
  File "D:\a\yasb\yasb\venv\Lib\site-packages\qasync\__init__.py", line 428 in run_until_complete
  File "main.py", line 98 in main
  File "main.py", line 188 in <module>
  File "D:\a\yasb\yasb\venv\Lib\site-packages\freeze_core\initscripts\console.py", line 27 in run
  File "D:\a\yasb\yasb\venv\Lib\site-packages\freeze_core\initscripts\__startup__.py", line 137 in run

Current thread's C stack trace (most recent call first):
  <cannot get C stack on this system>
2026-07-09 13:19:22,070 [INFO] [MainThread] [root/api.py:69]: Fetching new weather data at 2026-07-09 13:19:22.070475
2026-07-09 14:06:15,532 [INFO] [MainThread] [root/api.py:69]: Fetching new weather data at 2026-07-09 14:06:15.531997
2026-07-09 14:16:15,537 [INFO] [MainThread] [root/api.py:69]: Fetching new weather data at 2026-07-09 14:16:15.537528
2026-07-09 14:26:15,535 [INFO] [MainThread] [root/api.py:69]: Fetching new weather data at 2026-07-09 14:26:15.535319
2026-07-09 14:36:15,593 [INFO] [MainThread] [root/api.py:69]: Fetching new weather data at 2026-07-09 14:36:15.593600
2026-07-09 14:46:15,515 [INFO] [MainThread] [root/api.py:69]: Fetching new weather data at 2026-07-09 14:46:15.515745
2026-07-09 14:56:15,540 [INFO] [MainThread] [root/api.py:69]: Fetching new weather data at 2026-07-09 14:56:15.540624
Windows fatal exception: code 0x80010108

Thread 0x00004294 [SystrayMonitor] (most recent call first):
  File "D:\a\yasb\yasb\src\core\widgets\services\systray\utils.py", line 145 in start_message_loop
  File "D:\a\yasb\yasb\src\core\widgets\services\systray\systray_monitor.py", line 99 in run
  File "D:\a\yasb\yasb\src\core\widgets\yasb\systray.py", line 65 in run

Thread 0x000027b4 [asyncio_0] (most recent call first):
  File "C:\hostedtoolcache\windows\Python\3.14.4\x64\Lib\threading.py", line 373 in wait
  File "C:\hostedtoolcache\windows\Python\3.14.4\x64\Lib\threading.py", line 670 in wait
  File "C:\hostedtoolcache\windows\Python\3.14.4\x64\Lib\concurrent\futures\thread.py", line 73 in run
  File "C:\hostedtoolcache\windows\Python\3.14.4\x64\Lib\concurrent\futures\thread.py", line 86 in run
  File "C:\hostedtoolcache\windows\Python\3.14.4\x64\Lib\concurrent\futures\thread.py", line 119 in _worker
  File "C:\hostedtoolcache\windows\Python\3.14.4\x64\Lib\threading.py", line 1024 in run
  File "C:\hostedtoolcache\windows\Python\3.14.4\x64\Lib\threading.py", line 1082 in _bootstrap_inner
  File "C:\hostedtoolcache\windows\Python\3.14.4\x64\Lib\threading.py", line 1044 in _bootstrap

Thread 0x00003b8c [WindowsNotificationEventListener] (most recent call first):
  File "C:\hostedtoolcache\windows\Python\3.14.4\x64\Lib\asyncio\windows_events.py", line 775 in _poll
  File "C:\hostedtoolcache\windows\Python\3.14.4\x64\Lib\asyncio\windows_events.py", line 446 in select
  File "C:\hostedtoolcache\windows\Python\3.14.4\x64\Lib\asyncio\base_events.py", line 2019 in _run_once
  File "C:\hostedtoolcache\windows\Python\3.14.4\x64\Lib\asyncio\base_events.py", line 677 in run_forever
  File "C:\hostedtoolcache\windows\Python\3.14.4\x64\Lib\asyncio\base_events.py", line 706 in run_until_complete
  File "D:\a\yasb\yasb\src\core\widgets\services\notifications\windows_notification.py", line 101 in run

Thread 0x00004224 [KomorebiEventListener] (most recent call first):
  File "C:\hostedtoolcache\windows\Python\3.14.4\x64\Lib\threading.py", line 373 in wait
  File "C:\hostedtoolcache\windows\Python\3.14.4\x64\Lib\threading.py", line 670 in wait
  File "D:\a\yasb\yasb\src\core\widgets\services\komorebi\event_listener.py", line 75 in run

Thread 0x00003e08 [HotkeyListener] (most recent call first):
  File "D:\a\yasb\yasb\src\core\utils\win32\hotkeys.py", line 252 in run

Thread 0x000041f4 [Thread-8] (most recent call first):
  File "C:\hostedtoolcache\windows\Python\3.14.4\x64\Lib\threading.py", line 369 in wait
  File "C:\hostedtoolcache\windows\Python\3.14.4\x64\Lib\queue.py", line 199 in get
  File "D:\a\yasb\yasb\venv\Lib\site-packages\watchdog\observers\api.py", line 379 in dispatch_events
  File "D:\a\yasb\yasb\venv\Lib\site-packages\watchdog\observers\api.py", line 213 in run
  File "C:\hostedtoolcache\windows\Python\3.14.4\x64\Lib\threading.py", line 1082 in _bootstrap_inner
  File "C:\hostedtoolcache\windows\Python\3.14.4\x64\Lib\threading.py", line 1044 in _bootstrap

Thread 0x00003b58 [Thread-9] (most recent call first):
  File "D:\a\yasb\yasb\venv\Lib\site-packages\watchdog\observers\winapi.py", line 326 in read_directory_changes
  File "D:\a\yasb\yasb\venv\Lib\site-packages\watchdog\observers\winapi.py", line 380 in read_events
  File "D:\a\yasb\yasb\venv\Lib\site-packages\watchdog\observers\read_directory_changes.py", line 67 in _read_events
  File "D:\a\yasb\yasb\venv\Lib\site-packages\watchdog\observers\read_directory_changes.py", line 70 in queue_events
  File "D:\a\yasb\yasb\venv\Lib\site-packages\watchdog\observers\api.py", line 158 in run
  File "C:\hostedtoolcache\windows\Python\3.14.4\x64\Lib\threading.py", line 1082 in _bootstrap_inner
  File "C:\hostedtoolcache\windows\Python\3.14.4\x64\Lib\threading.py", line 1044 in _bootstrap

Thread 0x00002760 [WiFiWorker] (most recent call first):
  File "D:\a\yasb\yasb\src\core\widgets\services\wifi\wifi_managers.py", line 151 in run

Thread 0x00000f7c [MemoryWorker] (most recent call first):
  File "D:\a\yasb\yasb\src\core\widgets\services\memory\memory_api.py", line 244 in run

Thread 0x00004398 [CpuWorker] (most recent call first):
  File "D:\a\yasb\yasb\src\core\widgets\services\cpu\cpu_api.py", line 318 in run

Thread 0x00002240 [QueryWorker] (most recent call first):
  File "D:\a\yasb\yasb\src\core\widgets\services\quick_launch\workers.py", line 61 in run

Thread 0x00004318 [_EventWorker] (most recent call first):
  File "D:\a\yasb\yasb\venv\Lib\site-packages\qasync\_windows.py", line 147 in _poll
  File "D:\a\yasb\yasb\venv\Lib\site-packages\qasync\_windows.py", line 72 in select
  File "D:\a\yasb\yasb\venv\Lib\site-packages\qasync\_windows.py", line 199 in run

Thread 0x00004304 [LogPipeServer] (most recent call first):
  File "D:\a\yasb\yasb\src\core\utils\win32\bindings\kernel32.py", line 288 in ConnectNamedPipe
  File "D:\a\yasb\yasb\src\core\utils\cli_server.py", line 138 in _run_server
  File "C:\hostedtoolcache\windows\Python\3.14.4\x64\Lib\threading.py", line 1024 in run
  File "C:\hostedtoolcache\windows\Python\3.14.4\x64\Lib\threading.py", line 1082 in _bootstrap_inner
  File "C:\hostedtoolcache\windows\Python\3.14.4\x64\Lib\threading.py", line 1044 in _bootstrap

Thread 0x00004308 [CLIPipeServer] (most recent call first):
  File "D:\a\yasb\yasb\src\core\utils\win32\bindings\kernel32.py", line 288 in ConnectNamedPipe
  File "D:\a\yasb\yasb\src\core\utils\cli_server.py", line 235 in _run_server
  File "C:\hostedtoolcache\windows\Python\3.14.4\x64\Lib\threading.py", line 1024 in run
  File "C:\hostedtoolcache\windows\Python\3.14.4\x64\Lib\threading.py", line 1082 in _bootstrap_inner
  File "C:\hostedtoolcache\windows\Python\3.14.4\x64\Lib\threading.py", line 1044 in _bootstrap

Thread 0x00003b60 (most recent call first):
  File "D:\a\yasb\yasb\venv\Lib\site-packages\qasync\__init__.py", line 404 in run_forever
  File "D:\a\yasb\yasb\venv\Lib\site-packages\qasync\__init__.py", line 428 in run_until_complete
  File "main.py", line 98 in main
  File "main.py", line 188 in <module>
  File "D:\a\yasb\yasb\venv\Lib\site-packages\freeze_core\initscripts\console.py", line 27 in run
  File "D:\a\yasb\yasb\venv\Lib\site-packages\freeze_core\initscripts\__startup__.py", line 137 in run

Current thread's C stack trace (most recent call first):
  <cannot get C stack on this system>
Windows fatal exception: code 0x80010108

Thread 0x00004294 [SystrayMonitor] (most recent call first):
  File "D:\a\yasb\yasb\src\core\widgets\services\systray\utils.py", line 145 in start_message_loop
  File "D:\a\yasb\yasb\src\core\widgets\services\systray\systray_monitor.py", line 99 in run
  File "D:\a\yasb\yasb\src\core\widgets\yasb\systray.py", line 65 in run

Thread 0x000027b4 [asyncio_0] (most recent call first):
  File "C:\hostedtoolcache\windows\Python\3.14.4\x64\Lib\threading.py", line 373 in wait
  File "C:\hostedtoolcache\windows\Python\3.14.4\x64\Lib\threading.py", line 670 in wait
  File "C:\hostedtoolcache\windows\Python\3.14.4\x64\Lib\concurrent\futures\thread.py", line 73 in run
  File "C:\hostedtoolcache\windows\Python\3.14.4\x64\Lib\concurrent\futures\thread.py", line 86 in run
  File "C:\hostedtoolcache\windows\Python\3.14.4\x64\Lib\concurrent\futures\thread.py", line 119 in _worker
  File "C:\hostedtoolcache\windows\Python\3.14.4\x64\Lib\threading.py", line 1024 in run
  File "C:\hostedtoolcache\windows\Python\3.14.4\x64\Lib\threading.py", line 1082 in _bootstrap_inner
  File "C:\hostedtoolcache\windows\Python\3.14.4\x64\Lib\threading.py", line 1044 in _bootstrap

Thread 0x00003b8c [WindowsNotificationEventListener] (most recent call first):
  File "C:\hostedtoolcache\windows\Python\3.14.4\x64\Lib\asyncio\windows_events.py", line 775 in _poll
  File "C:\hostedtoolcache\windows\Python\3.14.4\x64\Lib\asyncio\windows_events.py", line 446 in select
  File "C:\hostedtoolcache\windows\Python\3.14.4\x64\Lib\asyncio\base_events.py", line 2019 in _run_once
  File "C:\hostedtoolcache\windows\Python\3.14.4\x64\Lib\asyncio\base_events.py", line 677 in run_forever
  File "C:\hostedtoolcache\windows\Python\3.14.4\x64\Lib\asyncio\base_events.py", line 706 in run_until_complete
  File "D:\a\yasb\yasb\src\core\widgets\services\notifications\windows_notification.py", line 101 in run

Thread 0x00004224 [KomorebiEventListener] (most recent call first):
  File "C:\hostedtoolcache\windows\Python\3.14.4\x64\Lib\threading.py", line 373 in wait
  File "C:\hostedtoolcache\windows\Python\3.14.4\x64\Lib\threading.py", line 670 in wait
  File "D:\a\yasb\yasb\src\core\widgets\services\komorebi\event_listener.py", line 75 in run

Thread 0x00003e08 [HotkeyListener] (most recent call first):
  File "D:\a\yasb\yasb\src\core\utils\win32\hotkeys.py", line 252 in run

Thread 0x000041f4 [Thread-8] (most recent call first):
  File "C:\hostedtoolcache\windows\Python\3.14.4\x64\Lib\threading.py", line 369 in wait
  File "C:\hostedtoolcache\windows\Python\3.14.4\x64\Lib\queue.py", line 199 in get
  File "D:\a\yasb\yasb\venv\Lib\site-packages\watchdog\observers\api.py", line 379 in dispatch_events
  File "D:\a\yasb\yasb\venv\Lib\site-packages\watchdog\observers\api.py", line 213 in run
  File "C:\hostedtoolcache\windows\Python\3.14.4\x64\Lib\threading.py", line 1082 in _bootstrap_inner
  File "C:\hostedtoolcache\windows\Python\3.14.4\x64\Lib\threading.py", line 1044 in _bootstrap

Thread 0x00003b58 [Thread-9] (most recent call first):
  File "D:\a\yasb\yasb\venv\Lib\site-packages\watchdog\observers\winapi.py", line 326 in read_directory_changes
  File "D:\a\yasb\yasb\venv\Lib\site-packages\watchdog\observers\winapi.py", line 380 in read_events
  File "D:\a\yasb\yasb\venv\Lib\site-packages\watchdog\observers\read_directory_changes.py", line 67 in _read_events
  File "D:\a\yasb\yasb\venv\Lib\site-packages\watchdog\observers\read_directory_changes.py", line 70 in queue_events
  File "D:\a\yasb\yasb\venv\Lib\site-packages\watchdog\observers\api.py", line 158 in run
  File "C:\hostedtoolcache\windows\Python\3.14.4\x64\Lib\threading.py", line 1082 in _bootstrap_inner
  File "C:\hostedtoolcache\windows\Python\3.14.4\x64\Lib\threading.py", line 1044 in _bootstrap

Thread 0x00002760 [WiFiWorker] (most recent call first):
  File "D:\a\yasb\yasb\src\core\widgets\services\wifi\wifi_managers.py", line 151 in run

Thread 0x00000f7c [MemoryWorker] (most recent call first):
  File "D:\a\yasb\yasb\src\core\widgets\services\memory\memory_api.py", line 244 in run

Thread 0x00004398 [CpuWorker] (most recent call first):
  File "D:\a\yasb\yasb\src\core\widgets\services\cpu\cpu_api.py", line 318 in run

Thread 0x00002240 [QueryWorker] (most recent call first):
  File "D:\a\yasb\yasb\src\core\widgets\services\quick_launch\workers.py", line 61 in run

Thread 0x00004318 [_EventWorker] (most recent call first):
  File "D:\a\yasb\yasb\venv\Lib\site-packages\qasync\_windows.py", line 147 in _poll
  File "D:\a\yasb\yasb\venv\Lib\site-packages\qasync\_windows.py", line 72 in select
  File "D:\a\yasb\yasb\venv\Lib\site-packages\qasync\_windows.py", line 199 in run

Thread 0x00004304 [LogPipeServer] (most recent call first):
  File "D:\a\yasb\yasb\src\core\utils\win32\bindings\kernel32.py", line 288 in ConnectNamedPipe
  File "D:\a\yasb\yasb\src\core\utils\cli_server.py", line 138 in _run_server
  File "C:\hostedtoolcache\windows\Python\3.14.4\x64\Lib\threading.py", line 1024 in run
  File "C:\hostedtoolcache\windows\Python\3.14.4\x64\Lib\threading.py", line 1082 in _bootstrap_inner
  File "C:\hostedtoolcache\windows\Python\3.14.4\x64\Lib\threading.py", line 1044 in _bootstrap

Thread 0x00004308 [CLIPipeServer] (most recent call first):
  File "D:\a\yasb\yasb\src\core\utils\win32\bindings\kernel32.py", line 288 in ConnectNamedPipe
  File "D:\a\yasb\yasb\src\core\utils\cli_server.py", line 235 in _run_server
  File "C:\hostedtoolcache\windows\Python\3.14.4\x64\Lib\threading.py", line 1024 in run
  File "C:\hostedtoolcache\windows\Python\3.14.4\x64\Lib\threading.py", line 1082 in _bootstrap_inner
  File "C:\hostedtoolcache\windows\Python\3.14.4\x64\Lib\threading.py", line 1044 in _bootstrap

Thread 0x00003b60 (most recent call first):
  File "D:\a\yasb\yasb\venv\Lib\site-packages\qasync\__init__.py", line 404 in run_forever
  File "D:\a\yasb\yasb\venv\Lib\site-packages\qasync\__init__.py", line 428 in run_until_complete
  File "main.py", line 98 in main
  File "main.py", line 188 in <module>
  File "D:\a\yasb\yasb\venv\Lib\site-packages\freeze_core\initscripts\console.py", line 27 in run
  File "D:\a\yasb\yasb\venv\Lib\site-packages\freeze_core\initscripts\__startup__.py", line 137 in run

Current thread's C stack trace (most recent call first):
  <cannot get C stack on this system>
Windows fatal exception: code 0x80010108

Thread 0x00004294 [SystrayMonitor] (most recent call first):
  File "D:\a\yasb\yasb\src\core\widgets\services\systray\utils.py", line 145 in start_message_loop
  File "D:\a\yasb\yasb\src\core\widgets\services\systray\systray_monitor.py", line 99 in run
  File "D:\a\yasb\yasb\src\core\widgets\yasb\systray.py", line 65 in run

Thread 0x000027b4 [asyncio_0] (most recent call first):
  File "C:\hostedtoolcache\windows\Python\3.14.4\x64\Lib\threading.py", line 373 in wait
  File "C:\hostedtoolcache\windows\Python\3.14.4\x64\Lib\threading.py", line 670 in wait
  File "C:\hostedtoolcache\windows\Python\3.14.4\x64\Lib\concurrent\futures\thread.py", line 73 in run
  File "C:\hostedtoolcache\windows\Python\3.14.4\x64\Lib\concurrent\futures\thread.py", line 86 in run
  File "C:\hostedtoolcache\windows\Python\3.14.4\x64\Lib\concurrent\futures\thread.py", line 119 in _worker
  File "C:\hostedtoolcache\windows\Python\3.14.4\x64\Lib\threading.py", line 1024 in run
  File "C:\hostedtoolcache\windows\Python\3.14.4\x64\Lib\threading.py", line 1082 in _bootstrap_inner
  File "C:\hostedtoolcache\windows\Python\3.14.4\x64\Lib\threading.py", line 1044 in _bootstrap

Thread 0x00003b8c [WindowsNotificationEventListener] (most recent call first):
  File "C:\hostedtoolcache\windows\Python\3.14.4\x64\Lib\asyncio\windows_events.py", line 775 in _poll
  File "C:\hostedtoolcache\windows\Python\3.14.4\x64\Lib\asyncio\windows_events.py", line 446 in select
  File "C:\hostedtoolcache\windows\Python\3.14.4\x64\Lib\asyncio\base_events.py", line 2019 in _run_once
  File "C:\hostedtoolcache\windows\Python\3.14.4\x64\Lib\asyncio\base_events.py", line 677 in run_forever
  File "C:\hostedtoolcache\windows\Python\3.14.4\x64\Lib\asyncio\base_events.py", line 706 in run_until_complete
  File "D:\a\yasb\yasb\src\core\widgets\services\notifications\windows_notification.py", line 101 in run

Thread 0x00004224 [KomorebiEventListener] (most recent call first):
  File "C:\hostedtoolcache\windows\Python\3.14.4\x64\Lib\threading.py", line 373 in wait
  File "C:\hostedtoolcache\windows\Python\3.14.4\x64\Lib\threading.py", line 670 in wait
  File "D:\a\yasb\yasb\src\core\widgets\services\komorebi\event_listener.py", line 75 in run

Thread 0x00003e08 [HotkeyListener] (most recent call first):
  File "D:\a\yasb\yasb\src\core\utils\win32\hotkeys.py", line 252 in run

Thread 0x000041f4 [Thread-8] (most recent call first):
  File "C:\hostedtoolcache\windows\Python\3.14.4\x64\Lib\threading.py", line 369 in wait
  File "C:\hostedtoolcache\windows\Python\3.14.4\x64\Lib\queue.py", line 199 in get
  File "D:\a\yasb\yasb\venv\Lib\site-packages\watchdog\observers\api.py", line 379 in dispatch_events
  File "D:\a\yasb\yasb\venv\Lib\site-packages\watchdog\observers\api.py", line 213 in run
  File "C:\hostedtoolcache\windows\Python\3.14.4\x64\Lib\threading.py", line 1082 in _bootstrap_inner
  File "C:\hostedtoolcache\windows\Python\3.14.4\x64\Lib\threading.py", line 1044 in _bootstrap

Thread 0x00003b58 [Thread-9] (most recent call first):
  File "D:\a\yasb\yasb\venv\Lib\site-packages\watchdog\observers\winapi.py", line 326 in read_directory_changes
  File "D:\a\yasb\yasb\venv\Lib\site-packages\watchdog\observers\winapi.py", line 380 in read_events
  File "D:\a\yasb\yasb\venv\Lib\site-packages\watchdog\observers\read_directory_changes.py", line 67 in _read_events
  File "D:\a\yasb\yasb\venv\Lib\site-packages\watchdog\observers\read_directory_changes.py", line 70 in queue_events
  File "D:\a\yasb\yasb\venv\Lib\site-packages\watchdog\observers\api.py", line 158 in run
  File "C:\hostedtoolcache\windows\Python\3.14.4\x64\Lib\threading.py", line 1082 in _bootstrap_inner
  File "C:\hostedtoolcache\windows\Python\3.14.4\x64\Lib\threading.py", line 1044 in _bootstrap

Thread 0x00002760 [WiFiWorker] (most recent call first):
  File "D:\a\yasb\yasb\src\core\widgets\services\wifi\wifi_managers.py", line 151 in run

Thread 0x00000f7c [MemoryWorker] (most recent call first):
  File "D:\a\yasb\yasb\src\core\widgets\services\memory\memory_api.py", line 244 in run

Thread 0x00004398 [CpuWorker] (most recent call first):
  File "D:\a\yasb\yasb\src\core\widgets\services\cpu\cpu_api.py", line 318 in run

Thread 0x00002240 [QueryWorker] (most recent call first):
  File "D:\a\yasb\yasb\src\core\widgets\services\quick_launch\workers.py", line 61 in run

Thread 0x00004318 [_EventWorker] (most recent call first):
  File "D:\a\yasb\yasb\venv\Lib\site-packages\qasync\_windows.py", line 147 in _poll
  File "D:\a\yasb\yasb\venv\Lib\site-packages\qasync\_windows.py", line 72 in select
  File "D:\a\yasb\yasb\venv\Lib\site-packages\qasync\_windows.py", line 199 in run

Thread 0x00004304 [LogPipeServer] (most recent call first):
  File "D:\a\yasb\yasb\src\core\utils\win32\bindings\kernel32.py", line 288 in ConnectNamedPipe
  File "D:\a\yasb\yasb\src\core\utils\cli_server.py", line 138 in _run_server
  File "C:\hostedtoolcache\windows\Python\3.14.4\x64\Lib\threading.py", line 1024 in run
  File "C:\hostedtoolcache\windows\Python\3.14.4\x64\Lib\threading.py", line 1082 in _bootstrap_inner
  File "C:\hostedtoolcache\windows\Python\3.14.4\x64\Lib\threading.py", line 1044 in _bootstrap

Thread 0x00004308 [CLIPipeServer] (most recent call first):
  File "D:\a\yasb\yasb\src\core\utils\win32\bindings\kernel32.py", line 288 in ConnectNamedPipe
  File "D:\a\yasb\yasb\src\core\utils\cli_server.py", line 235 in _run_server
  File "C:\hostedtoolcache\windows\Python\3.14.4\x64\Lib\threading.py", line 1024 in run
  File "C:\hostedtoolcache\windows\Python\3.14.4\x64\Lib\threading.py", line 1082 in _bootstrap_inner
  File "C:\hostedtoolcache\windows\Python\3.14.4\x64\Lib\threading.py", line 1044 in _bootstrap

Thread 0x00003b60 (most recent call first):
  File "D:\a\yasb\yasb\venv\Lib\site-packages\qasync\__init__.py", line 404 in run_forever
  File "D:\a\yasb\yasb\venv\Lib\site-packages\qasync\__init__.py", line 428 in run_until_complete
  File "main.py", line 98 in main
  File "main.py", line 188 in <module>
  File "D:\a\yasb\yasb\venv\Lib\site-packages\freeze_core\initscripts\console.py", line 27 in run
  File "D:\a\yasb\yasb\venv\Lib\site-packages\freeze_core\initscripts\__startup__.py", line 137 in run

Current thread's C stack trace (most recent call first):
  <cannot get C stack on this system>
2026-07-09 15:06:15,576 [INFO] [MainThread] [root/api.py:69]: Fetching new weather data at 2026-07-09 15:06:15.576681
2026-07-09 15:16:15,517 [INFO] [MainThread] [root/api.py:69]: Fetching new weather data at 2026-07-09 15:16:15.517517
2026-07-09 15:26:15,532 [INFO] [MainThread] [root/api.py:69]: Fetching new weather data at 2026-07-09 15:26:15.532054
2026-07-09 15:36:15,514 [INFO] [MainThread] [root/api.py:69]: Fetching new weather data at 2026-07-09 15:36:15.514379
2026-07-09 15:46:15,619 [INFO] [MainThread] [root/api.py:69]: Fetching new weather data at 2026-07-09 15:46:15.619481
2026-07-09 15:56:15,534 [INFO] [MainThread] [root/api.py:69]: Fetching new weather data at 2026-07-09 15:56:15.534871
2026-07-09 16:06:15,533 [INFO] [MainThread] [root/api.py:69]: Fetching new weather data at 2026-07-09 16:06:15.533148
2026-07-09 16:16:15,539 [INFO] [MainThread] [root/api.py:69]: Fetching new weather data at 2026-07-09 16:16:15.539432
2026-07-09 16:26:15,583 [INFO] [MainThread] [root/api.py:69]: Fetching new weather data at 2026-07-09 16:26:15.583427
2026-07-09 16:36:15,523 [INFO] [MainThread] [root/api.py:69]: Fetching new weather data at 2026-07-09 16:36:15.522924
2026-07-09 16:46:15,547 [INFO] [MainThread] [root/api.py:69]: Fetching new weather data at 2026-07-09 16:46:15.547396
2026-07-09 16:56:15,534 [INFO] [MainThread] [root/api.py:69]: Fetching new weather data at 2026-07-09 16:56:15.534096
2026-07-09 17:06:15,531 [INFO] [MainThread] [root/api.py:69]: Fetching new weather data at 2026-07-09 17:06:15.531927
2026-07-09 17:16:15,479 [INFO] [MainThread] [root/api.py:69]: Fetching new weather data at 2026-07-09 17:16:15.479435
2026-07-09 17:26:15,499 [INFO] [MainThread] [root/api.py:69]: Fetching new weather data at 2026-07-09 17:26:15.499161
2026-07-09 17:36:15,492 [INFO] [MainThread] [root/api.py:69]: Fetching new weather data at 2026-07-09 17:36:15.492859
2026-07-09 17:46:15,476 [INFO] [MainThread] [root/api.py:69]: Fetching new weather data at 2026-07-09 17:46:15.476010
2026-07-09 17:56:15,491 [INFO] [MainThread] [root/api.py:69]: Fetching new weather data at 2026-07-09 17:56:15.491476
2026-07-09 18:06:15,490 [INFO] [MainThread] [root/api.py:69]: Fetching new weather data at 2026-07-09 18:06:15.490776
2026-07-09 18:16:15,484 [INFO] [MainThread] [root/api.py:69]: Fetching new weather data at 2026-07-09 18:16:15.484159
2026-07-09 18:26:15,478 [INFO] [MainThread] [root/api.py:69]: Fetching new weather data at 2026-07-09 18:26:15.478442
2026-07-09 18:36:15,491 [INFO] [MainThread] [root/api.py:69]: Fetching new weather data at 2026-07-09 18:36:15.491195
2026-07-09 18:46:15,489 [INFO] [MainThread] [root/api.py:69]: Fetching new weather data at 2026-07-09 18:46:15.489369
2026-07-09 19:15:11,664 [INFO] [MainThread] [root/api.py:69]: Fetching new weather data at 2026-07-09 19:15:11.664037
2026-07-09 19:25:10,882 [INFO] [MainThread] [root/api.py:69]: Fetching new weather data at 2026-07-09 19:25:10.882073
2026-07-09 19:35:11,364 [INFO] [MainThread] [root/api.py:69]: Fetching new weather data at 2026-07-09 19:35:11.364626
2026-07-09 19:45:10,121 [INFO] [MainThread] [root/api.py:69]: Fetching new weather data at 2026-07-09 19:45:10.121215
2026-07-09 19:55:10,153 [INFO] [MainThread] [root/api.py:69]: Fetching new weather data at 2026-07-09 19:55:10.153241
2026-07-09 20:05:10,226 [INFO] [MainThread] [root/api.py:69]: Fetching new weather data at 2026-07-09 20:05:10.226562
2026-07-09 20:15:10,121 [INFO] [MainThread] [root/api.py:69]: Fetching new weather data at 2026-07-09 20:15:10.121754
2026-07-09 20:25:10,120 [INFO] [MainThread] [root/api.py:69]: Fetching new weather data at 2026-07-09 20:25:10.120786
2026-07-09 20:35:10,195 [INFO] [MainThread] [root/api.py:69]: Fetching new weather data at 2026-07-09 20:35:10.195761
2026-07-09 20:45:10,200 [INFO] [MainThread] [root/api.py:69]: Fetching new weather data at 2026-07-09 20:45:10.200247
2026-07-09 20:55:10,122 [INFO] [MainThread] [root/api.py:69]: Fetching new weather data at 2026-07-09 20:55:10.122713
2026-07-09 21:05:10,159 [INFO] [MainThread] [root/api.py:69]: Fetching new weather data at 2026-07-09 21:05:10.159723
2026-07-09 21:10:02,150 [INFO] [MainThread] [root/service.py:212]: Quick Launch rebuilding app list after install/uninstall detected
Windows fatal exception: code 0x80010108

Thread 0x00004294 [SystrayMonitor] (most recent call first):
  File "D:\a\yasb\yasb\src\core\widgets\services\systray\utils.py", line 145 in start_message_loop
  File "D:\a\yasb\yasb\src\core\widgets\services\systray\systray_monitor.py", line 99 in run
  File "D:\a\yasb\yasb\src\core\widgets\yasb\systray.py", line 65 in run

Thread 0x000027b4 [asyncio_0] (most recent call first):
  File "C:\hostedtoolcache\windows\Python\3.14.4\x64\Lib\threading.py", line 373 in wait
  File "C:\hostedtoolcache\windows\Python\3.14.4\x64\Lib\threading.py", line 670 in wait
  File "C:\hostedtoolcache\windows\Python\3.14.4\x64\Lib\concurrent\futures\thread.py", line 73 in run
  File "C:\hostedtoolcache\windows\Python\3.14.4\x64\Lib\concurrent\futures\thread.py", line 86 in run
  File "C:\hostedtoolcache\windows\Python\3.14.4\x64\Lib\concurrent\futures\thread.py", line 119 in _worker
  File "C:\hostedtoolcache\windows\Python\3.14.4\x64\Lib\threading.py", line 1024 in run
  File "C:\hostedtoolcache\windows\Python\3.14.4\x64\Lib\threading.py", line 1082 in _bootstrap_inner
  File "C:\hostedtoolcache\windows\Python\3.14.4\x64\Lib\threading.py", line 1044 in _bootstrap

Thread 0x00003b8c [WindowsNotificationEventListener] (most recent call first):
  File "C:\hostedtoolcache\windows\Python\3.14.4\x64\Lib\asyncio\windows_events.py", line 775 in _poll
  File "C:\hostedtoolcache\windows\Python\3.14.4\x64\Lib\asyncio\windows_events.py", line 446 in select
  File "C:\hostedtoolcache\windows\Python\3.14.4\x64\Lib\asyncio\base_events.py", line 2019 in _run_once
  File "C:\hostedtoolcache\windows\Python\3.14.4\x64\Lib\asyncio\base_events.py", line 677 in run_forever
  File "C:\hostedtoolcache\windows\Python\3.14.4\x64\Lib\asyncio\base_events.py", line 706 in run_until_complete
  File "D:\a\yasb\yasb\src\core\widgets\services\notifications\windows_notification.py", line 101 in run

Thread 0x00004224 [KomorebiEventListener] (most recent call first):
  File "C:\hostedtoolcache\windows\Python\3.14.4\x64\Lib\threading.py", line 373 in wait
  File "C:\hostedtoolcache\windows\Python\3.14.4\x64\Lib\threading.py", line 670 in wait
  File "D:\a\yasb\yasb\src\core\widgets\services\komorebi\event_listener.py", line 75 in run

Thread 0x00003e08 [HotkeyListener] (most recent call first):
  File "D:\a\yasb\yasb\src\core\utils\win32\hotkeys.py", line 252 in run

Thread 0x000041f4 [Thread-8] (most recent call first):
  File "C:\hostedtoolcache\windows\Python\3.14.4\x64\Lib\threading.py", line 369 in wait
  File "C:\hostedtoolcache\windows\Python\3.14.4\x64\Lib\queue.py", line 199 in get
  File "D:\a\yasb\yasb\venv\Lib\site-packages\watchdog\observers\api.py", line 379 in dispatch_events
  File "D:\a\yasb\yasb\venv\Lib\site-packages\watchdog\observers\api.py", line 213 in run
  File "C:\hostedtoolcache\windows\Python\3.14.4\x64\Lib\threading.py", line 1082 in _bootstrap_inner
  File "C:\hostedtoolcache\windows\Python\3.14.4\x64\Lib\threading.py", line 1044 in _bootstrap

Thread 0x00003b58 [Thread-9] (most recent call first):
  File "D:\a\yasb\yasb\venv\Lib\site-packages\watchdog\observers\winapi.py", line 326 in read_directory_changes
  File "D:\a\yasb\yasb\venv\Lib\site-packages\watchdog\observers\winapi.py", line 380 in read_events
  File "D:\a\yasb\yasb\venv\Lib\site-packages\watchdog\observers\read_directory_changes.py", line 67 in _read_events
  File "D:\a\yasb\yasb\venv\Lib\site-packages\watchdog\observers\read_directory_changes.py", line 70 in queue_events
  File "D:\a\yasb\yasb\venv\Lib\site-packages\watchdog\observers\api.py", line 158 in run
  File "C:\hostedtoolcache\windows\Python\3.14.4\x64\Lib\threading.py", line 1082 in _bootstrap_inner
  File "C:\hostedtoolcache\windows\Python\3.14.4\x64\Lib\threading.py", line 1044 in _bootstrap

Thread 0x00002760 [WiFiWorker] (most recent call first):
  File "D:\a\yasb\yasb\src\core\widgets\services\wifi\wifi_managers.py", line 151 in run

Thread 0x00000f7c [MemoryWorker] (most recent call first):
  File "D:\a\yasb\yasb\src\core\widgets\services\memory\memory_api.py", line 244 in run

Thread 0x00004398 [CpuWorker] (most recent call first):
  File "D:\a\yasb\yasb\src\core\widgets\services\cpu\cpu_api.py", line 318 in run

Thread 0x00002240 [QueryWorker] (most recent call first):
  File "D:\a\yasb\yasb\src\core\widgets\services\quick_launch\workers.py", line 61 in run

Thread 0x00004318 [_EventWorker] (most recent call first):
  File "D:\a\yasb\yasb\venv\Lib\site-packages\qasync\_windows.py", line 147 in _poll
  File "D:\a\yasb\yasb\venv\Lib\site-packages\qasync\_windows.py", line 72 in select
  File "D:\a\yasb\yasb\venv\Lib\site-packages\qasync\_windows.py", line 199 in run

Thread 0x00004304 [LogPipeServer] (most recent call first):
  File "D:\a\yasb\yasb\src\core\utils\win32\bindings\kernel32.py", line 288 in ConnectNamedPipe
  File "D:\a\yasb\yasb\src\core\utils\cli_server.py", line 138 in _run_server
  File "C:\hostedtoolcache\windows\Python\3.14.4\x64\Lib\threading.py", line 1024 in run
  File "C:\hostedtoolcache\windows\Python\3.14.4\x64\Lib\threading.py", line 1082 in _bootstrap_inner
  File "C:\hostedtoolcache\windows\Python\3.14.4\x64\Lib\threading.py", line 1044 in _bootstrap

Thread 0x00004308 [CLIPipeServer] (most recent call first):
  File "D:\a\yasb\yasb\src\core\utils\win32\bindings\kernel32.py", line 288 in ConnectNamedPipe
  File "D:\a\yasb\yasb\src\core\utils\cli_server.py", line 235 in _run_server
  File "C:\hostedtoolcache\windows\Python\3.14.4\x64\Lib\threading.py", line 1024 in run
  File "C:\hostedtoolcache\windows\Python\3.14.4\x64\Lib\threading.py", line 1082 in _bootstrap_inner
  File "C:\hostedtoolcache\windows\Python\3.14.4\x64\Lib\threading.py", line 1044 in _bootstrap

Thread 0x00003b60 (most recent call first):
  File "D:\a\yasb\yasb\venv\Lib\site-packages\qasync\__init__.py", line 404 in run_forever
  File "D:\a\yasb\yasb\venv\Lib\site-packages\qasync\__init__.py", line 428 in run_until_complete
  File "main.py", line 98 in main
  File "main.py", line 188 in <module>
  File "D:\a\yasb\yasb\venv\Lib\site-packages\freeze_core\initscripts\console.py", line 27 in run
  File "D:\a\yasb\yasb\venv\Lib\site-packages\freeze_core\initscripts\__startup__.py", line 137 in run

Current thread's C stack trace (most recent call first):
  <cannot get C stack on this system>
Windows fatal exception: code 0x80010108

Thread 0x00004294 [SystrayMonitor] (most recent call first):
  File "D:\a\yasb\yasb\src\core\widgets\services\systray\utils.py", line 145 in start_message_loop
  File "D:\a\yasb\yasb\src\core\widgets\services\systray\systray_monitor.py", line 99 in run
  File "D:\a\yasb\yasb\src\core\widgets\yasb\systray.py", line 65 in run

Thread 0x000027b4 [asyncio_0] (most recent call first):
  File "C:\hostedtoolcache\windows\Python\3.14.4\x64\Lib\threading.py", line 373 in wait
  File "C:\hostedtoolcache\windows\Python\3.14.4\x64\Lib\threading.py", line 670 in wait
  File "C:\hostedtoolcache\windows\Python\3.14.4\x64\Lib\concurrent\futures\thread.py", line 73 in run
  File "C:\hostedtoolcache\windows\Python\3.14.4\x64\Lib\concurrent\futures\thread.py", line 86 in run
  File "C:\hostedtoolcache\windows\Python\3.14.4\x64\Lib\concurrent\futures\thread.py", line 119 in _worker
  File "C:\hostedtoolcache\windows\Python\3.14.4\x64\Lib\threading.py", line 1024 in run
  File "C:\hostedtoolcache\windows\Python\3.14.4\x64\Lib\threading.py", line 1082 in _bootstrap_inner
  File "C:\hostedtoolcache\windows\Python\3.14.4\x64\Lib\threading.py", line 1044 in _bootstrap

Thread 0x00003b8c [WindowsNotificationEventListener] (most recent call first):
  File "C:\hostedtoolcache\windows\Python\3.14.4\x64\Lib\asyncio\windows_events.py", line 775 in _poll
  File "C:\hostedtoolcache\windows\Python\3.14.4\x64\Lib\asyncio\windows_events.py", line 446 in select
  File "C:\hostedtoolcache\windows\Python\3.14.4\x64\Lib\asyncio\base_events.py", line 2019 in _run_once
  File "C:\hostedtoolcache\windows\Python\3.14.4\x64\Lib\asyncio\base_events.py", line 677 in run_forever
  File "C:\hostedtoolcache\windows\Python\3.14.4\x64\Lib\asyncio\base_events.py", line 706 in run_until_complete
  File "D:\a\yasb\yasb\src\core\widgets\services\notifications\windows_notification.py", line 101 in run

Thread 0x00004224 [KomorebiEventListener] (most recent call first):
  File "C:\hostedtoolcache\windows\Python\3.14.4\x64\Lib\threading.py", line 373 in wait
  File "C:\hostedtoolcache\windows\Python\3.14.4\x64\Lib\threading.py", line 670 in wait
  File "D:\a\yasb\yasb\src\core\widgets\services\komorebi\event_listener.py", line 75 in run

Thread 0x00003e08 [HotkeyListener] (most recent call first):
  File "D:\a\yasb\yasb\src\core\utils\win32\hotkeys.py", line 252 in run

Thread 0x000041f4 [Thread-8] (most recent call first):
  File "C:\hostedtoolcache\windows\Python\3.14.4\x64\Lib\threading.py", line 369 in wait
  File "C:\hostedtoolcache\windows\Python\3.14.4\x64\Lib\queue.py", line 199 in get
  File "D:\a\yasb\yasb\venv\Lib\site-packages\watchdog\observers\api.py", line 379 in dispatch_events
  File "D:\a\yasb\yasb\venv\Lib\site-packages\watchdog\observers\api.py", line 213 in run
  File "C:\hostedtoolcache\windows\Python\3.14.4\x64\Lib\threading.py", line 1082 in _bootstrap_inner
  File "C:\hostedtoolcache\windows\Python\3.14.4\x64\Lib\threading.py", line 1044 in _bootstrap

Thread 0x00003b58 [Thread-9] (most recent call first):
  File "D:\a\yasb\yasb\venv\Lib\site-packages\watchdog\observers\winapi.py", line 326 in read_directory_changes
  File "D:\a\yasb\yasb\venv\Lib\site-packages\watchdog\observers\winapi.py", line 380 in read_events
  File "D:\a\yasb\yasb\venv\Lib\site-packages\watchdog\observers\read_directory_changes.py", line 67 in _read_events
  File "D:\a\yasb\yasb\venv\Lib\site-packages\watchdog\observers\read_directory_changes.py", line 70 in queue_events
  File "D:\a\yasb\yasb\venv\Lib\site-packages\watchdog\observers\api.py", line 158 in run
  File "C:\hostedtoolcache\windows\Python\3.14.4\x64\Lib\threading.py", line 1082 in _bootstrap_inner
  File "C:\hostedtoolcache\windows\Python\3.14.4\x64\Lib\threading.py", line 1044 in _bootstrap

Thread 0x00002760 [WiFiWorker] (most recent call first):
  File "D:\a\yasb\yasb\src\core\widgets\services\wifi\wifi_managers.py", line 158 in _get_wifi_strength
  File "D:\a\yasb\yasb\src\core\widgets\services\wifi\wifi_managers.py", line 144 in run

Thread 0x00000f7c [MemoryWorker] (most recent call first):
  File "D:\a\yasb\yasb\src\core\widgets\services\memory\memory_api.py", line 244 in run

Thread 0x00004398 [CpuWorker] (most recent call first):
  File "D:\a\yasb\yasb\src\core\widgets\services\cpu\cpu_api.py", line 318 in run

Thread 0x00002240 [QueryWorker] (most recent call first):
  File "D:\a\yasb\yasb\src\core\widgets\services\quick_launch\workers.py", line 61 in run

Thread 0x00004318 [_EventWorker] (most recent call first):
  File "D:\a\yasb\yasb\venv\Lib\site-packages\qasync\_windows.py", line 147 in _poll
  File "D:\a\yasb\yasb\venv\Lib\site-packages\qasync\_windows.py", line 72 in select
  File "D:\a\yasb\yasb\venv\Lib\site-packages\qasync\_windows.py", line 199 in run

Thread 0x00004304 [LogPipeServer] (most recent call first):
  File "D:\a\yasb\yasb\src\core\utils\win32\bindings\kernel32.py", line 288 in ConnectNamedPipe
  File "D:\a\yasb\yasb\src\core\utils\cli_server.py", line 138 in _run_server
  File "C:\hostedtoolcache\windows\Python\3.14.4\x64\Lib\threading.py", line 1024 in run
  File "C:\hostedtoolcache\windows\Python\3.14.4\x64\Lib\threading.py", line 1082 in _bootstrap_inner
  File "C:\hostedtoolcache\windows\Python\3.14.4\x64\Lib\threading.py", line 1044 in _bootstrap

Thread 0x00004308 [CLIPipeServer] (most recent call first):
  File "D:\a\yasb\yasb\src\core\utils\win32\bindings\kernel32.py", line 288 in ConnectNamedPipe
  File "D:\a\yasb\yasb\src\core\utils\cli_server.py", line 235 in _run_server
  File "C:\hostedtoolcache\windows\Python\3.14.4\x64\Lib\threading.py", line 1024 in run
  File "C:\hostedtoolcache\windows\Python\3.14.4\x64\Lib\threading.py", line 1082 in _bootstrap_inner
  File "C:\hostedtoolcache\windows\Python\3.14.4\x64\Lib\threading.py", line 1044 in _bootstrap

Thread 0x00003b60 (most recent call first):
  File "D:\a\yasb\yasb\venv\Lib\site-packages\qasync\__init__.py", line 404 in run_forever
  File "D:\a\yasb\yasb\venv\Lib\site-packages\qasync\__init__.py", line 428 in run_until_complete
  File "main.py", line 98 in main
  File "main.py", line 188 in <module>
  File "D:\a\yasb\yasb\venv\Lib\site-packages\freeze_core\initscripts\console.py", line 27 in run
  File "D:\a\yasb\yasb\venv\Lib\site-packages\freeze_core\initscripts\__startup__.py", line 137 in run

Current thread's C stack trace (most recent call first):
  <cannot get C stack on this system>
Windows fatal exception: code 0x80010108

Thread 0x00004294 [SystrayMonitor] (most recent call first):
  File "D:\a\yasb\yasb\src\core\widgets\services\systray\utils.py", line 145 in start_message_loop
  File "D:\a\yasb\yasb\src\core\widgets\services\systray\systray_monitor.py", line 99 in run
  File "D:\a\yasb\yasb\src\core\widgets\yasb\systray.py", line 65 in run

Thread 0x000027b4 [asyncio_0] (most recent call first):
  File "C:\hostedtoolcache\windows\Python\3.14.4\x64\Lib\threading.py", line 373 in wait
  File "C:\hostedtoolcache\windows\Python\3.14.4\x64\Lib\threading.py", line 670 in wait
  File "C:\hostedtoolcache\windows\Python\3.14.4\x64\Lib\concurrent\futures\thread.py", line 73 in run
  File "C:\hostedtoolcache\windows\Python\3.14.4\x64\Lib\concurrent\futures\thread.py", line 86 in run
  File "C:\hostedtoolcache\windows\Python\3.14.4\x64\Lib\concurrent\futures\thread.py", line 119 in _worker
  File "C:\hostedtoolcache\windows\Python\3.14.4\x64\Lib\threading.py", line 1024 in run
  File "C:\hostedtoolcache\windows\Python\3.14.4\x64\Lib\threading.py", line 1082 in _bootstrap_inner
  File "C:\hostedtoolcache\windows\Python\3.14.4\x64\Lib\threading.py", line 1044 in _bootstrap

Thread 0x00003b8c [WindowsNotificationEventListener] (most recent call first):
  File "C:\hostedtoolcache\windows\Python\3.14.4\x64\Lib\asyncio\windows_events.py", line 775 in _poll
  File "C:\hostedtoolcache\windows\Python\3.14.4\x64\Lib\asyncio\windows_events.py", line 446 in select
  File "C:\hostedtoolcache\windows\Python\3.14.4\x64\Lib\asyncio\base_events.py", line 2019 in _run_once
  File "C:\hostedtoolcache\windows\Python\3.14.4\x64\Lib\asyncio\base_events.py", line 677 in run_forever
  File "C:\hostedtoolcache\windows\Python\3.14.4\x64\Lib\asyncio\base_events.py", line 706 in run_until_complete
  File "D:\a\yasb\yasb\src\core\widgets\services\notifications\windows_notification.py", line 101 in run

Thread 0x00004224 [KomorebiEventListener] (most recent call first):
  File "C:\hostedtoolcache\windows\Python\3.14.4\x64\Lib\threading.py", line 373 in wait
  File "C:\hostedtoolcache\windows\Python\3.14.4\x64\Lib\threading.py", line 670 in wait
  File "D:\a\yasb\yasb\src\core\widgets\services\komorebi\event_listener.py", line 75 in run

Thread 0x00003e08 [HotkeyListener] (most recent call first):
  File "D:\a\yasb\yasb\src\core\utils\win32\hotkeys.py", line 252 in run

Thread 0x000041f4 [Thread-8] (most recent call first):
  File "C:\hostedtoolcache\windows\Python\3.14.4\x64\Lib\threading.py", line 369 in wait
  File "C:\hostedtoolcache\windows\Python\3.14.4\x64\Lib\queue.py", line 199 in get
  File "D:\a\yasb\yasb\venv\Lib\site-packages\watchdog\observers\api.py", line 379 in dispatch_events
  File "D:\a\yasb\yasb\venv\Lib\site-packages\watchdog\observers\api.py", line 213 in run
  File "C:\hostedtoolcache\windows\Python\3.14.4\x64\Lib\threading.py", line 1082 in _bootstrap_inner
  File "C:\hostedtoolcache\windows\Python\3.14.4\x64\Lib\threading.py", line 1044 in _bootstrap

Thread 0x00003b58 [Thread-9] (most recent call first):
  File "D:\a\yasb\yasb\venv\Lib\site-packages\watchdog\observers\winapi.py", line 326 in read_directory_changes
  File "D:\a\yasb\yasb\venv\Lib\site-packages\watchdog\observers\winapi.py", line 380 in read_events
  File "D:\a\yasb\yasb\venv\Lib\site-packages\watchdog\observers\read_directory_changes.py", line 67 in _read_events
  File "D:\a\yasb\yasb\venv\Lib\site-packages\watchdog\observers\read_directory_changes.py", line 70 in queue_events
  File "D:\a\yasb\yasb\venv\Lib\site-packages\watchdog\observers\api.py", line 158 in run
  File "C:\hostedtoolcache\windows\Python\3.14.4\x64\Lib\threading.py", line 1082 in _bootstrap_inner
  File "C:\hostedtoolcache\windows\Python\3.14.4\x64\Lib\threading.py", line 1044 in _bootstrap

Thread 0x00002760 [WiFiWorker] (most recent call first):
  File "D:\a\yasb\yasb\src\core\widgets\services\wifi\wifi_managers.py", line 158 in _get_wifi_strength
  File "D:\a\yasb\yasb\src\core\widgets\services\wifi\wifi_managers.py", line 144 in run

Thread 0x00000f7c [MemoryWorker] (most recent call first):
  File "D:\a\yasb\yasb\src\core\widgets\services\memory\memory_api.py", line 244 in run

Thread 0x00004398 [CpuWorker] (most recent call first):
  File "D:\a\yasb\yasb\src\core\widgets\services\cpu\cpu_api.py", line 318 in run

Thread 0x00002240 [QueryWorker] (most recent call first):
  File "D:\a\yasb\yasb\src\core\widgets\services\quick_launch\workers.py", line 61 in run

Thread 0x00004318 [_EventWorker] (most recent call first):
  File "D:\a\yasb\yasb\venv\Lib\site-packages\qasync\_windows.py", line 147 in _poll
  File "D:\a\yasb\yasb\venv\Lib\site-packages\qasync\_windows.py", line 72 in select
  File "D:\a\yasb\yasb\venv\Lib\site-packages\qasync\_windows.py", line 199 in run

Thread 0x00004304 [LogPipeServer] (most recent call first):
  File "D:\a\yasb\yasb\src\core\utils\win32\bindings\kernel32.py", line 288 in ConnectNamedPipe
  File "D:\a\yasb\yasb\src\core\utils\cli_server.py", line 138 in _run_server
  File "C:\hostedtoolcache\windows\Python\3.14.4\x64\Lib\threading.py", line 1024 in run
  File "C:\hostedtoolcache\windows\Python\3.14.4\x64\Lib\threading.py", line 1082 in _bootstrap_inner
  File "C:\hostedtoolcache\windows\Python\3.14.4\x64\Lib\threading.py", line 1044 in _bootstrap

Thread 0x00004308 [CLIPipeServer] (most recent call first):
  File "D:\a\yasb\yasb\src\core\utils\win32\bindings\kernel32.py", line 288 in ConnectNamedPipe
  File "D:\a\yasb\yasb\src\core\utils\cli_server.py", line 235 in _run_server
  File "C:\hostedtoolcache\windows\Python\3.14.4\x64\Lib\threading.py", line 1024 in run
  File "C:\hostedtoolcache\windows\Python\3.14.4\x64\Lib\threading.py", line 1082 in _bootstrap_inner
  File "C:\hostedtoolcache\windows\Python\3.14.4\x64\Lib\threading.py", line 1044 in _bootstrap

Thread 0x00003b60 (most recent call first):
  File "D:\a\yasb\yasb\venv\Lib\site-packages\qasync\__init__.py", line 404 in run_forever
  File "D:\a\yasb\yasb\venv\Lib\site-packages\qasync\__init__.py", line 428 in run_until_complete
  File "main.py", line 98 in main
  File "main.py", line 188 in <module>
  File "D:\a\yasb\yasb\venv\Lib\site-packages\freeze_core\initscripts\console.py", line 27 in run
  File "D:\a\yasb\yasb\venv\Lib\site-packages\freeze_core\initscripts\__startup__.py", line 137 in run

Current thread's C stack trace (most recent call first):
  <cannot get C stack on this system>
Windows fatal exception: code 0x80010108

Thread 0x00004294 [SystrayMonitor] (most recent call first):
  File "D:\a\yasb\yasb\src\core\widgets\services\systray\utils.py", line 145 in start_message_loop
  File "D:\a\yasb\yasb\src\core\widgets\services\systray\systray_monitor.py", line 99 in run
  File "D:\a\yasb\yasb\src\core\widgets\yasb\systray.py", line 65 in run

Thread 0x000027b4 [asyncio_0] (most recent call first):
  File "C:\hostedtoolcache\windows\Python\3.14.4\x64\Lib\threading.py", line 373 in wait
  File "C:\hostedtoolcache\windows\Python\3.14.4\x64\Lib\threading.py", line 670 in wait
  File "C:\hostedtoolcache\windows\Python\3.14.4\x64\Lib\concurrent\futures\thread.py", line 73 in run
  File "C:\hostedtoolcache\windows\Python\3.14.4\x64\Lib\concurrent\futures\thread.py", line 86 in run
  File "C:\hostedtoolcache\windows\Python\3.14.4\x64\Lib\concurrent\futures\thread.py", line 119 in _worker
  File "C:\hostedtoolcache\windows\Python\3.14.4\x64\Lib\threading.py", line 1024 in run
  File "C:\hostedtoolcache\windows\Python\3.14.4\x64\Lib\threading.py", line 1082 in _bootstrap_inner
  File "C:\hostedtoolcache\windows\Python\3.14.4\x64\Lib\threading.py", line 1044 in _bootstrap

Thread 0x00003b8c [WindowsNotificationEventListener] (most recent call first):
  File "C:\hostedtoolcache\windows\Python\3.14.4\x64\Lib\asyncio\windows_events.py", line 775 in _poll
  File "C:\hostedtoolcache\windows\Python\3.14.4\x64\Lib\asyncio\windows_events.py", line 446 in select
  File "C:\hostedtoolcache\windows\Python\3.14.4\x64\Lib\asyncio\base_events.py", line 2019 in _run_once
  File "C:\hostedtoolcache\windows\Python\3.14.4\x64\Lib\asyncio\base_events.py", line 677 in run_forever
  File "C:\hostedtoolcache\windows\Python\3.14.4\x64\Lib\asyncio\base_events.py", line 706 in run_until_complete
  File "D:\a\yasb\yasb\src\core\widgets\services\notifications\windows_notification.py", line 101 in run

Thread 0x00004224 [KomorebiEventListener] (most recent call first):
  File "C:\hostedtoolcache\windows\Python\3.14.4\x64\Lib\json\decoder.py", line 361 in raw_decode
  File "C:\hostedtoolcache\windows\Python\3.14.4\x64\Lib\json\decoder.py", line ??? in decode
  <invalid frame>

Thread 0x00003e08 [HotkeyListener] (most recent call first):
  File "D:\a\yasb\yasb\src\core\utils\win32\hotkeys.py", line 252 in run

Thread 0x000041f4 [Thread-8] (most recent call first):
  File "C:\hostedtoolcache\windows\Python\3.14.4\x64\Lib\threading.py", line 369 in wait
  File "C:\hostedtoolcache\windows\Python\3.14.4\x64\Lib\queue.py", line 199 in get
  File "D:\a\yasb\yasb\venv\Lib\site-packages\watchdog\observers\api.py", line 379 in dispatch_events
  File "D:\a\yasb\yasb\venv\Lib\site-packages\watchdog\observers\api.py", line 213 in run
  File "C:\hostedtoolcache\windows\Python\3.14.4\x64\Lib\threading.py", line 1082 in _bootstrap_inner
  File "C:\hostedtoolcache\windows\Python\3.14.4\x64\Lib\threading.py", line 1044 in _bootstrap

Thread 0x00003b58 [Thread-9] (most recent call first):
  File "D:\a\yasb\yasb\venv\Lib\site-packages\watchdog\observers\winapi.py", line 326 in read_directory_changes
  File "D:\a\yasb\yasb\venv\Lib\site-packages\watchdog\observers\winapi.py", line 380 in read_events
  File "D:\a\yasb\yasb\venv\Lib\site-packages\watchdog\observers\read_directory_changes.py", line 67 in _read_events
  File "D:\a\yasb\yasb\venv\Lib\site-packages\watchdog\observers\read_directory_changes.py", line 70 in queue_events
  File "D:\a\yasb\yasb\venv\Lib\site-packages\watchdog\observers\api.py", line 158 in run
  File "C:\hostedtoolcache\windows\Python\3.14.4\x64\Lib\threading.py", line 1082 in _bootstrap_inner
  File "C:\hostedtoolcache\windows\Python\3.14.4\x64\Lib\threading.py", line 1044 in _bootstrap

Thread 0x00002760 [WiFiWorker] (most recent call first):
  File "D:\a\yasb\yasb\src\core\widgets\services\wifi\wifi_managers.py", line 151 in run

Thread 0x00000f7c [MemoryWorker] (most recent call first):
  File "D:\a\yasb\yasb\src\core\widgets\services\memory\memory_api.py", line 244 in run

Thread 0x00004398 [CpuWorker] (most recent call first):
  File "D:\a\yasb\yasb\src\core\widgets\services\cpu\cpu_api.py", line 318 in run

Thread 0x00002240 [QueryWorker] (most recent call first):
  File "D:\a\yasb\yasb\src\core\widgets\services\quick_launch\workers.py", line 61 in run

Thread 0x00004318 [_EventWorker] (most recent call first):
  File "D:\a\yasb\yasb\venv\Lib\site-packages\qasync\_windows.py", line 147 in _poll
  File "D:\a\yasb\yasb\venv\Lib\site-packages\qasync\_windows.py", line 72 in select
  File "D:\a\yasb\yasb\venv\Lib\site-packages\qasync\_windows.py", line 199 in run

Thread 0x00004304 [LogPipeServer] (most recent call first):
  File "D:\a\yasb\yasb\src\core\utils\win32\bindings\kernel32.py", line 288 in ConnectNamedPipe
  File "D:\a\yasb\yasb\src\core\utils\cli_server.py", line 138 in _run_server
  File "C:\hostedtoolcache\windows\Python\3.14.4\x64\Lib\threading.py", line 1024 in run
  File "C:\hostedtoolcache\windows\Python\3.14.4\x64\Lib\threading.py", line 1082 in _bootstrap_inner
  File "C:\hostedtoolcache\windows\Python\3.14.4\x64\Lib\threading.py", line 1044 in _bootstrap

Thread 0x00004308 [CLIPipeServer] (most recent call first):
  File "D:\a\yasb\yasb\src\core\utils\win32\bindings\kernel32.py", line 288 in ConnectNamedPipe
  File "D:\a\yasb\yasb\src\core\utils\cli_server.py", line 235 in _run_server
  File "C:\hostedtoolcache\windows\Python\3.14.4\x64\Lib\threading.py", line 1024 in run
  File "C:\hostedtoolcache\windows\Python\3.14.4\x64\Lib\threading.py", line 1082 in _bootstrap_inner
  File "C:\hostedtoolcache\windows\Python\3.14.4\x64\Lib\threading.py", line 1044 in _bootstrap

Thread 0x00003b60 (most recent call first):
  File "D:\a\yasb\yasb\venv\Lib\site-packages\qasync\__init__.py", line 404 in run_forever
  File "D:\a\yasb\yasb\venv\Lib\site-packages\qasync\__init__.py", line 428 in run_until_complete
  File "main.py", line 98 in main
  File "main.py", line 188 in <module>
  File "D:\a\yasb\yasb\venv\Lib\site-packages\freeze_core\initscripts\console.py", line 27 in run
  File "D:\a\yasb\yasb\venv\Lib\site-packages\freeze_core\initscripts\__startup__.py", line 137 in run

Current thread's C stack trace (most recent call first):
  <cannot get C stack on this system>
Windows fatal exception: code 0x80010108

Thread 0x00004294 [SystrayMonitor] (most recent call first):
  File "D:\a\yasb\yasb\src\core\widgets\services\systray\utils.py", line 145 in start_message_loop
  File "D:\a\yasb\yasb\src\core\widgets\services\systray\systray_monitor.py", line 99 in run
  File "D:\a\yasb\yasb\src\core\widgets\yasb\systray.py", line 65 in run

Thread 0x000027b4 [asyncio_0] (most recent call first):
  File "C:\hostedtoolcache\windows\Python\3.14.4\x64\Lib\threading.py", line 373 in wait
  File "C:\hostedtoolcache\windows\Python\3.14.4\x64\Lib\threading.py", line 670 in wait
  File "C:\hostedtoolcache\windows\Python\3.14.4\x64\Lib\concurrent\futures\thread.py", line 73 in run
  File "C:\hostedtoolcache\windows\Python\3.14.4\x64\Lib\concurrent\futures\thread.py", line 86 in run
  File "C:\hostedtoolcache\windows\Python\3.14.4\x64\Lib\concurrent\futures\thread.py", line 119 in _worker
  File "C:\hostedtoolcache\windows\Python\3.14.4\x64\Lib\threading.py", line 1024 in run
  File "C:\hostedtoolcache\windows\Python\3.14.4\x64\Lib\threading.py", line 1082 in _bootstrap_inner
  File "C:\hostedtoolcache\windows\Python\3.14.4\x64\Lib\threading.py", line 1044 in _bootstrap

Thread 0x00003b8c [WindowsNotificationEventListener] (most recent call first):
  File "C:\hostedtoolcache\windows\Python\3.14.4\x64\Lib\asyncio\windows_events.py", line 775 in _poll
  File "C:\hostedtoolcache\windows\Python\3.14.4\x64\Lib\asyncio\windows_events.py", line 446 in select
  File "C:\hostedtoolcache\windows\Python\3.14.4\x64\Lib\asyncio\base_events.py", line 2019 in _run_once
  File "C:\hostedtoolcache\windows\Python\3.14.4\x64\Lib\asyncio\base_events.py", line 677 in run_forever
  File "C:\hostedtoolcache\windows\Python\3.14.4\x64\Lib\asyncio\base_events.py", line 706 in run_until_complete
  File "D:\a\yasb\yasb\src\core\widgets\services\notifications\windows_notification.py", line 101 in run

Thread 0x00004224 [KomorebiEventListener] (most recent call first):
  File "C:\hostedtoolcache\windows\Python\3.14.4\x64\Lib\threading.py", line 373 in wait
  File "C:\hostedtoolcache\windows\Python\3.14.4\x64\Lib\threading.py", line 670 in wait
  File "D:\a\yasb\yasb\src\core\widgets\services\komorebi\event_listener.py", line 75 in run

Thread 0x00003e08 [HotkeyListener] (most recent call first):
  File "D:\a\yasb\yasb\src\core\utils\win32\hotkeys.py", line 252 in run

Thread 0x000041f4 [Thread-8] (most recent call first):
  File "C:\hostedtoolcache\windows\Python\3.14.4\x64\Lib\threading.py", line 369 in wait
  File "C:\hostedtoolcache\windows\Python\3.14.4\x64\Lib\queue.py", line 199 in get
  File "D:\a\yasb\yasb\venv\Lib\site-packages\watchdog\observers\api.py", line 379 in dispatch_events
  File "D:\a\yasb\yasb\venv\Lib\site-packages\watchdog\observers\api.py", line 213 in run
  File "C:\hostedtoolcache\windows\Python\3.14.4\x64\Lib\threading.py", line 1082 in _bootstrap_inner
  File "C:\hostedtoolcache\windows\Python\3.14.4\x64\Lib\threading.py", line 1044 in _bootstrap

Thread 0x00003b58 [Thread-9] (most recent call first):
  File "D:\a\yasb\yasb\venv\Lib\site-packages\watchdog\observers\winapi.py", line 326 in read_directory_changes
  File "D:\a\yasb\yasb\venv\Lib\site-packages\watchdog\observers\winapi.py", line 380 in read_events
  File "D:\a\yasb\yasb\venv\Lib\site-packages\watchdog\observers\read_directory_changes.py", line 67 in _read_events
  File "D:\a\yasb\yasb\venv\Lib\site-packages\watchdog\observers\read_directory_changes.py", line 70 in queue_events
  File "D:\a\yasb\yasb\venv\Lib\site-packages\watchdog\observers\api.py", line 158 in run
  File "C:\hostedtoolcache\windows\Python\3.14.4\x64\Lib\threading.py", line 1082 in _bootstrap_inner
  File "C:\hostedtoolcache\windows\Python\3.14.4\x64\Lib\threading.py", line 1044 in _bootstrap

Thread 0x00002760 [WiFiWorker] (most recent call first):
  File "D:\a\yasb\yasb\src\core\widgets\services\wifi\wifi_managers.py", line 151 in run

Thread 0x00000f7c [MemoryWorker] (most recent call first):
  File "D:\a\yasb\yasb\src\core\widgets\services\memory\memory_api.py", line 244 in run

Thread 0x00004398 [CpuWorker] (most recent call first):
  File "D:\a\yasb\yasb\src\core\widgets\services\cpu\cpu_api.py", line 318 in run

Thread 0x00002240 [QueryWorker] (most recent call first):
  File "D:\a\yasb\yasb\src\core\widgets\services\quick_launch\workers.py", line 61 in run

Thread 0x00004318 [_EventWorker] (most recent call first):
  File "D:\a\yasb\yasb\venv\Lib\site-packages\qasync\_windows.py", line 147 in _poll
  File "D:\a\yasb\yasb\venv\Lib\site-packages\qasync\_windows.py", line 72 in select
  File "D:\a\yasb\yasb\venv\Lib\site-packages\qasync\_windows.py", line 199 in run

Thread 0x00004304 [LogPipeServer] (most recent call first):
  File "D:\a\yasb\yasb\src\core\utils\win32\bindings\kernel32.py", line 288 in ConnectNamedPipe
  File "D:\a\yasb\yasb\src\core\utils\cli_server.py", line 138 in _run_server
  File "C:\hostedtoolcache\windows\Python\3.14.4\x64\Lib\threading.py", line 1024 in run
  File "C:\hostedtoolcache\windows\Python\3.14.4\x64\Lib\threading.py", line 1082 in _bootstrap_inner
  File "C:\hostedtoolcache\windows\Python\3.14.4\x64\Lib\threading.py", line 1044 in _bootstrap

Thread 0x00004308 [CLIPipeServer] (most recent call first):
  File "D:\a\yasb\yasb\src\core\utils\win32\bindings\kernel32.py", line 288 in ConnectNamedPipe
  File "D:\a\yasb\yasb\src\core\utils\cli_server.py", line 235 in _run_server
  File "C:\hostedtoolcache\windows\Python\3.14.4\x64\Lib\threading.py", line 1024 in run
  File "C:\hostedtoolcache\windows\Python\3.14.4\x64\Lib\threading.py", line 1082 in _bootstrap_inner
  File "C:\hostedtoolcache\windows\Python\3.14.4\x64\Lib\threading.py", line 1044 in _bootstrap

Thread 0x00003b60 (most recent call first):
  File "D:\a\yasb\yasb\venv\Lib\site-packages\qasync\__init__.py", line 404 in run_forever
  File "D:\a\yasb\yasb\venv\Lib\site-packages\qasync\__init__.py", line 428 in run_until_complete
  File "main.py", line 98 in main
  File "main.py", line 188 in <module>
  File "D:\a\yasb\yasb\venv\Lib\site-packages\freeze_core\initscripts\console.py", line 27 in run
  File "D:\a\yasb\yasb\venv\Lib\site-packages\freeze_core\initscripts\__startup__.py", line 137 in run

Current thread's C stack trace (most recent call first):
  <cannot get C stack on this system>
Windows fatal exception: code 0x80010108

Thread 0x00004294 [SystrayMonitor] (most recent call first):
  File "D:\a\yasb\yasb\src\core\widgets\services\systray\utils.py", line 145 in start_message_loop
  File "D:\a\yasb\yasb\src\core\widgets\services\systray\systray_monitor.py", line 99 in run
  File "D:\a\yasb\yasb\src\core\widgets\yasb\systray.py", line 65 in run

Thread 0x000027b4 [asyncio_0] (most recent call first):
  File "C:\hostedtoolcache\windows\Python\3.14.4\x64\Lib\threading.py", line 373 in wait
  File "C:\hostedtoolcache\windows\Python\3.14.4\x64\Lib\threading.py", line 670 in wait
  File "C:\hostedtoolcache\windows\Python\3.14.4\x64\Lib\concurrent\futures\thread.py", line 73 in run
  File "C:\hostedtoolcache\windows\Python\3.14.4\x64\Lib\concurrent\futures\thread.py", line 86 in run
  File "C:\hostedtoolcache\windows\Python\3.14.4\x64\Lib\concurrent\futures\thread.py", line 119 in _worker
  File "C:\hostedtoolcache\windows\Python\3.14.4\x64\Lib\threading.py", line 1024 in run
  File "C:\hostedtoolcache\windows\Python\3.14.4\x64\Lib\threading.py", line 1082 in _bootstrap_inner
  File "C:\hostedtoolcache\windows\Python\3.14.4\x64\Lib\threading.py", line 1044 in _bootstrap

Thread 0x00003b8c [WindowsNotificationEventListener] (most recent call first):
  File "C:\hostedtoolcache\windows\Python\3.14.4\x64\Lib\asyncio\windows_events.py", line 775 in _poll
  File "C:\hostedtoolcache\windows\Python\3.14.4\x64\Lib\asyncio\windows_events.py", line 446 in select
  File "C:\hostedtoolcache\windows\Python\3.14.4\x64\Lib\asyncio\base_events.py", line 2019 in _run_once
  File "C:\hostedtoolcache\windows\Python\3.14.4\x64\Lib\asyncio\base_events.py", line 677 in run_forever
  File "C:\hostedtoolcache\windows\Python\3.14.4\x64\Lib\asyncio\base_events.py", line 706 in run_until_complete
  File "D:\a\yasb\yasb\src\core\widgets\services\notifications\windows_notification.py", line 101 in run

Thread 0x00004224 [KomorebiEventListener] (most recent call first):
  File "C:\hostedtoolcache\windows\Python\3.14.4\x64\Lib\threading.py", line 373 in wait
  File "C:\hostedtoolcache\windows\Python\3.14.4\x64\Lib\threading.py", line 670 in wait
  File "D:\a\yasb\yasb\src\core\widgets\services\komorebi\event_listener.py", line 75 in run

Thread 0x00003e08 [HotkeyListener] (most recent call first):
  File "D:\a\yasb\yasb\src\core\utils\win32\hotkeys.py", line 252 in run

Thread 0x000041f4 [Thread-8] (most recent call first):
  File "C:\hostedtoolcache\windows\Python\3.14.4\x64\Lib\threading.py", line 369 in wait
  File "C:\hostedtoolcache\windows\Python\3.14.4\x64\Lib\queue.py", line 199 in get
  File "D:\a\yasb\yasb\venv\Lib\site-packages\watchdog\observers\api.py", line 379 in dispatch_events
  File "D:\a\yasb\yasb\venv\Lib\site-packages\watchdog\observers\api.py", line 213 in run
  File "C:\hostedtoolcache\windows\Python\3.14.4\x64\Lib\threading.py", line 1082 in _bootstrap_inner
  File "C:\hostedtoolcache\windows\Python\3.14.4\x64\Lib\threading.py", line 1044 in _bootstrap

Thread 0x00003b58 [Thread-9] (most recent call first):
  File "D:\a\yasb\yasb\venv\Lib\site-packages\watchdog\observers\winapi.py", line 326 in read_directory_changes
  File "D:\a\yasb\yasb\venv\Lib\site-packages\watchdog\observers\winapi.py", line 380 in read_events
  File "D:\a\yasb\yasb\venv\Lib\site-packages\watchdog\observers\read_directory_changes.py", line 67 in _read_events
  File "D:\a\yasb\yasb\venv\Lib\site-packages\watchdog\observers\read_directory_changes.py", line 70 in queue_events
  File "D:\a\yasb\yasb\venv\Lib\site-packages\watchdog\observers\api.py", line 158 in run
  File "C:\hostedtoolcache\windows\Python\3.14.4\x64\Lib\threading.py", line 1082 in _bootstrap_inner
  File "C:\hostedtoolcache\windows\Python\3.14.4\x64\Lib\threading.py", line 1044 in _bootstrap

Thread 0x00002760 [WiFiWorker] (most recent call first):
  File "D:\a\yasb\yasb\src\core\widgets\services\wifi\wifi_managers.py", line 151 in run

Thread 0x00000f7c [MemoryWorker] (most recent call first):
  File "D:\a\yasb\yasb\src\core\widgets\services\memory\memory_api.py", line 244 in run

Thread 0x00004398 [CpuWorker] (most recent call first):
  File "D:\a\yasb\yasb\src\core\widgets\services\cpu\cpu_api.py", line 318 in run

Thread 0x00002240 [QueryWorker] (most recent call first):
  File "D:\a\yasb\yasb\src\core\widgets\services\quick_launch\workers.py", line 61 in run

Thread 0x00004318 [_EventWorker] (most recent call first):
  File "D:\a\yasb\yasb\venv\Lib\site-packages\qasync\_windows.py", line 147 in _poll
  File "D:\a\yasb\yasb\venv\Lib\site-packages\qasync\_windows.py", line 72 in select
  File "D:\a\yasb\yasb\venv\Lib\site-packages\qasync\_windows.py", line 199 in run

Thread 0x00004304 [LogPipeServer] (most recent call first):
  File "D:\a\yasb\yasb\src\core\utils\win32\bindings\kernel32.py", line 288 in ConnectNamedPipe
  File "D:\a\yasb\yasb\src\core\utils\cli_server.py", line 138 in _run_server
  File "C:\hostedtoolcache\windows\Python\3.14.4\x64\Lib\threading.py", line 1024 in run
  File "C:\hostedtoolcache\windows\Python\3.14.4\x64\Lib\threading.py", line 1082 in _bootstrap_inner
  File "C:\hostedtoolcache\windows\Python\3.14.4\x64\Lib\threading.py", line 1044 in _bootstrap

Thread 0x00004308 [CLIPipeServer] (most recent call first):
  File "D:\a\yasb\yasb\src\core\utils\win32\bindings\kernel32.py", line 288 in ConnectNamedPipe
  File "D:\a\yasb\yasb\src\core\utils\cli_server.py", line 235 in _run_server
  File "C:\hostedtoolcache\windows\Python\3.14.4\x64\Lib\threading.py", line 1024 in run
  File "C:\hostedtoolcache\windows\Python\3.14.4\x64\Lib\threading.py", line 1082 in _bootstrap_inner
  File "C:\hostedtoolcache\windows\Python\3.14.4\x64\Lib\threading.py", line 1044 in _bootstrap

Thread 0x00003b60 (most recent call first):
  File "D:\a\yasb\yasb\venv\Lib\site-packages\qasync\__init__.py", line 404 in run_forever
  File "D:\a\yasb\yasb\venv\Lib\site-packages\qasync\__init__.py", line 428 in run_until_complete
  File "main.py", line 98 in main
  File "main.py", line 188 in <module>
  File "D:\a\yasb\yasb\venv\Lib\site-packages\freeze_core\initscripts\console.py", line 27 in run
  File "D:\a\yasb\yasb\venv\Lib\site-packages\freeze_core\initscripts\__startup__.py", line 137 in run

Current thread's C stack trace (most recent call first):
  <cannot get C stack on this system>
2026-07-09 21:15:10,129 [INFO] [MainThread] [root/api.py:69]: Fetching new weather data at 2026-07-09 21:15:10.129199
2026-07-09 21:25:10,186 [INFO] [MainThread] [root/api.py:69]: Fetching new weather data at 2026-07-09 21:25:10.186539
2026-07-09 21:35:10,143 [INFO] [MainThread] [root/api.py:69]: Fetching new weather data at 2026-07-09 21:35:10.143116
2026-07-09 21:45:10,121 [INFO] [MainThread] [root/api.py:69]: Fetching new weather data at 2026-07-09 21:45:10.121140
2026-07-09 21:55:10,128 [INFO] [MainThread] [root/api.py:69]: Fetching new weather data at 2026-07-09 21:55:10.128854
2026-07-09 22:05:10,273 [INFO] [MainThread] [root/api.py:69]: Fetching new weather data at 2026-07-09 22:05:10.273205
2026-07-09 22:15:10,250 [INFO] [MainThread] [root/api.py:69]: Fetching new weather data at 2026-07-09 22:15:10.250766
2026-07-09 22:25:10,151 [INFO] [MainThread] [root/api.py:69]: Fetching new weather data at 2026-07-09 22:25:10.151654
2026-07-09 22:35:10,112 [INFO] [MainThread] [root/api.py:69]: Fetching new weather data at 2026-07-09 22:35:10.112671
2026-07-09 22:45:10,106 [INFO] [MainThread] [root/api.py:69]: Fetching new weather data at 2026-07-09 22:45:10.105900
2026-07-09 22:55:10,157 [INFO] [MainThread] [root/api.py:69]: Fetching new weather data at 2026-07-09 22:55:10.157545
2026-07-09 23:05:10,139 [INFO] [MainThread] [root/api.py:69]: Fetching new weather data at 2026-07-09 23:05:10.139234
2026-07-09 23:15:10,135 [INFO] [MainThread] [root/api.py:69]: Fetching new weather data at 2026-07-09 23:15:10.135505
2026-07-09 23:25:10,143 [INFO] [MainThread] [root/api.py:69]: Fetching new weather data at 2026-07-09 23:25:10.143502
2026-07-09 23:35:10,125 [INFO] [MainThread] [root/api.py:69]: Fetching new weather data at 2026-07-09 23:35:10.125570
2026-07-09 23:45:10,133 [INFO] [MainThread] [root/api.py:69]: Fetching new weather data at 2026-07-09 23:45:10.133074
2026-07-09 23:55:10,179 [INFO] [MainThread] [root/api.py:69]: Fetching new weather data at 2026-07-09 23:55:10.179457
2026-07-10 00:05:10,118 [INFO] [MainThread] [root/api.py:69]: Fetching new weather data at 2026-07-10 00:05:10.117947
2026-07-10 00:15:10,117 [INFO] [MainThread] [root/api.py:69]: Fetching new weather data at 2026-07-10 00:15:10.117563
2026-07-10 00:25:10,121 [INFO] [MainThread] [root/api.py:69]: Fetching new weather data at 2026-07-10 00:25:10.121115
2026-07-10 00:35:10,136 [INFO] [MainThread] [root/api.py:69]: Fetching new weather data at 2026-07-10 00:35:10.136879
2026-07-10 00:43:29,681 [INFO] [MainThread] [root/service.py:212]: Quick Launch rebuilding app list after install/uninstall detected
2026-07-10 00:43:48,901 [INFO] [MainThread] [root/service.py:212]: Quick Launch rebuilding app list after install/uninstall detected
2026-07-10 00:45:10,132 [INFO] [MainThread] [root/api.py:69]: Fetching new weather data at 2026-07-10 00:45:10.132349
2026-07-10 00:55:10,095 [INFO] [MainThread] [root/api.py:69]: Fetching new weather data at 2026-07-10 00:55:10.095429
2026-07-10 01:05:10,194 [INFO] [MainThread] [root/api.py:69]: Fetching new weather data at 2026-07-10 01:05:10.194058
2026-07-10 01:15:10,131 [INFO] [MainThread] [root/api.py:69]: Fetching new weather data at 2026-07-10 01:15:10.131835
2026-07-10 01:25:10,119 [INFO] [MainThread] [root/api.py:69]: Fetching new weather data at 2026-07-10 01:25:10.119122
2026-07-10 01:35:10,129 [INFO] [MainThread] [root/api.py:69]: Fetching new weather data at 2026-07-10 01:35:10.129003
2026-07-10 01:45:10,129 [INFO] [MainThread] [root/api.py:69]: Fetching new weather data at 2026-07-10 01:45:10.129805
2026-07-10 01:55:10,119 [INFO] [MainThread] [root/api.py:69]: Fetching new weather data at 2026-07-10 01:55:10.119757
2026-07-10 02:05:10,121 [INFO] [MainThread] [root/api.py:69]: Fetching new weather data at 2026-07-10 02:05:10.121726
2026-07-10 02:15:10,109 [INFO] [MainThread] [root/api.py:69]: Fetching new weather data at 2026-07-10 02:15:10.109850
2026-07-10 02:25:10,136 [INFO] [MainThread] [root/api.py:69]: Fetching new weather data at 2026-07-10 02:25:10.136052
2026-07-10 02:35:10,182 [INFO] [MainThread] [root/api.py:69]: Fetching new weather data at 2026-07-10 02:35:10.182463
2026-07-10 02:45:10,124 [INFO] [MainThread] [root/api.py:69]: Fetching new weather data at 2026-07-10 02:45:10.124039
2026-07-10 02:55:10,123 [INFO] [MainThread] [root/api.py:69]: Fetching new weather data at 2026-07-10 02:55:10.122986
Windows fatal exception: code 0x80010108

Thread 0x00004294 [SystrayMonitor] (most recent call first):
  File "D:\a\yasb\yasb\src\core\widgets\services\systray\utils.py", line 145 in start_message_loop
  File "D:\a\yasb\yasb\src\core\widgets\services\systray\systray_monitor.py", line 99 in run
  File "D:\a\yasb\yasb\src\core\widgets\yasb\systray.py", line 65 in run

Thread 0x000027b4 [asyncio_0] (most recent call first):
  File "C:\hostedtoolcache\windows\Python\3.14.4\x64\Lib\threading.py", line 373 in wait
  File "C:\hostedtoolcache\windows\Python\3.14.4\x64\Lib\threading.py", line 670 in wait
  File "C:\hostedtoolcache\windows\Python\3.14.4\x64\Lib\concurrent\futures\thread.py", line 73 in run
  File "C:\hostedtoolcache\windows\Python\3.14.4\x64\Lib\concurrent\futures\thread.py", line 86 in run
  File "C:\hostedtoolcache\windows\Python\3.14.4\x64\Lib\concurrent\futures\thread.py", line 119 in _worker
  File "C:\hostedtoolcache\windows\Python\3.14.4\x64\Lib\threading.py", line 1024 in run
  File "C:\hostedtoolcache\windows\Python\3.14.4\x64\Lib\threading.py", line 1082 in _bootstrap_inner
  File "C:\hostedtoolcache\windows\Python\3.14.4\x64\Lib\threading.py", line 1044 in _bootstrap

Thread 0x00003b8c [WindowsNotificationEventListener] (most recent call first):
  File "C:\hostedtoolcache\windows\Python\3.14.4\x64\Lib\asyncio\windows_events.py", line 775 in _poll
  File "C:\hostedtoolcache\windows\Python\3.14.4\x64\Lib\asyncio\windows_events.py", line 446 in select
  File "C:\hostedtoolcache\windows\Python\3.14.4\x64\Lib\asyncio\base_events.py", line 2019 in _run_once
  File "C:\hostedtoolcache\windows\Python\3.14.4\x64\Lib\asyncio\base_events.py", line 677 in run_forever
  File "C:\hostedtoolcache\windows\Python\3.14.4\x64\Lib\asyncio\base_events.py", line 706 in run_until_complete
  File "D:\a\yasb\yasb\src\core\widgets\services\notifications\windows_notification.py", line 101 in run

Thread 0x00004224 [KomorebiEventListener] (most recent call first):
  File "C:\hostedtoolcache\windows\Python\3.14.4\x64\Lib\threading.py", line 373 in wait
  File "C:\hostedtoolcache\windows\Python\3.14.4\x64\Lib\threading.py", line 670 in wait
  File "D:\a\yasb\yasb\src\core\widgets\services\komorebi\event_listener.py", line 75 in run

Thread 0x00003e08 [HotkeyListener] (most recent call first):
  File "D:\a\yasb\yasb\src\core\utils\win32\hotkeys.py", line 252 in run

Thread 0x000041f4 [Thread-8] (most recent call first):
  File "C:\hostedtoolcache\windows\Python\3.14.4\x64\Lib\threading.py", line 369 in wait
  File "C:\hostedtoolcache\windows\Python\3.14.4\x64\Lib\queue.py", line 199 in get
  File "D:\a\yasb\yasb\venv\Lib\site-packages\watchdog\observers\api.py", line 379 in dispatch_events
  File "D:\a\yasb\yasb\venv\Lib\site-packages\watchdog\observers\api.py", line 213 in run
  File "C:\hostedtoolcache\windows\Python\3.14.4\x64\Lib\threading.py", line 1082 in _bootstrap_inner
  File "C:\hostedtoolcache\windows\Python\3.14.4\x64\Lib\threading.py", line 1044 in _bootstrap

Thread 0x00003b58 [Thread-9] (most recent call first):
  File "D:\a\yasb\yasb\venv\Lib\site-packages\watchdog\observers\winapi.py", line 326 in read_directory_changes
  File "D:\a\yasb\yasb\venv\Lib\site-packages\watchdog\observers\winapi.py", line 380 in read_events
  File "D:\a\yasb\yasb\venv\Lib\site-packages\watchdog\observers\read_directory_changes.py", line 67 in _read_events
  File "D:\a\yasb\yasb\venv\Lib\site-packages\watchdog\observers\read_directory_changes.py", line 70 in queue_events
  File "D:\a\yasb\yasb\venv\Lib\site-packages\watchdog\observers\api.py", line 158 in run
  File "C:\hostedtoolcache\windows\Python\3.14.4\x64\Lib\threading.py", line 1082 in _bootstrap_inner
  File "C:\hostedtoolcache\windows\Python\3.14.4\x64\Lib\threading.py", line 1044 in _bootstrap

Thread 0x00002760 [WiFiWorker] (most recent call first):
  File "D:\a\yasb\yasb\src\core\widgets\services\wifi\wifi_managers.py", line 151 in run

Thread 0x00000f7c [MemoryWorker] (most recent call first):
  File "D:\a\yasb\yasb\src\core\widgets\services\memory\memory_api.py", line 244 in run

Thread 0x00004398 [CpuWorker] (most recent call first):
  File "D:\a\yasb\yasb\src\core\widgets\services\cpu\cpu_api.py", line 318 in run

Thread 0x00002240 [QueryWorker] (most recent call first):
  File "D:\a\yasb\yasb\src\core\widgets\services\quick_launch\workers.py", line 61 in run

Thread 0x00004318 [_EventWorker] (most recent call first):
  File "D:\a\yasb\yasb\venv\Lib\site-packages\qasync\_windows.py", line 147 in _poll
  File "D:\a\yasb\yasb\venv\Lib\site-packages\qasync\_windows.py", line 72 in select
  File "D:\a\yasb\yasb\venv\Lib\site-packages\qasync\_windows.py", line 199 in run

Thread 0x00004304 [LogPipeServer] (most recent call first):
  File "D:\a\yasb\yasb\src\core\utils\win32\bindings\kernel32.py", line 288 in ConnectNamedPipe
  File "D:\a\yasb\yasb\src\core\utils\cli_server.py", line 138 in _run_server
  File "C:\hostedtoolcache\windows\Python\3.14.4\x64\Lib\threading.py", line 1024 in run
  File "C:\hostedtoolcache\windows\Python\3.14.4\x64\Lib\threading.py", line 1082 in _bootstrap_inner
  File "C:\hostedtoolcache\windows\Python\3.14.4\x64\Lib\threading.py", line 1044 in _bootstrap

Thread 0x00004308 [CLIPipeServer] (most recent call first):
  File "D:\a\yasb\yasb\src\core\utils\win32\bindings\kernel32.py", line 288 in ConnectNamedPipe
  File "D:\a\yasb\yasb\src\core\utils\cli_server.py", line 235 in _run_server
  File "C:\hostedtoolcache\windows\Python\3.14.4\x64\Lib\threading.py", line 1024 in run
  File "C:\hostedtoolcache\windows\Python\3.14.4\x64\Lib\threading.py", line 1082 in _bootstrap_inner
  File "C:\hostedtoolcache\windows\Python\3.14.4\x64\Lib\threading.py", line 1044 in _bootstrap

Thread 0x00003b60 (most recent call first):
  File "D:\a\yasb\yasb\venv\Lib\site-packages\qasync\__init__.py", line 404 in run_forever
  File "D:\a\yasb\yasb\venv\Lib\site-packages\qasync\__init__.py", line 428 in run_until_complete
  File "main.py", line 98 in main
  File "main.py", line 188 in <module>
  File "D:\a\yasb\yasb\venv\Lib\site-packages\freeze_core\initscripts\console.py", line 27 in run
  File "D:\a\yasb\yasb\venv\Lib\site-packages\freeze_core\initscripts\__startup__.py", line 137 in run

Current thread's C stack trace (most recent call first):
  <cannot get C stack on this system>
Windows fatal exception: code 0x80010108

Thread 0x00004294 [SystrayMonitor] (most recent call first):
  File "D:\a\yasb\yasb\src\core\widgets\services\systray\utils.py", line 145 in start_message_loop
  File "D:\a\yasb\yasb\src\core\widgets\services\systray\systray_monitor.py", line 99 in run
  File "D:\a\yasb\yasb\src\core\widgets\yasb\systray.py", line 65 in run

Thread 0x000027b4 [asyncio_0] (most recent call first):
  File "C:\hostedtoolcache\windows\Python\3.14.4\x64\Lib\threading.py", line 373 in wait
  File "C:\hostedtoolcache\windows\Python\3.14.4\x64\Lib\threading.py", line 670 in wait
  File "C:\hostedtoolcache\windows\Python\3.14.4\x64\Lib\concurrent\futures\thread.py", line 73 in run
  File "C:\hostedtoolcache\windows\Python\3.14.4\x64\Lib\concurrent\futures\thread.py", line 86 in run
  File "C:\hostedtoolcache\windows\Python\3.14.4\x64\Lib\concurrent\futures\thread.py", line 119 in _worker
  File "C:\hostedtoolcache\windows\Python\3.14.4\x64\Lib\threading.py", line 1024 in run
  File "C:\hostedtoolcache\windows\Python\3.14.4\x64\Lib\threading.py", line 1082 in _bootstrap_inner
  File "C:\hostedtoolcache\windows\Python\3.14.4\x64\Lib\threading.py", line 1044 in _bootstrap

Thread 0x00003b8c [WindowsNotificationEventListener] (most recent call first):
  File "C:\hostedtoolcache\windows\Python\3.14.4\x64\Lib\asyncio\windows_events.py", line 775 in _poll
  File "C:\hostedtoolcache\windows\Python\3.14.4\x64\Lib\asyncio\windows_events.py", line 446 in select
  File "C:\hostedtoolcache\windows\Python\3.14.4\x64\Lib\asyncio\base_events.py", line 2019 in _run_once
  File "C:\hostedtoolcache\windows\Python\3.14.4\x64\Lib\asyncio\base_events.py", line 677 in run_forever
  File "C:\hostedtoolcache\windows\Python\3.14.4\x64\Lib\asyncio\base_events.py", line 706 in run_until_complete
  File "D:\a\yasb\yasb\src\core\widgets\services\notifications\windows_notification.py", line 101 in run

Thread 0x00004224 [KomorebiEventListener] (most recent call first):
  File "C:\hostedtoolcache\windows\Python\3.14.4\x64\Lib\threading.py", line 373 in wait
  File "C:\hostedtoolcache\windows\Python\3.14.4\x64\Lib\threading.py", line 670 in wait
  File "D:\a\yasb\yasb\src\core\widgets\services\komorebi\event_listener.py", line 75 in run

Thread 0x00003e08 [HotkeyListener] (most recent call first):
  File "D:\a\yasb\yasb\src\core\utils\win32\hotkeys.py", line 252 in run

Thread 0x000041f4 [Thread-8] (most recent call first):
  File "C:\hostedtoolcache\windows\Python\3.14.4\x64\Lib\threading.py", line 369 in wait
  File "C:\hostedtoolcache\windows\Python\3.14.4\x64\Lib\queue.py", line 199 in get
  File "D:\a\yasb\yasb\venv\Lib\site-packages\watchdog\observers\api.py", line 379 in dispatch_events
  File "D:\a\yasb\yasb\venv\Lib\site-packages\watchdog\observers\api.py", line 213 in run
  File "C:\hostedtoolcache\windows\Python\3.14.4\x64\Lib\threading.py", line 1082 in _bootstrap_inner
  File "C:\hostedtoolcache\windows\Python\3.14.4\x64\Lib\threading.py", line 1044 in _bootstrap

Thread 0x00003b58 [Thread-9] (most recent call first):
  File "D:\a\yasb\yasb\venv\Lib\site-packages\watchdog\observers\winapi.py", line 326 in read_directory_changes
  File "D:\a\yasb\yasb\venv\Lib\site-packages\watchdog\observers\winapi.py", line 380 in read_events
  File "D:\a\yasb\yasb\venv\Lib\site-packages\watchdog\observers\read_directory_changes.py", line 67 in _read_events
  File "D:\a\yasb\yasb\venv\Lib\site-packages\watchdog\observers\read_directory_changes.py", line 70 in queue_events
  File "D:\a\yasb\yasb\venv\Lib\site-packages\watchdog\observers\api.py", line 158 in run
  File "C:\hostedtoolcache\windows\Python\3.14.4\x64\Lib\threading.py", line 1082 in _bootstrap_inner
  File "C:\hostedtoolcache\windows\Python\3.14.4\x64\Lib\threading.py", line 1044 in _bootstrap

Thread 0x00002760 [WiFiWorker] (most recent call first):
  File "D:\a\yasb\yasb\src\core\widgets\services\wifi\wifi_managers.py", line 151 in run

Thread 0x00000f7c [MemoryWorker] (most recent call first):
  File "D:\a\yasb\yasb\src\core\widgets\services\memory\memory_api.py", line 244 in run

Thread 0x00004398 [CpuWorker] (most recent call first):
  File "D:\a\yasb\yasb\src\core\widgets\services\cpu\cpu_api.py", line 318 in run

Thread 0x00002240 [QueryWorker] (most recent call first):
  File "D:\a\yasb\yasb\src\core\widgets\services\quick_launch\workers.py", line 61 in run

Thread 0x00004318 [_EventWorker] (most recent call first):
  File "D:\a\yasb\yasb\venv\Lib\site-packages\qasync\_windows.py", line 147 in _poll
  File "D:\a\yasb\yasb\venv\Lib\site-packages\qasync\_windows.py", line 72 in select
  File "D:\a\yasb\yasb\venv\Lib\site-packages\qasync\_windows.py", line 199 in run

Thread 0x00004304 [LogPipeServer] (most recent call first):
  File "D:\a\yasb\yasb\src\core\utils\win32\bindings\kernel32.py", line 288 in ConnectNamedPipe
  File "D:\a\yasb\yasb\src\core\utils\cli_server.py", line 138 in _run_server
  File "C:\hostedtoolcache\windows\Python\3.14.4\x64\Lib\threading.py", line 1024 in run
  File "C:\hostedtoolcache\windows\Python\3.14.4\x64\Lib\threading.py", line 1082 in _bootstrap_inner
  File "C:\hostedtoolcache\windows\Python\3.14.4\x64\Lib\threading.py", line 1044 in _bootstrap

Thread 0x00004308 [CLIPipeServer] (most recent call first):
  File "D:\a\yasb\yasb\src\core\utils\win32\bindings\kernel32.py", line 288 in ConnectNamedPipe
  File "D:\a\yasb\yasb\src\core\utils\cli_server.py", line 235 in _run_server
  File "C:\hostedtoolcache\windows\Python\3.14.4\x64\Lib\threading.py", line 1024 in run
  File "C:\hostedtoolcache\windows\Python\3.14.4\x64\Lib\threading.py", line 1082 in _bootstrap_inner
  File "C:\hostedtoolcache\windows\Python\3.14.4\x64\Lib\threading.py", line 1044 in _bootstrap

Thread 0x00003b60 (most recent call first):
  File "D:\a\yasb\yasb\venv\Lib\site-packages\qasync\__init__.py", line 404 in run_forever
  File "D:\a\yasb\yasb\venv\Lib\site-packages\qasync\__init__.py", line 428 in run_until_complete
  File "main.py", line 98 in main
  File "main.py", line 188 in <module>
  File "D:\a\yasb\yasb\venv\Lib\site-packages\freeze_core\initscripts\console.py", line 27 in run
  File "D:\a\yasb\yasb\venv\Lib\site-packages\freeze_core\initscripts\__startup__.py", line 137 in run

Current thread's C stack trace (most recent call first):
  <cannot get C stack on this system>
Windows fatal exception: code 0x80010108

Thread 0x00004294 [SystrayMonitor] (most recent call first):
  File "D:\a\yasb\yasb\src\core\widgets\services\systray\utils.py", line 145 in start_message_loop
  File "D:\a\yasb\yasb\src\core\widgets\services\systray\systray_monitor.py", line 99 in run
  File "D:\a\yasb\yasb\src\core\widgets\yasb\systray.py", line 65 in run

Thread 0x000027b4 [asyncio_0] (most recent call first):
  File "C:\hostedtoolcache\windows\Python\3.14.4\x64\Lib\threading.py", line 373 in wait
  File "C:\hostedtoolcache\windows\Python\3.14.4\x64\Lib\threading.py", line 670 in wait
  File "C:\hostedtoolcache\windows\Python\3.14.4\x64\Lib\concurrent\futures\thread.py", line 73 in run
  File "C:\hostedtoolcache\windows\Python\3.14.4\x64\Lib\concurrent\futures\thread.py", line 86 in run
  File "C:\hostedtoolcache\windows\Python\3.14.4\x64\Lib\concurrent\futures\thread.py", line 119 in _worker
  File "C:\hostedtoolcache\windows\Python\3.14.4\x64\Lib\threading.py", line 1024 in run
  File "C:\hostedtoolcache\windows\Python\3.14.4\x64\Lib\threading.py", line 1082 in _bootstrap_inner
  File "C:\hostedtoolcache\windows\Python\3.14.4\x64\Lib\threading.py", line 1044 in _bootstrap

Thread 0x00003b8c [WindowsNotificationEventListener] (most recent call first):
  File "C:\hostedtoolcache\windows\Python\3.14.4\x64\Lib\asyncio\windows_events.py", line 775 in _poll
  File "C:\hostedtoolcache\windows\Python\3.14.4\x64\Lib\asyncio\windows_events.py", line 446 in select
  File "C:\hostedtoolcache\windows\Python\3.14.4\x64\Lib\asyncio\base_events.py", line 2019 in _run_once
  File "C:\hostedtoolcache\windows\Python\3.14.4\x64\Lib\asyncio\base_events.py", line 677 in run_forever
  File "C:\hostedtoolcache\windows\Python\3.14.4\x64\Lib\asyncio\base_events.py", line 706 in run_until_complete
  File "D:\a\yasb\yasb\src\core\widgets\services\notifications\windows_notification.py", line 101 in run

Thread 0x00004224 [KomorebiEventListener] (most recent call first):
  File "C:\hostedtoolcache\windows\Python\3.14.4\x64\Lib\threading.py", line 373 in wait
  File "C:\hostedtoolcache\windows\Python\3.14.4\x64\Lib\threading.py", line 670 in wait
  File "D:\a\yasb\yasb\src\core\widgets\services\komorebi\event_listener.py", line 75 in run

Thread 0x00003e08 [HotkeyListener] (most recent call first):
  File "D:\a\yasb\yasb\src\core\utils\win32\hotkeys.py", line 252 in run

Thread 0x000041f4 [Thread-8] (most recent call first):
  File "C:\hostedtoolcache\windows\Python\3.14.4\x64\Lib\threading.py", line 369 in wait
  File "C:\hostedtoolcache\windows\Python\3.14.4\x64\Lib\queue.py", line 199 in get
  File "D:\a\yasb\yasb\venv\Lib\site-packages\watchdog\observers\api.py", line 379 in dispatch_events
  File "D:\a\yasb\yasb\venv\Lib\site-packages\watchdog\observers\api.py", line 213 in run
  File "C:\hostedtoolcache\windows\Python\3.14.4\x64\Lib\threading.py", line 1082 in _bootstrap_inner
  File "C:\hostedtoolcache\windows\Python\3.14.4\x64\Lib\threading.py", line 1044 in _bootstrap

Thread 0x00003b58 [Thread-9] (most recent call first):
  File "D:\a\yasb\yasb\venv\Lib\site-packages\watchdog\observers\winapi.py", line 326 in read_directory_changes
  File "D:\a\yasb\yasb\venv\Lib\site-packages\watchdog\observers\winapi.py", line 380 in read_events
  File "D:\a\yasb\yasb\venv\Lib\site-packages\watchdog\observers\read_directory_changes.py", line 67 in _read_events
  File "D:\a\yasb\yasb\venv\Lib\site-packages\watchdog\observers\read_directory_changes.py", line 70 in queue_events
  File "D:\a\yasb\yasb\venv\Lib\site-packages\watchdog\observers\api.py", line 158 in run
  File "C:\hostedtoolcache\windows\Python\3.14.4\x64\Lib\threading.py", line 1082 in _bootstrap_inner
  File "C:\hostedtoolcache\windows\Python\3.14.4\x64\Lib\threading.py", line 1044 in _bootstrap

Thread 0x00002760 [WiFiWorker] (most recent call first):
  File "D:\a\yasb\yasb\src\core\widgets\services\wifi\wifi_managers.py", line 151 in run

Thread 0x00000f7c [MemoryWorker] (most recent call first):
  File "D:\a\yasb\yasb\src\core\widgets\services\memory\memory_api.py", line 244 in run

Thread 0x00004398 [CpuWorker] (most recent call first):
  File "D:\a\yasb\yasb\src\core\widgets\services\cpu\cpu_api.py", line 318 in run

Thread 0x00002240 [QueryWorker] (most recent call first):
  File "D:\a\yasb\yasb\src\core\widgets\services\quick_launch\workers.py", line 61 in run

Thread 0x00004318 [_EventWorker] (most recent call first):
  File "D:\a\yasb\yasb\venv\Lib\site-packages\qasync\_windows.py", line 147 in _poll
  File "D:\a\yasb\yasb\venv\Lib\site-packages\qasync\_windows.py", line 72 in select
  File "D:\a\yasb\yasb\venv\Lib\site-packages\qasync\_windows.py", line 199 in run

Thread 0x00004304 [LogPipeServer] (most recent call first):
  File "D:\a\yasb\yasb\src\core\utils\win32\bindings\kernel32.py", line 288 in ConnectNamedPipe
  File "D:\a\yasb\yasb\src\core\utils\cli_server.py", line 138 in _run_server
  File "C:\hostedtoolcache\windows\Python\3.14.4\x64\Lib\threading.py", line 1024 in run
  File "C:\hostedtoolcache\windows\Python\3.14.4\x64\Lib\threading.py", line 1082 in _bootstrap_inner
  File "C:\hostedtoolcache\windows\Python\3.14.4\x64\Lib\threading.py", line 1044 in _bootstrap

Thread 0x00004308 [CLIPipeServer] (most recent call first):
  File "D:\a\yasb\yasb\src\core\utils\win32\bindings\kernel32.py", line 288 in ConnectNamedPipe
  File "D:\a\yasb\yasb\src\core\utils\cli_server.py", line 235 in _run_server
  File "C:\hostedtoolcache\windows\Python\3.14.4\x64\Lib\threading.py", line 1024 in run
  File "C:\hostedtoolcache\windows\Python\3.14.4\x64\Lib\threading.py", line 1082 in _bootstrap_inner
  File "C:\hostedtoolcache\windows\Python\3.14.4\x64\Lib\threading.py", line 1044 in _bootstrap

Thread 0x00003b60 (most recent call first):
  File "D:\a\yasb\yasb\venv\Lib\site-packages\qasync\__init__.py", line 404 in run_forever
  File "D:\a\yasb\yasb\venv\Lib\site-packages\qasync\__init__.py", line 428 in run_until_complete
  File "main.py", line 98 in main
  File "main.py", line 188 in <module>
  File "D:\a\yasb\yasb\venv\Lib\site-packages\freeze_core\initscripts\console.py", line 27 in run
  File "D:\a\yasb\yasb\venv\Lib\site-packages\freeze_core\initscripts\__startup__.py", line 137 in run

Current thread's C stack trace (most recent call first):
  <cannot get C stack on this system>
2026-07-10 03:01:28,669 [WARNING] [Dummy-10] [root/event_listener.py:95]: Pipe has been ended: (109, 'PeekNamedPipe', 'The pipe has been ended.')
2026-07-10 03:01:28,676 [INFO] [Dummy-10] [root/event_listener.py:107]: Attempting to reconnect to Komorebi...
2026-07-10 03:01:31,686 [INFO] [Dummy-10] [root/event_listener.py:54]: Created named pipe yasb-8acdac71-7b58-11f1-9ee8-e00af667f2ea
2026-07-10 03:01:31,788 [WARNING] [Dummy-10] [root/event_listener.py:134]: Komorebi failed to subscribe named pipe. Komorebi is not running, please start Komorebi.
2026-07-10 03:01:42,008 [INFO] [Dummy-10] [root/event_listener.py:147]: Komorebi connected to named pipe: yasb-8acdac71-7b58-11f1-9ee8-e00af667f2ea
Windows fatal exception: code 0x80010108

Thread 0x00004294 [SystrayMonitor] (most recent call first):
  File "D:\a\yasb\yasb\src\core\widgets\services\systray\utils.py", line 145 in start_message_loop
  File "D:\a\yasb\yasb\src\core\widgets\services\systray\systray_monitor.py", line 99 in run
  File "D:\a\yasb\yasb\src\core\widgets\yasb\systray.py", line 65 in run

Thread 0x000027b4 [asyncio_0] (most recent call first):
  File "C:\hostedtoolcache\windows\Python\3.14.4\x64\Lib\threading.py", line 373 in wait
  File "C:\hostedtoolcache\windows\Python\3.14.4\x64\Lib\threading.py", line 670 in wait
  File "C:\hostedtoolcache\windows\Python\3.14.4\x64\Lib\concurrent\futures\thread.py", line 73 in run
  File "C:\hostedtoolcache\windows\Python\3.14.4\x64\Lib\concurrent\futures\thread.py", line 86 in run
  File "C:\hostedtoolcache\windows\Python\3.14.4\x64\Lib\concurrent\futures\thread.py", line 119 in _worker
  File "C:\hostedtoolcache\windows\Python\3.14.4\x64\Lib\threading.py", line 1024 in run
  File "C:\hostedtoolcache\windows\Python\3.14.4\x64\Lib\threading.py", line 1082 in _bootstrap_inner
  File "C:\hostedtoolcache\windows\Python\3.14.4\x64\Lib\threading.py", line 1044 in _bootstrap

Thread 0x00003b8c [WindowsNotificationEventListener] (most recent call first):
  File "C:\hostedtoolcache\windows\Python\3.14.4\x64\Lib\asyncio\windows_events.py", line 775 in _poll
  File "C:\hostedtoolcache\windows\Python\3.14.4\x64\Lib\asyncio\windows_events.py", line 446 in select
  File "C:\hostedtoolcache\windows\Python\3.14.4\x64\Lib\asyncio\base_events.py", line 2019 in _run_once
  File "C:\hostedtoolcache\windows\Python\3.14.4\x64\Lib\asyncio\base_events.py", line 677 in run_forever
  File "C:\hostedtoolcache\windows\Python\3.14.4\x64\Lib\asyncio\base_events.py", line 706 in run_until_complete
  File "D:\a\yasb\yasb\src\core\widgets\services\notifications\windows_notification.py", line 101 in run

Thread 0x00004224 [KomorebiEventListener] (most recent call first):
  File "C:\hostedtoolcache\windows\Python\3.14.4\x64\Lib\threading.py", line 373 in wait
  File "C:\hostedtoolcache\windows\Python\3.14.4\x64\Lib\threading.py", line 670 in wait
  File "D:\a\yasb\yasb\src\core\widgets\services\komorebi\event_listener.py", line 75 in run

Thread 0x00003e08 [HotkeyListener] (most recent call first):
  File "D:\a\yasb\yasb\src\core\utils\win32\hotkeys.py", line 252 in run

Thread 0x000041f4 [Thread-8] (most recent call first):
  File "C:\hostedtoolcache\windows\Python\3.14.4\x64\Lib\threading.py", line 369 in wait
  File "C:\hostedtoolcache\windows\Python\3.14.4\x64\Lib\queue.py", line 199 in get
  File "D:\a\yasb\yasb\venv\Lib\site-packages\watchdog\observers\api.py", line 379 in dispatch_events
  File "D:\a\yasb\yasb\venv\Lib\site-packages\watchdog\observers\api.py", line 213 in run
  File "C:\hostedtoolcache\windows\Python\3.14.4\x64\Lib\threading.py", line 1082 in _bootstrap_inner
  File "C:\hostedtoolcache\windows\Python\3.14.4\x64\Lib\threading.py", line 1044 in _bootstrap

Thread 0x00003b58 [Thread-9] (most recent call first):
  File "D:\a\yasb\yasb\venv\Lib\site-packages\watchdog\observers\winapi.py", line 326 in read_directory_changes
  File "D:\a\yasb\yasb\venv\Lib\site-packages\watchdog\observers\winapi.py", line 380 in read_events
  File "D:\a\yasb\yasb\venv\Lib\site-packages\watchdog\observers\read_directory_changes.py", line 67 in _read_events
  File "D:\a\yasb\yasb\venv\Lib\site-packages\watchdog\observers\read_directory_changes.py", line 70 in queue_events
  File "D:\a\yasb\yasb\venv\Lib\site-packages\watchdog\observers\api.py", line 158 in run
  File "C:\hostedtoolcache\windows\Python\3.14.4\x64\Lib\threading.py", line 1082 in _bootstrap_inner
  File "C:\hostedtoolcache\windows\Python\3.14.4\x64\Lib\threading.py", line 1044 in _bootstrap

Thread 0x00002760 [WiFiWorker] (most recent call first):
  File "D:\a\yasb\yasb\src\core\widgets\services\wifi\wifi_managers.py", line 151 in run

Thread 0x00000f7c [MemoryWorker] (most recent call first):
  File "D:\a\yasb\yasb\src\core\widgets\services\memory\memory_api.py", line 244 in run

Thread 0x00004398 [CpuWorker] (most recent call first):
  File "D:\a\yasb\yasb\src\core\widgets\services\cpu\cpu_api.py", line 318 in run

Thread 0x00002240 [QueryWorker] (most recent call first):
  File "D:\a\yasb\yasb\src\core\widgets\services\quick_launch\workers.py", line 61 in run

Thread 0x00004318 [_EventWorker] (most recent call first):
  File "D:\a\yasb\yasb\venv\Lib\site-packages\qasync\_windows.py", line 147 in _poll
  File "D:\a\yasb\yasb\venv\Lib\site-packages\qasync\_windows.py", line 72 in select
  File "D:\a\yasb\yasb\venv\Lib\site-packages\qasync\_windows.py", line 199 in run

Thread 0x00004304 [LogPipeServer] (most recent call first):
  File "D:\a\yasb\yasb\src\core\utils\win32\bindings\kernel32.py", line 288 in ConnectNamedPipe
  File "D:\a\yasb\yasb\src\core\utils\cli_server.py", line 138 in _run_server
  File "C:\hostedtoolcache\windows\Python\3.14.4\x64\Lib\threading.py", line 1024 in run
  File "C:\hostedtoolcache\windows\Python\3.14.4\x64\Lib\threading.py", line 1082 in _bootstrap_inner
  File "C:\hostedtoolcache\windows\Python\3.14.4\x64\Lib\threading.py", line 1044 in _bootstrap

Thread 0x00004308 [CLIPipeServer] (most recent call first):
  File "D:\a\yasb\yasb\src\core\utils\win32\bindings\kernel32.py", line 288 in ConnectNamedPipe
  File "D:\a\yasb\yasb\src\core\utils\cli_server.py", line 235 in _run_server
  File "C:\hostedtoolcache\windows\Python\3.14.4\x64\Lib\threading.py", line 1024 in run
  File "C:\hostedtoolcache\windows\Python\3.14.4\x64\Lib\threading.py", line 1082 in _bootstrap_inner
  File "C:\hostedtoolcache\windows\Python\3.14.4\x64\Lib\threading.py", line 1044 in _bootstrap

Thread 0x00003b60 (most recent call first):
  File "D:\a\yasb\yasb\venv\Lib\site-packages\qasync\__init__.py", line 404 in run_forever
  File "D:\a\yasb\yasb\venv\Lib\site-packages\qasync\__init__.py", line 428 in run_until_complete
  File "main.py", line 98 in main
  File "main.py", line 188 in <module>
  File "D:\a\yasb\yasb\venv\Lib\site-packages\freeze_core\initscripts\console.py", line 27 in run
  File "D:\a\yasb\yasb\venv\Lib\site-packages\freeze_core\initscripts\__startup__.py", line 137 in run

Current thread's C stack trace (most recent call first):
  <cannot get C stack on this system>
Windows fatal exception: code 0x80010108

Thread 0x00004294 [SystrayMonitor] (most recent call first):
  File "D:\a\yasb\yasb\src\core\widgets\services\systray\utils.py", line 145 in start_message_loop
  File "D:\a\yasb\yasb\src\core\widgets\services\systray\systray_monitor.py", line 99 in run
  File "D:\a\yasb\yasb\src\core\widgets\yasb\systray.py", line 65 in run

Thread 0x000027b4 [asyncio_0] (most recent call first):
  File "C:\hostedtoolcache\windows\Python\3.14.4\x64\Lib\threading.py", line 373 in wait
  File "C:\hostedtoolcache\windows\Python\3.14.4\x64\Lib\threading.py", line 670 in wait
  File "C:\hostedtoolcache\windows\Python\3.14.4\x64\Lib\concurrent\futures\thread.py", line 73 in run
  File "C:\hostedtoolcache\windows\Python\3.14.4\x64\Lib\concurrent\futures\thread.py", line 86 in run
  File "C:\hostedtoolcache\windows\Python\3.14.4\x64\Lib\concurrent\futures\thread.py", line 119 in _worker
  File "C:\hostedtoolcache\windows\Python\3.14.4\x64\Lib\threading.py", line 1024 in run
  File "C:\hostedtoolcache\windows\Python\3.14.4\x64\Lib\threading.py", line 1082 in _bootstrap_inner
  File "C:\hostedtoolcache\windows\Python\3.14.4\x64\Lib\threading.py", line 1044 in _bootstrap

Thread 0x00003b8c [WindowsNotificationEventListener] (most recent call first):
  File "C:\hostedtoolcache\windows\Python\3.14.4\x64\Lib\asyncio\windows_events.py", line 775 in _poll
  File "C:\hostedtoolcache\windows\Python\3.14.4\x64\Lib\asyncio\windows_events.py", line 446 in select
  File "C:\hostedtoolcache\windows\Python\3.14.4\x64\Lib\asyncio\base_events.py", line 2019 in _run_once
  File "C:\hostedtoolcache\windows\Python\3.14.4\x64\Lib\asyncio\base_events.py", line 677 in run_forever
  File "C:\hostedtoolcache\windows\Python\3.14.4\x64\Lib\asyncio\base_events.py", line 706 in run_until_complete
  File "D:\a\yasb\yasb\src\core\widgets\services\notifications\windows_notification.py", line 101 in run

Thread 0x00004224 [KomorebiEventListener] (most recent call first):
  File "C:\hostedtoolcache\windows\Python\3.14.4\x64\Lib\threading.py", line 373 in wait
  File "C:\hostedtoolcache\windows\Python\3.14.4\x64\Lib\threading.py", line 670 in wait
  File "D:\a\yasb\yasb\src\core\widgets\services\komorebi\event_listener.py", line 75 in run

Thread 0x00003e08 [HotkeyListener] (most recent call first):
  File "D:\a\yasb\yasb\src\core\utils\win32\hotkeys.py", line 252 in run

Thread 0x000041f4 [Thread-8] (most recent call first):
  File "C:\hostedtoolcache\windows\Python\3.14.4\x64\Lib\threading.py", line 369 in wait
  File "C:\hostedtoolcache\windows\Python\3.14.4\x64\Lib\queue.py", line 199 in get
  File "D:\a\yasb\yasb\venv\Lib\site-packages\watchdog\observers\api.py", line 379 in dispatch_events
  File "D:\a\yasb\yasb\venv\Lib\site-packages\watchdog\observers\api.py", line 213 in run
  File "C:\hostedtoolcache\windows\Python\3.14.4\x64\Lib\threading.py", line 1082 in _bootstrap_inner
  File "C:\hostedtoolcache\windows\Python\3.14.4\x64\Lib\threading.py", line 1044 in _bootstrap

Thread 0x00003b58 [Thread-9] (most recent call first):
  File "D:\a\yasb\yasb\venv\Lib\site-packages\watchdog\observers\winapi.py", line 326 in read_directory_changes
  File "D:\a\yasb\yasb\venv\Lib\site-packages\watchdog\observers\winapi.py", line 380 in read_events
  File "D:\a\yasb\yasb\venv\Lib\site-packages\watchdog\observers\read_directory_changes.py", line 67 in _read_events
  File "D:\a\yasb\yasb\venv\Lib\site-packages\watchdog\observers\read_directory_changes.py", line 70 in queue_events
  File "D:\a\yasb\yasb\venv\Lib\site-packages\watchdog\observers\api.py", line 158 in run
  File "C:\hostedtoolcache\windows\Python\3.14.4\x64\Lib\threading.py", line 1082 in _bootstrap_inner
  File "C:\hostedtoolcache\windows\Python\3.14.4\x64\Lib\threading.py", line 1044 in _bootstrap

Thread 0x00002760 [WiFiWorker] (most recent call first):
  File "D:\a\yasb\yasb\src\core\widgets\services\wifi\wifi_managers.py", line 151 in run

Thread 0x00000f7c [MemoryWorker] (most recent call first):
  File "D:\a\yasb\yasb\src\core\widgets\services\memory\memory_api.py", line 244 in run

Thread 0x00004398 [CpuWorker] (most recent call first):
  File "D:\a\yasb\yasb\src\core\widgets\services\cpu\cpu_api.py", line 318 in run

Thread 0x00002240 [QueryWorker] (most recent call first):
  File "D:\a\yasb\yasb\src\core\widgets\services\quick_launch\workers.py", line 61 in run

Thread 0x00004318 [_EventWorker] (most recent call first):
  File "D:\a\yasb\yasb\venv\Lib\site-packages\qasync\_windows.py", line 147 in _poll
  File "D:\a\yasb\yasb\venv\Lib\site-packages\qasync\_windows.py", line 72 in select
  File "D:\a\yasb\yasb\venv\Lib\site-packages\qasync\_windows.py", line 199 in run

Thread 0x00004304 [LogPipeServer] (most recent call first):
  File "D:\a\yasb\yasb\src\core\utils\win32\bindings\kernel32.py", line 288 in ConnectNamedPipe
  File "D:\a\yasb\yasb\src\core\utils\cli_server.py", line 138 in _run_server
  File "C:\hostedtoolcache\windows\Python\3.14.4\x64\Lib\threading.py", line 1024 in run
  File "C:\hostedtoolcache\windows\Python\3.14.4\x64\Lib\threading.py", line 1082 in _bootstrap_inner
  File "C:\hostedtoolcache\windows\Python\3.14.4\x64\Lib\threading.py", line 1044 in _bootstrap

Thread 0x00004308 [CLIPipeServer] (most recent call first):
  File "D:\a\yasb\yasb\src\core\utils\win32\bindings\kernel32.py", line 288 in ConnectNamedPipe
  File "D:\a\yasb\yasb\src\core\utils\cli_server.py", line 235 in _run_server
  File "C:\hostedtoolcache\windows\Python\3.14.4\x64\Lib\threading.py", line 1024 in run
  File "C:\hostedtoolcache\windows\Python\3.14.4\x64\Lib\threading.py", line 1082 in _bootstrap_inner
  File "C:\hostedtoolcache\windows\Python\3.14.4\x64\Lib\threading.py", line 1044 in _bootstrap

Thread 0x00003b60 (most recent call first):
  File "D:\a\yasb\yasb\venv\Lib\site-packages\qasync\__init__.py", line 404 in run_forever
  File "D:\a\yasb\yasb\venv\Lib\site-packages\qasync\__init__.py", line 428 in run_until_complete
  File "main.py", line 98 in main
  File "main.py", line 188 in <module>
  File "D:\a\yasb\yasb\venv\Lib\site-packages\freeze_core\initscripts\console.py", line 27 in run
  File "D:\a\yasb\yasb\venv\Lib\site-packages\freeze_core\initscripts\__startup__.py", line 137 in run

Current thread's C stack trace (most recent call first):
  <cannot get C stack on this system>
Windows fatal exception: code 0x80010108

Thread 0x00004294 [SystrayMonitor] (most recent call first):
  File "D:\a\yasb\yasb\src\core\widgets\services\systray\utils.py", line 145 in start_message_loop
  File "D:\a\yasb\yasb\src\core\widgets\services\systray\systray_monitor.py", line 99 in run
  File "D:\a\yasb\yasb\src\core\widgets\yasb\systray.py", line 65 in run

Thread 0x000027b4 [asyncio_0] (most recent call first):
  File "C:\hostedtoolcache\windows\Python\3.14.4\x64\Lib\threading.py", line 373 in wait
  File "C:\hostedtoolcache\windows\Python\3.14.4\x64\Lib\threading.py", line 670 in wait
  File "C:\hostedtoolcache\windows\Python\3.14.4\x64\Lib\concurrent\futures\thread.py", line 73 in run
  File "C:\hostedtoolcache\windows\Python\3.14.4\x64\Lib\concurrent\futures\thread.py", line 86 in run
  File "C:\hostedtoolcache\windows\Python\3.14.4\x64\Lib\concurrent\futures\thread.py", line 119 in _worker
  File "C:\hostedtoolcache\windows\Python\3.14.4\x64\Lib\threading.py", line 1024 in run
  File "C:\hostedtoolcache\windows\Python\3.14.4\x64\Lib\threading.py", line 1082 in _bootstrap_inner
  File "C:\hostedtoolcache\windows\Python\3.14.4\x64\Lib\threading.py", line 1044 in _bootstrap

Thread 0x00003b8c [WindowsNotificationEventListener] (most recent call first):
  File "C:\hostedtoolcache\windows\Python\3.14.4\x64\Lib\asyncio\windows_events.py", line 775 in _poll
  File "C:\hostedtoolcache\windows\Python\3.14.4\x64\Lib\asyncio\windows_events.py", line 446 in select
  File "C:\hostedtoolcache\windows\Python\3.14.4\x64\Lib\asyncio\base_events.py", line 2019 in _run_once
  File "C:\hostedtoolcache\windows\Python\3.14.4\x64\Lib\asyncio\base_events.py", line 677 in run_forever
  File "C:\hostedtoolcache\windows\Python\3.14.4\x64\Lib\asyncio\base_events.py", line 706 in run_until_complete
  File "D:\a\yasb\yasb\src\core\widgets\services\notifications\windows_notification.py", line 101 in run

Thread 0x00004224 [KomorebiEventListener] (most recent call first):
  File "C:\hostedtoolcache\windows\Python\3.14.4\x64\Lib\threading.py", line 373 in wait
  File "C:\hostedtoolcache\windows\Python\3.14.4\x64\Lib\threading.py", line 670 in wait
  File "D:\a\yasb\yasb\src\core\widgets\services\komorebi\event_listener.py", line 75 in run

Thread 0x00003e08 [HotkeyListener] (most recent call first):
  File "D:\a\yasb\yasb\src\core\utils\win32\hotkeys.py", line 252 in run

Thread 0x000041f4 [Thread-8] (most recent call first):
  File "C:\hostedtoolcache\windows\Python\3.14.4\x64\Lib\threading.py", line 369 in wait
  File "C:\hostedtoolcache\windows\Python\3.14.4\x64\Lib\queue.py", line 199 in get
  File "D:\a\yasb\yasb\venv\Lib\site-packages\watchdog\observers\api.py", line 379 in dispatch_events
  File "D:\a\yasb\yasb\venv\Lib\site-packages\watchdog\observers\api.py", line 213 in run
  File "C:\hostedtoolcache\windows\Python\3.14.4\x64\Lib\threading.py", line 1082 in _bootstrap_inner
  File "C:\hostedtoolcache\windows\Python\3.14.4\x64\Lib\threading.py", line 1044 in _bootstrap

Thread 0x00003b58 [Thread-9] (most recent call first):
  File "D:\a\yasb\yasb\venv\Lib\site-packages\watchdog\observers\winapi.py", line 326 in read_directory_changes
  File "D:\a\yasb\yasb\venv\Lib\site-packages\watchdog\observers\winapi.py", line 380 in read_events
  File "D:\a\yasb\yasb\venv\Lib\site-packages\watchdog\observers\read_directory_changes.py", line 67 in _read_events
  File "D:\a\yasb\yasb\venv\Lib\site-packages\watchdog\observers\read_directory_changes.py", line 70 in queue_events
  File "D:\a\yasb\yasb\venv\Lib\site-packages\watchdog\observers\api.py", line 158 in run
  File "C:\hostedtoolcache\windows\Python\3.14.4\x64\Lib\threading.py", line 1082 in _bootstrap_inner
  File "C:\hostedtoolcache\windows\Python\3.14.4\x64\Lib\threading.py", line 1044 in _bootstrap

Thread 0x00002760 [WiFiWorker] (most recent call first):
  File "D:\a\yasb\yasb\src\core\widgets\services\wifi\wifi_managers.py", line 151 in run

Thread 0x00000f7c [MemoryWorker] (most recent call first):
  File "D:\a\yasb\yasb\src\core\widgets\services\memory\memory_api.py", line 244 in run

Thread 0x00004398 [CpuWorker] (most recent call first):
  File "D:\a\yasb\yasb\src\core\widgets\services\cpu\cpu_api.py", line 318 in run

Thread 0x00002240 [QueryWorker] (most recent call first):
  File "D:\a\yasb\yasb\src\core\widgets\services\quick_launch\workers.py", line 61 in run

Thread 0x00004318 [_EventWorker] (most recent call first):
  File "D:\a\yasb\yasb\venv\Lib\site-packages\qasync\_windows.py", line 147 in _poll
  File "D:\a\yasb\yasb\venv\Lib\site-packages\qasync\_windows.py", line 72 in select
  File "D:\a\yasb\yasb\venv\Lib\site-packages\qasync\_windows.py", line 199 in run

Thread 0x00004304 [LogPipeServer] (most recent call first):
  File "D:\a\yasb\yasb\src\core\utils\win32\bindings\kernel32.py", line 288 in ConnectNamedPipe
  File "D:\a\yasb\yasb\src\core\utils\cli_server.py", line 138 in _run_server
  File "C:\hostedtoolcache\windows\Python\3.14.4\x64\Lib\threading.py", line 1024 in run
  File "C:\hostedtoolcache\windows\Python\3.14.4\x64\Lib\threading.py", line 1082 in _bootstrap_inner
  File "C:\hostedtoolcache\windows\Python\3.14.4\x64\Lib\threading.py", line 1044 in _bootstrap

Thread 0x00004308 [CLIPipeServer] (most recent call first):
  File "D:\a\yasb\yasb\src\core\utils\win32\bindings\kernel32.py", line 288 in ConnectNamedPipe
  File "D:\a\yasb\yasb\src\core\utils\cli_server.py", line 235 in _run_server
  File "C:\hostedtoolcache\windows\Python\3.14.4\x64\Lib\threading.py", line 1024 in run
  File "C:\hostedtoolcache\windows\Python\3.14.4\x64\Lib\threading.py", line 1082 in _bootstrap_inner
  File "C:\hostedtoolcache\windows\Python\3.14.4\x64\Lib\threading.py", line 1044 in _bootstrap

Thread 0x00003b60 (most recent call first):
  File "D:\a\yasb\yasb\venv\Lib\site-packages\qasync\__init__.py", line 404 in run_forever
  File "D:\a\yasb\yasb\venv\Lib\site-packages\qasync\__init__.py", line 428 in run_until_complete
  File "main.py", line 98 in main
  File "main.py", line 188 in <module>
  File "D:\a\yasb\yasb\venv\Lib\site-packages\freeze_core\initscripts\console.py", line 27 in run
  File "D:\a\yasb\yasb\venv\Lib\site-packages\freeze_core\initscripts\__startup__.py", line 137 in run

Current thread's C stack trace (most recent call first):
  <cannot get C stack on this system>
2026-07-10 03:05:10,142 [INFO] [MainThread] [root/api.py:69]: Fetching new weather data at 2026-07-10 03:05:10.142185
2026-07-10 03:15:10,171 [INFO] [MainThread] [root/api.py:69]: Fetching new weather data at 2026-07-10 03:15:10.171467
2026-07-10 03:25:10,141 [INFO] [MainThread] [root/api.py:69]: Fetching new weather data at 2026-07-10 03:25:10.141214
2026-07-10 03:35:10,114 [INFO] [MainThread] [root/api.py:69]: Fetching new weather data at 2026-07-10 03:35:10.113962
2026-07-10 03:45:10,118 [INFO] [MainThread] [root/api.py:69]: Fetching new weather data at 2026-07-10 03:45:10.118348
2026-07-10 03:55:10,233 [INFO] [MainThread] [root/api.py:69]: Fetching new weather data at 2026-07-10 03:55:10.233715
2026-07-10 04:05:10,125 [INFO] [MainThread] [root/api.py:69]: Fetching new weather data at 2026-07-10 04:05:10.125924
2026-07-10 04:15:10,136 [INFO] [MainThread] [root/api.py:69]: Fetching new weather data at 2026-07-10 04:15:10.136175
2026-07-10 04:25:10,128 [INFO] [MainThread] [root/api.py:69]: Fetching new weather data at 2026-07-10 04:25:10.128539
2026-07-10 04:35:10,489 [INFO] [MainThread] [root/api.py:69]: Fetching new weather data at 2026-07-10 04:35:10.489280
2026-07-10 04:45:10,484 [INFO] [MainThread] [root/api.py:69]: Fetching new weather data at 2026-07-10 04:45:10.484010
Windows fatal exception: code 0x80010108

Thread 0x00004294 [SystrayMonitor] (most recent call first):
  File "D:\a\yasb\yasb\src\core\widgets\services\systray\utils.py", line 145 in start_message_loop
  File "D:\a\yasb\yasb\src\core\widgets\services\systray\systray_monitor.py", line 99 in run
  File "D:\a\yasb\yasb\src\core\widgets\yasb\systray.py", line 65 in run

Thread 0x000027b4 [asyncio_0] (most recent call first):
  File "C:\hostedtoolcache\windows\Python\3.14.4\x64\Lib\threading.py", line 373 in wait
  File "C:\hostedtoolcache\windows\Python\3.14.4\x64\Lib\threading.py", line 670 in wait
  File "C:\hostedtoolcache\windows\Python\3.14.4\x64\Lib\concurrent\futures\thread.py", line 73 in run
  File "C:\hostedtoolcache\windows\Python\3.14.4\x64\Lib\concurrent\futures\thread.py", line 86 in run
  File "C:\hostedtoolcache\windows\Python\3.14.4\x64\Lib\concurrent\futures\thread.py", line 119 in _worker
  File "C:\hostedtoolcache\windows\Python\3.14.4\x64\Lib\threading.py", line 1024 in run
  File "C:\hostedtoolcache\windows\Python\3.14.4\x64\Lib\threading.py", line 1082 in _bootstrap_inner
  File "C:\hostedtoolcache\windows\Python\3.14.4\x64\Lib\threading.py", line 1044 in _bootstrap

Thread 0x00003b8c [WindowsNotificationEventListener] (most recent call first):
  File "C:\hostedtoolcache\windows\Python\3.14.4\x64\Lib\asyncio\windows_events.py", line 775 in _poll
  File "C:\hostedtoolcache\windows\Python\3.14.4\x64\Lib\asyncio\windows_events.py", line 446 in select
  File "C:\hostedtoolcache\windows\Python\3.14.4\x64\Lib\asyncio\base_events.py", line 2019 in _run_once
  File "C:\hostedtoolcache\windows\Python\3.14.4\x64\Lib\asyncio\base_events.py", line 677 in run_forever
  File "C:\hostedtoolcache\windows\Python\3.14.4\x64\Lib\asyncio\base_events.py", line 706 in run_until_complete
  File "D:\a\yasb\yasb\src\core\widgets\services\notifications\windows_notification.py", line 101 in run

Thread 0x00004224 [KomorebiEventListener] (most recent call first):
  File "C:\hostedtoolcache\windows\Python\3.14.4\x64\Lib\threading.py", line 373 in wait
  File "C:\hostedtoolcache\windows\Python\3.14.4\x64\Lib\threading.py", line 670 in wait
  File "D:\a\yasb\yasb\src\core\widgets\services\komorebi\event_listener.py", line 75 in run

Thread 0x00003e08 [HotkeyListener] (most recent call first):
  File "D:\a\yasb\yasb\src\core\utils\win32\hotkeys.py", line 252 in run

Thread 0x000041f4 [Thread-8] (most recent call first):
  File "C:\hostedtoolcache\windows\Python\3.14.4\x64\Lib\threading.py", line 369 in wait
  File "C:\hostedtoolcache\windows\Python\3.14.4\x64\Lib\queue.py", line 199 in get
  File "D:\a\yasb\yasb\venv\Lib\site-packages\watchdog\observers\api.py", line 379 in dispatch_events
  File "D:\a\yasb\yasb\venv\Lib\site-packages\watchdog\observers\api.py", line 213 in run
  File "C:\hostedtoolcache\windows\Python\3.14.4\x64\Lib\threading.py", line 1082 in _bootstrap_inner
  File "C:\hostedtoolcache\windows\Python\3.14.4\x64\Lib\threading.py", line 1044 in _bootstrap

Thread 0x00003b58 [Thread-9] (most recent call first):
  File "D:\a\yasb\yasb\venv\Lib\site-packages\watchdog\observers\winapi.py", line 326 in read_directory_changes
  File "D:\a\yasb\yasb\venv\Lib\site-packages\watchdog\observers\winapi.py", line 380 in read_events
  File "D:\a\yasb\yasb\venv\Lib\site-packages\watchdog\observers\read_directory_changes.py", line 67 in _read_events
  File "D:\a\yasb\yasb\venv\Lib\site-packages\watchdog\observers\read_directory_changes.py", line 70 in queue_events
  File "D:\a\yasb\yasb\venv\Lib\site-packages\watchdog\observers\api.py", line 158 in run
  File "C:\hostedtoolcache\windows\Python\3.14.4\x64\Lib\threading.py", line 1082 in _bootstrap_inner
  File "C:\hostedtoolcache\windows\Python\3.14.4\x64\Lib\threading.py", line 1044 in _bootstrap

Thread 0x00002760 [WiFiWorker] (most recent call first):
  File "D:\a\yasb\yasb\src\core\widgets\services\wifi\wifi_managers.py", line 151 in run

Thread 0x00000f7c [MemoryWorker] (most recent call first):
  File "D:\a\yasb\yasb\src\core\widgets\services\memory\memory_api.py", line 244 in run

Thread 0x00004398 [CpuWorker] (most recent call first):
  File "D:\a\yasb\yasb\src\core\widgets\services\cpu\cpu_api.py", line 318 in run

Thread 0x00002240 [QueryWorker] (most recent call first):
  File "D:\a\yasb\yasb\src\core\widgets\services\quick_launch\workers.py", line 61 in run

Thread 0x00004318 [_EventWorker] (most recent call first):
  File "D:\a\yasb\yasb\venv\Lib\site-packages\qasync\_windows.py", line 147 in _poll
  File "D:\a\yasb\yasb\venv\Lib\site-packages\qasync\_windows.py", line 72 in select
  File "D:\a\yasb\yasb\venv\Lib\site-packages\qasync\_windows.py", line 199 in run

Thread 0x00004304 [LogPipeServer] (most recent call first):
  File "D:\a\yasb\yasb\src\core\utils\win32\bindings\kernel32.py", line 288 in ConnectNamedPipe
  File "D:\a\yasb\yasb\src\core\utils\cli_server.py", line 138 in _run_server
  File "C:\hostedtoolcache\windows\Python\3.14.4\x64\Lib\threading.py", line 1024 in run
  File "C:\hostedtoolcache\windows\Python\3.14.4\x64\Lib\threading.py", line 1082 in _bootstrap_inner
  File "C:\hostedtoolcache\windows\Python\3.14.4\x64\Lib\threading.py", line 1044 in _bootstrap

Thread 0x00004308 [CLIPipeServer] (most recent call first):
  File "D:\a\yasb\yasb\src\core\utils\win32\bindings\kernel32.py", line 288 in ConnectNamedPipe
  File "D:\a\yasb\yasb\src\core\utils\cli_server.py", line 235 in _run_server
  File "C:\hostedtoolcache\windows\Python\3.14.4\x64\Lib\threading.py", line 1024 in run
  File "C:\hostedtoolcache\windows\Python\3.14.4\x64\Lib\threading.py", line 1082 in _bootstrap_inner
  File "C:\hostedtoolcache\windows\Python\3.14.4\x64\Lib\threading.py", line 1044 in _bootstrap

Thread 0x00003b60 (most recent call first):
  File "D:\a\yasb\yasb\venv\Lib\site-packages\qasync\__init__.py", line 404 in run_forever
  File "D:\a\yasb\yasb\venv\Lib\site-packages\qasync\__init__.py", line 428 in run_until_complete
  File "main.py", line 98 in main
  File "main.py", line 188 in <module>
  File "D:\a\yasb\yasb\venv\Lib\site-packages\freeze_core\initscripts\console.py", line 27 in run
  File "D:\a\yasb\yasb\venv\Lib\site-packages\freeze_core\initscripts\__startup__.py", line 137 in run

Current thread's C stack trace (most recent call first):
  <cannot get C stack on this system>
Windows fatal exception: code 0x80010108

Thread 0x00004294 [SystrayMonitor] (most recent call first):
  File "D:\a\yasb\yasb\src\core\widgets\services\systray\utils.py", line 145 in start_message_loop
  File "D:\a\yasb\yasb\src\core\widgets\services\systray\systray_monitor.py", line 99 in run
  File "D:\a\yasb\yasb\src\core\widgets\yasb\systray.py", line 65 in run

Thread 0x000027b4 [asyncio_0] (most recent call first):
  File "C:\hostedtoolcache\windows\Python\3.14.4\x64\Lib\threading.py", line 373 in wait
  File "C:\hostedtoolcache\windows\Python\3.14.4\x64\Lib\threading.py", line 670 in wait
  File "C:\hostedtoolcache\windows\Python\3.14.4\x64\Lib\concurrent\futures\thread.py", line 73 in run
  File "C:\hostedtoolcache\windows\Python\3.14.4\x64\Lib\concurrent\futures\thread.py", line 86 in run
  File "C:\hostedtoolcache\windows\Python\3.14.4\x64\Lib\concurrent\futures\thread.py", line 119 in _worker
  File "C:\hostedtoolcache\windows\Python\3.14.4\x64\Lib\threading.py", line 1024 in run
  File "C:\hostedtoolcache\windows\Python\3.14.4\x64\Lib\threading.py", line 1082 in _bootstrap_inner
  File "C:\hostedtoolcache\windows\Python\3.14.4\x64\Lib\threading.py", line 1044 in _bootstrap

Thread 0x00003b8c [WindowsNotificationEventListener] (most recent call first):
  File "C:\hostedtoolcache\windows\Python\3.14.4\x64\Lib\asyncio\windows_events.py", line 775 in _poll
  File "C:\hostedtoolcache\windows\Python\3.14.4\x64\Lib\asyncio\windows_events.py", line 446 in select
  File "C:\hostedtoolcache\windows\Python\3.14.4\x64\Lib\asyncio\base_events.py", line 2019 in _run_once
  File "C:\hostedtoolcache\windows\Python\3.14.4\x64\Lib\asyncio\base_events.py", line 677 in run_forever
  File "C:\hostedtoolcache\windows\Python\3.14.4\x64\Lib\asyncio\base_events.py", line 706 in run_until_complete
  File "D:\a\yasb\yasb\src\core\widgets\services\notifications\windows_notification.py", line 101 in run

Thread 0x00004224 [KomorebiEventListener] (most recent call first):
  File "C:\hostedtoolcache\windows\Python\3.14.4\x64\Lib\threading.py", line 373 in wait
  File "C:\hostedtoolcache\windows\Python\3.14.4\x64\Lib\threading.py", line 670 in wait
  File "D:\a\yasb\yasb\src\core\widgets\services\komorebi\event_listener.py", line 75 in run

Thread 0x00003e08 [HotkeyListener] (most recent call first):
  File "D:\a\yasb\yasb\src\core\utils\win32\hotkeys.py", line 252 in run

Thread 0x000041f4 [Thread-8] (most recent call first):
  File "C:\hostedtoolcache\windows\Python\3.14.4\x64\Lib\threading.py", line 369 in wait
  File "C:\hostedtoolcache\windows\Python\3.14.4\x64\Lib\queue.py", line 199 in get
  File "D:\a\yasb\yasb\venv\Lib\site-packages\watchdog\observers\api.py", line 379 in dispatch_events
  File "D:\a\yasb\yasb\venv\Lib\site-packages\watchdog\observers\api.py", line 213 in run
  File "C:\hostedtoolcache\windows\Python\3.14.4\x64\Lib\threading.py", line 1082 in _bootstrap_inner
  File "C:\hostedtoolcache\windows\Python\3.14.4\x64\Lib\threading.py", line 1044 in _bootstrap

Thread 0x00003b58 [Thread-9] (most recent call first):
  File "D:\a\yasb\yasb\venv\Lib\site-packages\watchdog\observers\winapi.py", line 326 in read_directory_changes
  File "D:\a\yasb\yasb\venv\Lib\site-packages\watchdog\observers\winapi.py", line 380 in read_events
  File "D:\a\yasb\yasb\venv\Lib\site-packages\watchdog\observers\read_directory_changes.py", line 67 in _read_events
  File "D:\a\yasb\yasb\venv\Lib\site-packages\watchdog\observers\read_directory_changes.py", line 70 in queue_events
  File "D:\a\yasb\yasb\venv\Lib\site-packages\watchdog\observers\api.py", line 158 in run
  File "C:\hostedtoolcache\windows\Python\3.14.4\x64\Lib\threading.py", line 1082 in _bootstrap_inner
  File "C:\hostedtoolcache\windows\Python\3.14.4\x64\Lib\threading.py", line 1044 in _bootstrap

Thread 0x00002760 [WiFiWorker] (most recent call first):
  File "D:\a\yasb\yasb\src\core\widgets\services\wifi\wifi_managers.py", line 151 in run

Thread 0x00000f7c [MemoryWorker] (most recent call first):
  File "D:\a\yasb\yasb\src\core\widgets\services\memory\memory_api.py", line 244 in run

Thread 0x00004398 [CpuWorker] (most recent call first):
  File "D:\a\yasb\yasb\src\core\widgets\services\cpu\cpu_api.py", line 318 in run

Thread 0x00002240 [QueryWorker] (most recent call first):
  File "D:\a\yasb\yasb\src\core\widgets\services\quick_launch\workers.py", line 61 in run

Thread 0x00004318 [_EventWorker] (most recent call first):
  File "D:\a\yasb\yasb\venv\Lib\site-packages\qasync\_windows.py", line 147 in _poll
  File "D:\a\yasb\yasb\venv\Lib\site-packages\qasync\_windows.py", line 72 in select
  File "D:\a\yasb\yasb\venv\Lib\site-packages\qasync\_windows.py", line 199 in run

Thread 0x00004304 [LogPipeServer] (most recent call first):
  File "D:\a\yasb\yasb\src\core\utils\win32\bindings\kernel32.py", line 288 in ConnectNamedPipe
  File "D:\a\yasb\yasb\src\core\utils\cli_server.py", line 138 in _run_server
  File "C:\hostedtoolcache\windows\Python\3.14.4\x64\Lib\threading.py", line 1024 in run
  File "C:\hostedtoolcache\windows\Python\3.14.4\x64\Lib\threading.py", line 1082 in _bootstrap_inner
  File "C:\hostedtoolcache\windows\Python\3.14.4\x64\Lib\threading.py", line 1044 in _bootstrap

Thread 0x00004308 [CLIPipeServer] (most recent call first):
  File "D:\a\yasb\yasb\src\core\utils\win32\bindings\kernel32.py", line 288 in ConnectNamedPipe
  File "D:\a\yasb\yasb\src\core\utils\cli_server.py", line 235 in _run_server
  File "C:\hostedtoolcache\windows\Python\3.14.4\x64\Lib\threading.py", line 1024 in run
  File "C:\hostedtoolcache\windows\Python\3.14.4\x64\Lib\threading.py", line 1082 in _bootstrap_inner
  File "C:\hostedtoolcache\windows\Python\3.14.4\x64\Lib\threading.py", line 1044 in _bootstrap

Thread 0x00003b60 (most recent call first):
  File "D:\a\yasb\yasb\venv\Lib\site-packages\qasync\__init__.py", line 404 in run_forever
  File "D:\a\yasb\yasb\venv\Lib\site-packages\qasync\__init__.py", line 428 in run_until_complete
  File "main.py", line 98 in main
  File "main.py", line 188 in <module>
  File "D:\a\yasb\yasb\venv\Lib\site-packages\freeze_core\initscripts\console.py", line 27 in run
  File "D:\a\yasb\yasb\venv\Lib\site-packages\freeze_core\initscripts\__startup__.py", line 137 in run

Current thread's C stack trace (most recent call first):
  <cannot get C stack on this system>
Windows fatal exception: code 0x80010108

Thread 0x00004294 [SystrayMonitor] (most recent call first):
  File "D:\a\yasb\yasb\src\core\widgets\services\systray\utils.py", line 145 in start_message_loop
  File "D:\a\yasb\yasb\src\core\widgets\services\systray\systray_monitor.py", line 99 in run
  File "D:\a\yasb\yasb\src\core\widgets\yasb\systray.py", line 65 in run

Thread 0x000027b4 [asyncio_0] (most recent call first):
  File "C:\hostedtoolcache\windows\Python\3.14.4\x64\Lib\threading.py", line 373 in wait
  File "C:\hostedtoolcache\windows\Python\3.14.4\x64\Lib\threading.py", line 670 in wait
  File "C:\hostedtoolcache\windows\Python\3.14.4\x64\Lib\concurrent\futures\thread.py", line 73 in run
  File "C:\hostedtoolcache\windows\Python\3.14.4\x64\Lib\concurrent\futures\thread.py", line 86 in run
  File "C:\hostedtoolcache\windows\Python\3.14.4\x64\Lib\concurrent\futures\thread.py", line 119 in _worker
  File "C:\hostedtoolcache\windows\Python\3.14.4\x64\Lib\threading.py", line 1024 in run
  File "C:\hostedtoolcache\windows\Python\3.14.4\x64\Lib\threading.py", line 1082 in _bootstrap_inner
  File "C:\hostedtoolcache\windows\Python\3.14.4\x64\Lib\threading.py", line 1044 in _bootstrap

Thread 0x00003b8c [WindowsNotificationEventListener] (most recent call first):
  File "C:\hostedtoolcache\windows\Python\3.14.4\x64\Lib\asyncio\windows_events.py", line 775 in _poll
  File "C:\hostedtoolcache\windows\Python\3.14.4\x64\Lib\asyncio\windows_events.py", line 446 in select
  File "C:\hostedtoolcache\windows\Python\3.14.4\x64\Lib\asyncio\base_events.py", line 2019 in _run_once
  File "C:\hostedtoolcache\windows\Python\3.14.4\x64\Lib\asyncio\base_events.py", line 677 in run_forever
  File "C:\hostedtoolcache\windows\Python\3.14.4\x64\Lib\asyncio\base_events.py", line 706 in run_until_complete
  File "D:\a\yasb\yasb\src\core\widgets\services\notifications\windows_notification.py", line 101 in run

Thread 0x00004224 [KomorebiEventListener] (most recent call first):
  File "C:\hostedtoolcache\windows\Python\3.14.4\x64\Lib\threading.py", line 373 in wait
  File "C:\hostedtoolcache\windows\Python\3.14.4\x64\Lib\threading.py", line 670 in wait
  File "D:\a\yasb\yasb\src\core\widgets\services\komorebi\event_listener.py", line 75 in run

Thread 0x00003e08 [HotkeyListener] (most recent call first):
  File "D:\a\yasb\yasb\src\core\utils\win32\hotkeys.py", line 252 in run

Thread 0x000041f4 [Thread-8] (most recent call first):
  File "C:\hostedtoolcache\windows\Python\3.14.4\x64\Lib\threading.py", line 369 in wait
  File "C:\hostedtoolcache\windows\Python\3.14.4\x64\Lib\queue.py", line 199 in get
  File "D:\a\yasb\yasb\venv\Lib\site-packages\watchdog\observers\api.py", line 379 in dispatch_events
  File "D:\a\yasb\yasb\venv\Lib\site-packages\watchdog\observers\api.py", line 213 in run
  File "C:\hostedtoolcache\windows\Python\3.14.4\x64\Lib\threading.py", line 1082 in _bootstrap_inner
  File "C:\hostedtoolcache\windows\Python\3.14.4\x64\Lib\threading.py", line 1044 in _bootstrap

Thread 0x00003b58 [Thread-9] (most recent call first):
  File "D:\a\yasb\yasb\venv\Lib\site-packages\watchdog\observers\winapi.py", line 326 in read_directory_changes
  File "D:\a\yasb\yasb\venv\Lib\site-packages\watchdog\observers\winapi.py", line 380 in read_events
  File "D:\a\yasb\yasb\venv\Lib\site-packages\watchdog\observers\read_directory_changes.py", line 67 in _read_events
  File "D:\a\yasb\yasb\venv\Lib\site-packages\watchdog\observers\read_directory_changes.py", line 70 in queue_events
  File "D:\a\yasb\yasb\venv\Lib\site-packages\watchdog\observers\api.py", line 158 in run
  File "C:\hostedtoolcache\windows\Python\3.14.4\x64\Lib\threading.py", line 1082 in _bootstrap_inner
  File "C:\hostedtoolcache\windows\Python\3.14.4\x64\Lib\threading.py", line 1044 in _bootstrap

Thread 0x00002760 [WiFiWorker] (most recent call first):
  File "D:\a\yasb\yasb\src\core\widgets\services\wifi\wifi_managers.py", line 151 in run

Thread 0x00000f7c [MemoryWorker] (most recent call first):
  File "D:\a\yasb\yasb\src\core\widgets\services\memory\memory_api.py", line 244 in run

Thread 0x00004398 [CpuWorker] (most recent call first):
  File "D:\a\yasb\yasb\src\core\widgets\services\cpu\cpu_api.py", line 318 in run

Thread 0x00002240 [QueryWorker] (most recent call first):
  File "D:\a\yasb\yasb\src\core\widgets\services\quick_launch\workers.py", line 61 in run

Thread 0x00004318 [_EventWorker] (most recent call first):
  File "D:\a\yasb\yasb\venv\Lib\site-packages\qasync\_windows.py", line 147 in _poll
  File "D:\a\yasb\yasb\venv\Lib\site-packages\qasync\_windows.py", line 72 in select
  File "D:\a\yasb\yasb\venv\Lib\site-packages\qasync\_windows.py", line 199 in run

Thread 0x00004304 [LogPipeServer] (most recent call first):
  File "D:\a\yasb\yasb\src\core\utils\win32\bindings\kernel32.py", line 288 in ConnectNamedPipe
  File "D:\a\yasb\yasb\src\core\utils\cli_server.py", line 138 in _run_server
  File "C:\hostedtoolcache\windows\Python\3.14.4\x64\Lib\threading.py", line 1024 in run
  File "C:\hostedtoolcache\windows\Python\3.14.4\x64\Lib\threading.py", line 1082 in _bootstrap_inner
  File "C:\hostedtoolcache\windows\Python\3.14.4\x64\Lib\threading.py", line 1044 in _bootstrap

Thread 0x00004308 [CLIPipeServer] (most recent call first):
  File "D:\a\yasb\yasb\src\core\utils\win32\bindings\kernel32.py", line 288 in ConnectNamedPipe
  File "D:\a\yasb\yasb\src\core\utils\cli_server.py", line 235 in _run_server
  File "C:\hostedtoolcache\windows\Python\3.14.4\x64\Lib\threading.py", line 1024 in run
  File "C:\hostedtoolcache\windows\Python\3.14.4\x64\Lib\threading.py", line 1082 in _bootstrap_inner
  File "C:\hostedtoolcache\windows\Python\3.14.4\x64\Lib\threading.py", line 1044 in _bootstrap

Thread 0x00003b60 (most recent call first):
  File "D:\a\yasb\yasb\venv\Lib\site-packages\qasync\__init__.py", line 404 in run_forever
  File "D:\a\yasb\yasb\venv\Lib\site-packages\qasync\__init__.py", line 428 in run_until_complete
  File "main.py", line 98 in main
  File "main.py", line 188 in <module>
  File "D:\a\yasb\yasb\venv\Lib\site-packages\freeze_core\initscripts\console.py", line 27 in run
  File "D:\a\yasb\yasb\venv\Lib\site-packages\freeze_core\initscripts\__startup__.py", line 137 in run

Current thread's C stack trace (most recent call first):
  <cannot get C stack on this system>
2026-07-10 13:10:44,093 [INFO] [MainThread] [root/service.py:212]: Quick Launch rebuilding app list after install/uninstall detected
Windows fatal exception: code 0x80010108

Thread 0x00003be8 [DescriptionResolverWorker] (most recent call first):
  File "D:\a\yasb\yasb\src\core\widgets\services\quick_launch\providers\apps.py", line 114 in _get_exe_description
  File "D:\a\yasb\yasb\src\core\widgets\services\quick_launch\providers\apps.py", line 187 in _get_lnk_description
  File "D:\a\yasb\yasb\src\core\widgets\services\quick_launch\providers\apps.py", line 247 in run

Thread 0x00004294 [SystrayMonitor] (most recent call first):
  File "D:\a\yasb\yasb\src\core\widgets\services\systray\utils.py", line 145 in start_message_loop
  File "D:\a\yasb\yasb\src\core\widgets\services\systray\systray_monitor.py", line 99 in run
  File "D:\a\yasb\yasb\src\core\widgets\yasb\systray.py", line 65 in run

Thread 0x000027b4 [asyncio_0] (most recent call first):
  File "C:\hostedtoolcache\windows\Python\3.14.4\x64\Lib\threading.py", line 373 in wait
  File "C:\hostedtoolcache\windows\Python\3.14.4\x64\Lib\threading.py", line 670 in wait
  File "C:\hostedtoolcache\windows\Python\3.14.4\x64\Lib\concurrent\futures\thread.py", line 73 in run
  File "C:\hostedtoolcache\windows\Python\3.14.4\x64\Lib\concurrent\futures\thread.py", line 86 in run
  File "C:\hostedtoolcache\windows\Python\3.14.4\x64\Lib\concurrent\futures\thread.py", line 119 in _worker
  File "C:\hostedtoolcache\windows\Python\3.14.4\x64\Lib\threading.py", line 1024 in run
  File "C:\hostedtoolcache\windows\Python\3.14.4\x64\Lib\threading.py", line 1082 in _bootstrap_inner
  File "C:\hostedtoolcache\windows\Python\3.14.4\x64\Lib\threading.py", line 1044 in _bootstrap

Thread 0x00003b8c [WindowsNotificationEventListener] (most recent call first):
  File "C:\hostedtoolcache\windows\Python\3.14.4\x64\Lib\asyncio\windows_events.py", line 775 in _poll
  File "C:\hostedtoolcache\windows\Python\3.14.4\x64\Lib\asyncio\windows_events.py", line 446 in select
  File "C:\hostedtoolcache\windows\Python\3.14.4\x64\Lib\asyncio\base_events.py", line 2019 in _run_once
  File "C:\hostedtoolcache\windows\Python\3.14.4\x64\Lib\asyncio\base_events.py", line 677 in run_forever
  File "C:\hostedtoolcache\windows\Python\3.14.4\x64\Lib\asyncio\base_events.py", line 706 in run_until_complete
  File "D:\a\yasb\yasb\src\core\widgets\services\notifications\windows_notification.py", line 101 in run

Thread 0x00004224 [KomorebiEventListener] (most recent call first):
  File "C:\hostedtoolcache\windows\Python\3.14.4\x64\Lib\threading.py", line 373 in wait
  File "C:\hostedtoolcache\windows\Python\3.14.4\x64\Lib\threading.py", line 670 in wait
  File "D:\a\yasb\yasb\src\core\widgets\services\komorebi\event_listener.py", line 75 in run

Thread 0x00003e08 [HotkeyListener] (most recent call first):
  File "D:\a\yasb\yasb\src\core\utils\win32\hotkeys.py", line 252 in run

Thread 0x000041f4 [Thread-8] (most recent call first):
  File "C:\hostedtoolcache\windows\Python\3.14.4\x64\Lib\threading.py", line 369 in wait
  File "C:\hostedtoolcache\windows\Python\3.14.4\x64\Lib\queue.py", line 199 in get
  File "D:\a\yasb\yasb\venv\Lib\site-packages\watchdog\observers\api.py", line 379 in dispatch_events
  File "D:\a\yasb\yasb\venv\Lib\site-packages\watchdog\observers\api.py", line 213 in run
  File "C:\hostedtoolcache\windows\Python\3.14.4\x64\Lib\threading.py", line 1082 in _bootstrap_inner
  File "C:\hostedtoolcache\windows\Python\3.14.4\x64\Lib\threading.py", line 1044 in _bootstrap

Thread 0x00003b58 [Thread-9] (most recent call first):
  File "D:\a\yasb\yasb\venv\Lib\site-packages\watchdog\observers\winapi.py", line 326 in read_directory_changes
  File "D:\a\yasb\yasb\venv\Lib\site-packages\watchdog\observers\winapi.py", line 380 in read_events
  File "D:\a\yasb\yasb\venv\Lib\site-packages\watchdog\observers\read_directory_changes.py", line 67 in _read_events
  File "D:\a\yasb\yasb\venv\Lib\site-packages\watchdog\observers\read_directory_changes.py", line 70 in queue_events
  File "D:\a\yasb\yasb\venv\Lib\site-packages\watchdog\observers\api.py", line 158 in run
  File "C:\hostedtoolcache\windows\Python\3.14.4\x64\Lib\threading.py", line 1082 in _bootstrap_inner
  File "C:\hostedtoolcache\windows\Python\3.14.4\x64\Lib\threading.py", line 1044 in _bootstrap

Thread 0x00002760 [WiFiWorker] (most recent call first):
  File "D:\a\yasb\yasb\src\core\widgets\services\wifi\wifi_managers.py", line 151 in run

Thread 0x00000f7c [MemoryWorker] (most recent call first):
  File "D:\a\yasb\yasb\src\core\widgets\services\memory\memory_api.py", line 244 in run

Thread 0x00004398 [CpuWorker] (most recent call first):
  File "D:\a\yasb\yasb\src\core\widgets\services\cpu\cpu_api.py", line 318 in run

Thread 0x00002240 [QueryWorker] (most recent call first):
  File "D:\a\yasb\yasb\src\core\widgets\services\quick_launch\workers.py", line 61 in run

Thread 0x00004318 [_EventWorker] (most recent call first):
  File "D:\a\yasb\yasb\venv\Lib\site-packages\qasync\_windows.py", line 147 in _poll
  File "D:\a\yasb\yasb\venv\Lib\site-packages\qasync\_windows.py", line 72 in select
  File "D:\a\yasb\yasb\venv\Lib\site-packages\qasync\_windows.py", line 199 in run

Thread 0x00004304 [LogPipeServer] (most recent call first):
  File "D:\a\yasb\yasb\src\core\utils\win32\bindings\kernel32.py", line 288 in ConnectNamedPipe
  File "D:\a\yasb\yasb\src\core\utils\cli_server.py", line 138 in _run_server
  File "C:\hostedtoolcache\windows\Python\3.14.4\x64\Lib\threading.py", line 1024 in run
  File "C:\hostedtoolcache\windows\Python\3.14.4\x64\Lib\threading.py", line 1082 in _bootstrap_inner
  File "C:\hostedtoolcache\windows\Python\3.14.4\x64\Lib\threading.py", line 1044 in _bootstrap

Thread 0x00004308 [CLIPipeServer] (most recent call first):
  File "D:\a\yasb\yasb\src\core\utils\win32\bindings\kernel32.py", line 288 in ConnectNamedPipe
  File "D:\a\yasb\yasb\src\core\utils\cli_server.py", line 235 in _run_server
  File "C:\hostedtoolcache\windows\Python\3.14.4\x64\Lib\threading.py", line 1024 in run
  File "C:\hostedtoolcache\windows\Python\3.14.4\x64\Lib\threading.py", line 1082 in _bootstrap_inner
  File "C:\hostedtoolcache\windows\Python\3.14.4\x64\Lib\threading.py", line 1044 in _bootstrap

Thread 0x00003b60 (most recent call first):
  File "D:\a\yasb\yasb\venv\Lib\site-packages\qasync\__init__.py", line 404 in run_forever
  File "D:\a\yasb\yasb\venv\Lib\site-packages\qasync\__init__.py", line 428 in run_until_complete
  File "main.py", line 98 in main
  File "main.py", line 188 in <module>
  File "D:\a\yasb\yasb\venv\Lib\site-packages\freeze_core\initscripts\console.py", line 27 in run
  File "D:\a\yasb\yasb\venv\Lib\site-packages\freeze_core\initscripts\__startup__.py", line 137 in run

Current thread's C stack trace (most recent call first):
  <cannot get C stack on this system>
Windows fatal exception: code 0x80010108

Thread 0x00003be8 [DescriptionResolverWorker] (most recent call first):
  File "D:\a\yasb\yasb\src\core\widgets\services\quick_launch\providers\apps.py", line 114 in _get_exe_description
  File "D:\a\yasb\yasb\src\core\widgets\services\quick_launch\providers\apps.py", line 187 in _get_lnk_description
  File "D:\a\yasb\yasb\src\core\widgets\services\quick_launch\providers\apps.py", line 247 in run

Thread 0x00004294 [SystrayMonitor] (most recent call first):
  File "D:\a\yasb\yasb\src\core\widgets\services\systray\utils.py", line 145 in start_message_loop
  File "D:\a\yasb\yasb\src\core\widgets\services\systray\systray_monitor.py", line 99 in run
  File "D:\a\yasb\yasb\src\core\widgets\yasb\systray.py", line 65 in run

Thread 0x000027b4 [asyncio_0] (most recent call first):
  File "C:\hostedtoolcache\windows\Python\3.14.4\x64\Lib\threading.py", line 373 in wait
  File "C:\hostedtoolcache\windows\Python\3.14.4\x64\Lib\threading.py", line 670 in wait
  File "C:\hostedtoolcache\windows\Python\3.14.4\x64\Lib\concurrent\futures\thread.py", line 73 in run
  File "C:\hostedtoolcache\windows\Python\3.14.4\x64\Lib\concurrent\futures\thread.py", line 86 in run
  File "C:\hostedtoolcache\windows\Python\3.14.4\x64\Lib\concurrent\futures\thread.py", line 119 in _worker
  File "C:\hostedtoolcache\windows\Python\3.14.4\x64\Lib\threading.py", line 1024 in run
  File "C:\hostedtoolcache\windows\Python\3.14.4\x64\Lib\threading.py", line 1082 in _bootstrap_inner
  File "C:\hostedtoolcache\windows\Python\3.14.4\x64\Lib\threading.py", line 1044 in _bootstrap

Thread 0x00003b8c [WindowsNotificationEventListener] (most recent call first):
  File "C:\hostedtoolcache\windows\Python\3.14.4\x64\Lib\asyncio\windows_events.py", line 775 in _poll
  File "C:\hostedtoolcache\windows\Python\3.14.4\x64\Lib\asyncio\windows_events.py", line 446 in select
  File "C:\hostedtoolcache\windows\Python\3.14.4\x64\Lib\asyncio\base_events.py", line 2019 in _run_once
  File "C:\hostedtoolcache\windows\Python\3.14.4\x64\Lib\asyncio\base_events.py", line 677 in run_forever
  File "C:\hostedtoolcache\windows\Python\3.14.4\x64\Lib\asyncio\base_events.py", line 706 in run_until_complete
  File "D:\a\yasb\yasb\src\core\widgets\services\notifications\windows_notification.py", line 101 in run

Thread 0x00004224 [KomorebiEventListener] (most recent call first):
  File "C:\hostedtoolcache\windows\Python\3.14.4\x64\Lib\threading.py", line 373 in wait
  File "C:\hostedtoolcache\windows\Python\3.14.4\x64\Lib\threading.py", line 670 in wait
  File "D:\a\yasb\yasb\src\core\widgets\services\komorebi\event_listener.py", line 75 in run

Thread 0x00003e08 [HotkeyListener] (most recent call first):
  File "D:\a\yasb\yasb\src\core\utils\win32\hotkeys.py", line 252 in run

Thread 0x000041f4 [Thread-8] (most recent call first):
  File "C:\hostedtoolcache\windows\Python\3.14.4\x64\Lib\threading.py", line 369 in wait
  File "C:\hostedtoolcache\windows\Python\3.14.4\x64\Lib\queue.py", line 199 in get
  File "D:\a\yasb\yasb\venv\Lib\site-packages\watchdog\observers\api.py", line 379 in dispatch_events
  File "D:\a\yasb\yasb\venv\Lib\site-packages\watchdog\observers\api.py", line 213 in run
  File "C:\hostedtoolcache\windows\Python\3.14.4\x64\Lib\threading.py", line 1082 in _bootstrap_inner
  File "C:\hostedtoolcache\windows\Python\3.14.4\x64\Lib\threading.py", line 1044 in _bootstrap

Thread 0x00003b58 [Thread-9] (most recent call first):
  File "D:\a\yasb\yasb\venv\Lib\site-packages\watchdog\observers\winapi.py", line 326 in read_directory_changes
  File "D:\a\yasb\yasb\venv\Lib\site-packages\watchdog\observers\winapi.py", line 380 in read_events
  File "D:\a\yasb\yasb\venv\Lib\site-packages\watchdog\observers\read_directory_changes.py", line 67 in _read_events
  File "D:\a\yasb\yasb\venv\Lib\site-packages\watchdog\observers\read_directory_changes.py", line 70 in queue_events
  File "D:\a\yasb\yasb\venv\Lib\site-packages\watchdog\observers\api.py", line 158 in run
  File "C:\hostedtoolcache\windows\Python\3.14.4\x64\Lib\threading.py", line 1082 in _bootstrap_inner
  File "C:\hostedtoolcache\windows\Python\3.14.4\x64\Lib\threading.py", line 1044 in _bootstrap

Thread 0x00002760 [WiFiWorker] (most recent call first):
  File "D:\a\yasb\yasb\src\core\widgets\services\wifi\wifi_managers.py", line 151 in run

Thread 0x00000f7c [MemoryWorker] (most recent call first):
  File "D:\a\yasb\yasb\src\core\widgets\services\memory\memory_api.py", line 244 in run

Thread 0x00004398 [CpuWorker] (most recent call first):
  File "D:\a\yasb\yasb\src\core\widgets\services\cpu\cpu_api.py", line 318 in run

Thread 0x00002240 [QueryWorker] (most recent call first):
  File "D:\a\yasb\yasb\src\core\widgets\services\quick_launch\workers.py", line 61 in run

Thread 0x00004318 [_EventWorker] (most recent call first):
  File "D:\a\yasb\yasb\venv\Lib\site-packages\qasync\_windows.py", line 147 in _poll
  File "D:\a\yasb\yasb\venv\Lib\site-packages\qasync\_windows.py", line 72 in select
  File "D:\a\yasb\yasb\venv\Lib\site-packages\qasync\_windows.py", line 199 in run

Thread 0x00004304 [LogPipeServer] (most recent call first):
  File "D:\a\yasb\yasb\src\core\utils\win32\bindings\kernel32.py", line 288 in ConnectNamedPipe
  File "D:\a\yasb\yasb\src\core\utils\cli_server.py", line 138 in _run_server
  File "C:\hostedtoolcache\windows\Python\3.14.4\x64\Lib\threading.py", line 1024 in run
  File "C:\hostedtoolcache\windows\Python\3.14.4\x64\Lib\threading.py", line 1082 in _bootstrap_inner
  File "C:\hostedtoolcache\windows\Python\3.14.4\x64\Lib\threading.py", line 1044 in _bootstrap

Thread 0x00004308 [CLIPipeServer] (most recent call first):
  File "D:\a\yasb\yasb\src\core\utils\win32\bindings\kernel32.py", line 288 in ConnectNamedPipe
  File "D:\a\yasb\yasb\src\core\utils\cli_server.py", line 235 in _run_server
  File "C:\hostedtoolcache\windows\Python\3.14.4\x64\Lib\threading.py", line 1024 in run
  File "C:\hostedtoolcache\windows\Python\3.14.4\x64\Lib\threading.py", line 1082 in _bootstrap_inner
  File "C:\hostedtoolcache\windows\Python\3.14.4\x64\Lib\threading.py", line 1044 in _bootstrap

Thread 0x00003b60 (most recent call first):
  File "D:\a\yasb\yasb\venv\Lib\site-packages\qasync\__init__.py", line 404 in run_forever
  File "D:\a\yasb\yasb\venv\Lib\site-packages\qasync\__init__.py", line 428 in run_until_complete
  File "main.py", line 98 in main
  File "main.py", line 188 in <module>
  File "D:\a\yasb\yasb\venv\Lib\site-packages\freeze_core\initscripts\console.py", line 27 in run
  File "D:\a\yasb\yasb\venv\Lib\site-packages\freeze_core\initscripts\__startup__.py", line 137 in run

Current thread's C stack trace (most recent call first):
  <cannot get C stack on this system>
Windows fatal exception: code 0x80010108

Thread 0x00003be8 [DescriptionResolverWorker] (most recent call first):
  File "D:\a\yasb\yasb\src\core\widgets\services\quick_launch\providers\apps.py", line 114 in _get_exe_description
  File "D:\a\yasb\yasb\src\core\widgets\services\quick_launch\providers\apps.py", line 187 in _get_lnk_description
  File "D:\a\yasb\yasb\src\core\widgets\services\quick_launch\providers\apps.py", line 247 in run

Thread 0x00004294 [SystrayMonitor] (most recent call first):
  File "D:\a\yasb\yasb\src\core\widgets\services\systray\utils.py", line 145 in start_message_loop
  File "D:\a\yasb\yasb\src\core\widgets\services\systray\systray_monitor.py", line 99 in run
  File "D:\a\yasb\yasb\src\core\widgets\yasb\systray.py", line 65 in run

Thread 0x000027b4 [asyncio_0] (most recent call first):
  File "C:\hostedtoolcache\windows\Python\3.14.4\x64\Lib\threading.py", line 373 in wait
  File "C:\hostedtoolcache\windows\Python\3.14.4\x64\Lib\threading.py", line 670 in wait
  File "C:\hostedtoolcache\windows\Python\3.14.4\x64\Lib\concurrent\futures\thread.py", line 73 in run
  File "C:\hostedtoolcache\windows\Python\3.14.4\x64\Lib\concurrent\futures\thread.py", line 86 in run
  File "C:\hostedtoolcache\windows\Python\3.14.4\x64\Lib\concurrent\futures\thread.py", line 119 in _worker
  File "C:\hostedtoolcache\windows\Python\3.14.4\x64\Lib\threading.py", line 1024 in run
  File "C:\hostedtoolcache\windows\Python\3.14.4\x64\Lib\threading.py", line 1082 in _bootstrap_inner
  File "C:\hostedtoolcache\windows\Python\3.14.4\x64\Lib\threading.py", line 1044 in _bootstrap

Thread 0x00003b8c [WindowsNotificationEventListener] (most recent call first):
  File "C:\hostedtoolcache\windows\Python\3.14.4\x64\Lib\asyncio\windows_events.py", line 775 in _poll
  File "C:\hostedtoolcache\windows\Python\3.14.4\x64\Lib\asyncio\windows_events.py", line 446 in select
  File "C:\hostedtoolcache\windows\Python\3.14.4\x64\Lib\asyncio\base_events.py", line 2019 in _run_once
  File "C:\hostedtoolcache\windows\Python\3.14.4\x64\Lib\asyncio\base_events.py", line 677 in run_forever
  File "C:\hostedtoolcache\windows\Python\3.14.4\x64\Lib\asyncio\base_events.py", line 706 in run_until_complete
  File "D:\a\yasb\yasb\src\core\widgets\services\notifications\windows_notification.py", line 101 in run

Thread 0x00004224 [KomorebiEventListener] (most recent call first):
  File "C:\hostedtoolcache\windows\Python\3.14.4\x64\Lib\threading.py", line 373 in wait
  File "C:\hostedtoolcache\windows\Python\3.14.4\x64\Lib\threading.py", line 670 in wait
  File "D:\a\yasb\yasb\src\core\widgets\services\komorebi\event_listener.py", line 75 in run

Thread 0x00003e08 [HotkeyListener] (most recent call first):
  File "D:\a\yasb\yasb\src\core\utils\win32\hotkeys.py", line 252 in run

Thread 0x000041f4 [Thread-8] (most recent call first):
  File "C:\hostedtoolcache\windows\Python\3.14.4\x64\Lib\threading.py", line 369 in wait
  File "C:\hostedtoolcache\windows\Python\3.14.4\x64\Lib\queue.py", line 199 in get
  File "D:\a\yasb\yasb\venv\Lib\site-packages\watchdog\observers\api.py", line 379 in dispatch_events
  File "D:\a\yasb\yasb\venv\Lib\site-packages\watchdog\observers\api.py", line 213 in run
  File "C:\hostedtoolcache\windows\Python\3.14.4\x64\Lib\threading.py", line 1082 in _bootstrap_inner
  File "C:\hostedtoolcache\windows\Python\3.14.4\x64\Lib\threading.py", line 1044 in _bootstrap

Thread 0x00003b58 [Thread-9] (most recent call first):
  File "D:\a\yasb\yasb\venv\Lib\site-packages\watchdog\observers\winapi.py", line 326 in read_directory_changes
  File "D:\a\yasb\yasb\venv\Lib\site-packages\watchdog\observers\winapi.py", line 380 in read_events
  File "D:\a\yasb\yasb\venv\Lib\site-packages\watchdog\observers\read_directory_changes.py", line 67 in _read_events
  File "D:\a\yasb\yasb\venv\Lib\site-packages\watchdog\observers\read_directory_changes.py", line 70 in queue_events
  File "D:\a\yasb\yasb\venv\Lib\site-packages\watchdog\observers\api.py", line 158 in run
  File "C:\hostedtoolcache\windows\Python\3.14.4\x64\Lib\threading.py", line 1082 in _bootstrap_inner
  File "C:\hostedtoolcache\windows\Python\3.14.4\x64\Lib\threading.py", line 1044 in _bootstrap

Thread 0x00002760 [WiFiWorker] (most recent call first):
  File "D:\a\yasb\yasb\src\core\widgets\services\wifi\wifi_managers.py", line 151 in run

Thread 0x00000f7c [MemoryWorker] (most recent call first):
  File "D:\a\yasb\yasb\src\core\widgets\services\memory\memory_api.py", line 244 in run

Thread 0x00004398 [CpuWorker] (most recent call first):
  File "D:\a\yasb\yasb\src\core\widgets\services\cpu\cpu_api.py", line 318 in run

Thread 0x00002240 [QueryWorker] (most recent call first):
  File "D:\a\yasb\yasb\src\core\widgets\services\quick_launch\workers.py", line 61 in run

Thread 0x00004318 [_EventWorker] (most recent call first):
  File "D:\a\yasb\yasb\venv\Lib\site-packages\qasync\_windows.py", line 147 in _poll
  File "D:\a\yasb\yasb\venv\Lib\site-packages\qasync\_windows.py", line 72 in select
  File "D:\a\yasb\yasb\venv\Lib\site-packages\qasync\_windows.py", line 199 in run

Thread 0x00004304 [LogPipeServer] (most recent call first):
  File "D:\a\yasb\yasb\src\core\utils\win32\bindings\kernel32.py", line 288 in ConnectNamedPipe
  File "D:\a\yasb\yasb\src\core\utils\cli_server.py", line 138 in _run_server
  File "C:\hostedtoolcache\windows\Python\3.14.4\x64\Lib\threading.py", line 1024 in run
  File "C:\hostedtoolcache\windows\Python\3.14.4\x64\Lib\threading.py", line 1082 in _bootstrap_inner
  File "C:\hostedtoolcache\windows\Python\3.14.4\x64\Lib\threading.py", line 1044 in _bootstrap

Thread 0x00004308 [CLIPipeServer] (most recent call first):
  File "D:\a\yasb\yasb\src\core\utils\win32\bindings\kernel32.py", line 288 in ConnectNamedPipe
  File "D:\a\yasb\yasb\src\core\utils\cli_server.py", line 235 in _run_server
  File "C:\hostedtoolcache\windows\Python\3.14.4\x64\Lib\threading.py", line 1024 in run
  File "C:\hostedtoolcache\windows\Python\3.14.4\x64\Lib\threading.py", line 1082 in _bootstrap_inner
  File "C:\hostedtoolcache\windows\Python\3.14.4\x64\Lib\threading.py", line 1044 in _bootstrap

Thread 0x00003b60 (most recent call first):
  File "D:\a\yasb\yasb\venv\Lib\site-packages\qasync\__init__.py", line 404 in run_forever
  File "D:\a\yasb\yasb\venv\Lib\site-packages\qasync\__init__.py", line 428 in run_until_complete
  File "main.py", line 98 in main
  File "main.py", line 188 in <module>
  File "D:\a\yasb\yasb\venv\Lib\site-packages\freeze_core\initscripts\console.py", line 27 in run
  File "D:\a\yasb\yasb\venv\Lib\site-packages\freeze_core\initscripts\__startup__.py", line 137 in run

Current thread's C stack trace (most recent call first):
  <cannot get C stack on this system>
2026-07-10 13:13:18,401 [INFO] [MainThread] [root/api.py:69]: Fetching new weather data at 2026-07-10 13:13:18.400957
2026-07-10 13:23:18,417 [INFO] [MainThread] [root/api.py:69]: Fetching new weather data at 2026-07-10 13:23:18.417686
2026-07-10 13:33:18,418 [INFO] [MainThread] [root/api.py:69]: Fetching new weather data at 2026-07-10 13:33:18.418810
2026-07-10 13:43:18,410 [INFO] [MainThread] [root/api.py:69]: Fetching new weather data at 2026-07-10 13:43:18.410020
2026-07-10 13:53:18,592 [INFO] [MainThread] [root/api.py:69]: Fetching new weather data at 2026-07-10 13:53:18.592555
2026-07-10 14:03:18,597 [INFO] [MainThread] [root/api.py:69]: Fetching new weather data at 2026-07-10 14:03:18.597696
2026-07-10 14:59:52,393 [INFO] [MainThread] [root/api.py:69]: Fetching new weather data at 2026-07-10 14:59:52.393679
2026-07-10 15:09:52,402 [INFO] [MainThread] [root/api.py:69]: Fetching new weather data at 2026-07-10 15:09:52.401940
2026-07-10 15:19:52,409 [INFO] [MainThread] [root/api.py:69]: Fetching new weather data at 2026-07-10 15:19:52.409089
2026-07-10 15:29:52,392 [INFO] [MainThread] [root/api.py:69]: Fetching new weather data at 2026-07-10 15:29:52.392494
2026-07-10 15:39:52,424 [INFO] [MainThread] [root/api.py:69]: Fetching new weather data at 2026-07-10 15:39:52.423939
2026-07-10 15:49:52,388 [INFO] [MainThread] [root/api.py:69]: Fetching new weather data at 2026-07-10 15:49:52.388372
2026-07-10 15:59:54,652 [INFO] [MainThread] [root/api.py:69]: Fetching new weather data at 2026-07-10 15:59:54.652788
2026-07-10 16:09:52,391 [INFO] [MainThread] [root/api.py:69]: Fetching new weather data at 2026-07-10 16:09:52.391038
2026-07-10 16:19:52,410 [INFO] [MainThread] [root/api.py:69]: Fetching new weather data at 2026-07-10 16:19:52.410359
2026-07-10 16:29:52,384 [INFO] [MainThread] [root/api.py:69]: Fetching new weather data at 2026-07-10 16:29:52.384851
2026-07-10 16:39:52,608 [INFO] [MainThread] [root/api.py:69]: Fetching new weather data at 2026-07-10 16:39:52.608209
2026-07-10 16:49:52,406 [INFO] [MainThread] [root/api.py:69]: Fetching new weather data at 2026-07-10 16:49:52.406560
2026-07-10 16:59:52,407 [INFO] [MainThread] [root/api.py:69]: Fetching new weather data at 2026-07-10 16:59:52.407946
2026-07-10 17:09:52,408 [INFO] [MainThread] [root/api.py:69]: Fetching new weather data at 2026-07-10 17:09:52.408194
2026-07-10 17:19:52,464 [INFO] [MainThread] [root/api.py:69]: Fetching new weather data at 2026-07-10 17:19:52.463949
2026-07-10 17:29:52,399 [INFO] [MainThread] [root/api.py:69]: Fetching new weather data at 2026-07-10 17:29:52.398940
2026-07-10 17:39:52,397 [INFO] [MainThread] [root/api.py:69]: Fetching new weather data at 2026-07-10 17:39:52.397764
2026-07-10 19:08:58,126 [INFO] [MainThread] [root/api.py:69]: Fetching new weather data at 2026-07-10 19:08:58.126728
2026-07-10 19:18:58,152 [INFO] [MainThread] [root/api.py:69]: Fetching new weather data at 2026-07-10 19:18:58.152899
2026-07-10 19:28:58,136 [INFO] [MainThread] [root/api.py:69]: Fetching new weather data at 2026-07-10 19:28:58.136441
2026-07-10 19:38:58,173 [INFO] [MainThread] [root/api.py:69]: Fetching new weather data at 2026-07-10 19:38:58.172902
2026-07-10 19:48:58,146 [INFO] [MainThread] [root/api.py:69]: Fetching new weather data at 2026-07-10 19:48:58.146727
2026-07-10 19:58:58,150 [INFO] [MainThread] [root/api.py:69]: Fetching new weather data at 2026-07-10 19:58:58.150772
2026-07-10 20:08:58,140 [INFO] [MainThread] [root/api.py:69]: Fetching new weather data at 2026-07-10 20:08:58.140877
2026-07-10 20:18:58,145 [INFO] [MainThread] [root/api.py:69]: Fetching new weather data at 2026-07-10 20:18:58.145822
2026-07-10 20:28:58,158 [INFO] [MainThread] [root/api.py:69]: Fetching new weather data at 2026-07-10 20:28:58.157942
2026-07-10 20:38:58,171 [INFO] [MainThread] [root/api.py:69]: Fetching new weather data at 2026-07-10 20:38:58.171327
2026-07-10 20:48:58,144 [INFO] [MainThread] [root/api.py:69]: Fetching new weather data at 2026-07-10 20:48:58.143991
2026-07-10 20:58:58,300 [INFO] [MainThread] [root/api.py:69]: Fetching new weather data at 2026-07-10 20:58:58.300789
2026-07-10 21:08:58,158 [INFO] [MainThread] [root/api.py:69]: Fetching new weather data at 2026-07-10 21:08:58.158512
2026-07-10 21:18:58,142 [INFO] [MainThread] [root/api.py:69]: Fetching new weather data at 2026-07-10 21:18:58.142454
2026-07-10 21:28:58,214 [INFO] [MainThread] [root/api.py:69]: Fetching new weather data at 2026-07-10 21:28:58.214817
2026-07-10 22:04:04,832 [INFO] [MainThread] [root/api.py:69]: Fetching new weather data at 2026-07-10 22:04:04.832083
2026-07-10 22:14:04,825 [INFO] [MainThread] [root/api.py:69]: Fetching new weather data at 2026-07-10 22:14:04.825225
2026-07-10 22:24:04,814 [INFO] [MainThread] [root/api.py:69]: Fetching new weather data at 2026-07-10 22:24:04.814253
2026-07-10 22:34:04,834 [INFO] [MainThread] [root/api.py:69]: Fetching new weather data at 2026-07-10 22:34:04.834034
2026-07-10 22:44:04,819 [INFO] [MainThread] [root/api.py:69]: Fetching new weather data at 2026-07-10 22:44:04.819795
2026-07-10 22:54:04,811 [INFO] [MainThread] [root/api.py:69]: Fetching new weather data at 2026-07-10 22:54:04.811928
2026-07-10 23:04:04,820 [INFO] [MainThread] [root/api.py:69]: Fetching new weather data at 2026-07-10 23:04:04.820760
2026-07-10 23:14:04,811 [INFO] [MainThread] [root/api.py:69]: Fetching new weather data at 2026-07-10 23:14:04.811794
2026-07-10 23:24:04,822 [INFO] [MainThread] [root/api.py:69]: Fetching new weather data at 2026-07-10 23:24:04.822501
2026-07-10 23:34:04,823 [INFO] [MainThread] [root/api.py:69]: Fetching new weather data at 2026-07-10 23:34:04.823476
2026-07-10 23:44:04,816 [INFO] [MainThread] [root/api.py:69]: Fetching new weather data at 2026-07-10 23:44:04.816184
2026-07-10 23:54:04,815 [INFO] [MainThread] [root/api.py:69]: Fetching new weather data at 2026-07-10 23:54:04.815484
Windows fatal exception: code 0x80010108

Thread 0x00004294 [SystrayMonitor] (most recent call first):
  File "D:\a\yasb\yasb\src\core\widgets\services\systray\utils.py", line 145 in start_message_loop
  File "D:\a\yasb\yasb\src\core\widgets\services\systray\systray_monitor.py", line 99 in run
  File "D:\a\yasb\yasb\src\core\widgets\yasb\systray.py", line 65 in run

Thread 0x000027b4 [asyncio_0] (most recent call first):
  File "C:\hostedtoolcache\windows\Python\3.14.4\x64\Lib\threading.py", line 373 in wait
  File "C:\hostedtoolcache\windows\Python\3.14.4\x64\Lib\threading.py", line 670 in wait
  File "C:\hostedtoolcache\windows\Python\3.14.4\x64\Lib\concurrent\futures\thread.py", line 73 in run
  File "C:\hostedtoolcache\windows\Python\3.14.4\x64\Lib\concurrent\futures\thread.py", line 86 in run
  File "C:\hostedtoolcache\windows\Python\3.14.4\x64\Lib\concurrent\futures\thread.py", line 119 in _worker
  File "C:\hostedtoolcache\windows\Python\3.14.4\x64\Lib\threading.py", line 1024 in run
  File "C:\hostedtoolcache\windows\Python\3.14.4\x64\Lib\threading.py", line 1082 in _bootstrap_inner
  File "C:\hostedtoolcache\windows\Python\3.14.4\x64\Lib\threading.py", line 1044 in _bootstrap

Thread 0x00003b8c [WindowsNotificationEventListener] (most recent call first):
  File "C:\hostedtoolcache\windows\Python\3.14.4\x64\Lib\asyncio\windows_events.py", line 775 in _poll
  File "C:\hostedtoolcache\windows\Python\3.14.4\x64\Lib\asyncio\windows_events.py", line 446 in select
  File "C:\hostedtoolcache\windows\Python\3.14.4\x64\Lib\asyncio\base_events.py", line 2019 in _run_once
  File "C:\hostedtoolcache\windows\Python\3.14.4\x64\Lib\asyncio\base_events.py", line 677 in run_forever
  File "C:\hostedtoolcache\windows\Python\3.14.4\x64\Lib\asyncio\base_events.py", line 706 in run_until_complete
  File "D:\a\yasb\yasb\src\core\widgets\services\notifications\windows_notification.py", line 101 in run

Thread 0x00004224 [KomorebiEventListener] (most recent call first):
  File "C:\hostedtoolcache\windows\Python\3.14.4\x64\Lib\threading.py", line 373 in wait
  File "C:\hostedtoolcache\windows\Python\3.14.4\x64\Lib\threading.py", line 670 in wait
  File "D:\a\yasb\yasb\src\core\widgets\services\komorebi\event_listener.py", line 75 in run

Thread 0x00003e08 [HotkeyListener] (most recent call first):
  File "D:\a\yasb\yasb\src\core\utils\win32\hotkeys.py", line 252 in run

Thread 0x000041f4 [Thread-8] (most recent call first):
  File "C:\hostedtoolcache\windows\Python\3.14.4\x64\Lib\threading.py", line 369 in wait
  File "C:\hostedtoolcache\windows\Python\3.14.4\x64\Lib\queue.py", line 199 in get
  File "D:\a\yasb\yasb\venv\Lib\site-packages\watchdog\observers\api.py", line 379 in dispatch_events
  File "D:\a\yasb\yasb\venv\Lib\site-packages\watchdog\observers\api.py", line 213 in run
  File "C:\hostedtoolcache\windows\Python\3.14.4\x64\Lib\threading.py", line 1082 in _bootstrap_inner
  File "C:\hostedtoolcache\windows\Python\3.14.4\x64\Lib\threading.py", line 1044 in _bootstrap

Thread 0x00003b58 [Thread-9] (most recent call first):
  File "D:\a\yasb\yasb\venv\Lib\site-packages\watchdog\observers\winapi.py", line 326 in read_directory_changes
  File "D:\a\yasb\yasb\venv\Lib\site-packages\watchdog\observers\winapi.py", line 380 in read_events
  File "D:\a\yasb\yasb\venv\Lib\site-packages\watchdog\observers\read_directory_changes.py", line 67 in _read_events
  File "D:\a\yasb\yasb\venv\Lib\site-packages\watchdog\observers\read_directory_changes.py", line 70 in queue_events
  File "D:\a\yasb\yasb\venv\Lib\site-packages\watchdog\observers\api.py", line 158 in run
  File "C:\hostedtoolcache\windows\Python\3.14.4\x64\Lib\threading.py", line 1082 in _bootstrap_inner
  File "C:\hostedtoolcache\windows\Python\3.14.4\x64\Lib\threading.py", line 1044 in _bootstrap

Thread 0x00002760 [WiFiWorker] (most recent call first):
  File "D:\a\yasb\yasb\src\core\widgets\services\wifi\wifi_managers.py", line 151 in run

Thread 0x00000f7c [MemoryWorker] (most recent call first):
  File "D:\a\yasb\yasb\src\core\widgets\services\memory\memory_api.py", line 244 in run

Thread 0x00004398 [CpuWorker] (most recent call first):
  File "D:\a\yasb\yasb\src\core\widgets\services\cpu\cpu_api.py", line 318 in run

Thread 0x00002240 [QueryWorker] (most recent call first):
  File "D:\a\yasb\yasb\src\core\widgets\services\quick_launch\workers.py", line 61 in run

Thread 0x00004318 [_EventWorker] (most recent call first):
  File "D:\a\yasb\yasb\venv\Lib\site-packages\qasync\_windows.py", line 147 in _poll
  File "D:\a\yasb\yasb\venv\Lib\site-packages\qasync\_windows.py", line 72 in select
  File "D:\a\yasb\yasb\venv\Lib\site-packages\qasync\_windows.py", line 199 in run

Thread 0x00004304 [LogPipeServer] (most recent call first):
  File "D:\a\yasb\yasb\src\core\utils\win32\bindings\kernel32.py", line 288 in ConnectNamedPipe
  File "D:\a\yasb\yasb\src\core\utils\cli_server.py", line 138 in _run_server
  File "C:\hostedtoolcache\windows\Python\3.14.4\x64\Lib\threading.py", line 1024 in run
  File "C:\hostedtoolcache\windows\Python\3.14.4\x64\Lib\threading.py", line 1082 in _bootstrap_inner
  File "C:\hostedtoolcache\windows\Python\3.14.4\x64\Lib\threading.py", line 1044 in _bootstrap

Thread 0x00004308 [CLIPipeServer] (most recent call first):
  File "D:\a\yasb\yasb\src\core\utils\win32\bindings\kernel32.py", line 288 in ConnectNamedPipe
  File "D:\a\yasb\yasb\src\core\utils\cli_server.py", line 235 in _run_server
  File "C:\hostedtoolcache\windows\Python\3.14.4\x64\Lib\threading.py", line 1024 in run
  File "C:\hostedtoolcache\windows\Python\3.14.4\x64\Lib\threading.py", line 1082 in _bootstrap_inner
  File "C:\hostedtoolcache\windows\Python\3.14.4\x64\Lib\threading.py", line 1044 in _bootstrap

Thread 0x00003b60 (most recent call first):
  File "D:\a\yasb\yasb\venv\Lib\site-packages\qasync\__init__.py", line 404 in run_forever
  File "D:\a\yasb\yasb\venv\Lib\site-packages\qasync\__init__.py", line 428 in run_until_complete
  File "main.py", line 98 in main
  File "main.py", line 188 in <module>
  File "D:\a\yasb\yasb\venv\Lib\site-packages\freeze_core\initscripts\console.py", line 27 in run
  File "D:\a\yasb\yasb\venv\Lib\site-packages\freeze_core\initscripts\__startup__.py", line 137 in run

Current thread's C stack trace (most recent call first):
  <cannot get C stack on this system>
Windows fatal exception: code 0x80010108

Thread 0x00004294 [SystrayMonitor] (most recent call first):
  File "D:\a\yasb\yasb\src\core\widgets\services\systray\utils.py", line 145 in start_message_loop
  File "D:\a\yasb\yasb\src\core\widgets\services\systray\systray_monitor.py", line 99 in run
  File "D:\a\yasb\yasb\src\core\widgets\yasb\systray.py", line 65 in run

Thread 0x000027b4 [asyncio_0] (most recent call first):
  File "C:\hostedtoolcache\windows\Python\3.14.4\x64\Lib\threading.py", line 373 in wait
  File "C:\hostedtoolcache\windows\Python\3.14.4\x64\Lib\threading.py", line 670 in wait
  File "C:\hostedtoolcache\windows\Python\3.14.4\x64\Lib\concurrent\futures\thread.py", line 73 in run
  File "C:\hostedtoolcache\windows\Python\3.14.4\x64\Lib\concurrent\futures\thread.py", line 86 in run
  File "C:\hostedtoolcache\windows\Python\3.14.4\x64\Lib\concurrent\futures\thread.py", line 119 in _worker
  File "C:\hostedtoolcache\windows\Python\3.14.4\x64\Lib\threading.py", line 1024 in run
  File "C:\hostedtoolcache\windows\Python\3.14.4\x64\Lib\threading.py", line 1082 in _bootstrap_inner
  File "C:\hostedtoolcache\windows\Python\3.14.4\x64\Lib\threading.py", line 1044 in _bootstrap

Thread 0x00003b8c [WindowsNotificationEventListener] (most recent call first):
  File "C:\hostedtoolcache\windows\Python\3.14.4\x64\Lib\asyncio\windows_events.py", line 775 in _poll
  File "C:\hostedtoolcache\windows\Python\3.14.4\x64\Lib\asyncio\windows_events.py", line 446 in select
  File "C:\hostedtoolcache\windows\Python\3.14.4\x64\Lib\asyncio\base_events.py", line 2019 in _run_once
  File "C:\hostedtoolcache\windows\Python\3.14.4\x64\Lib\asyncio\base_events.py", line 677 in run_forever
  File "C:\hostedtoolcache\windows\Python\3.14.4\x64\Lib\asyncio\base_events.py", line 706 in run_until_complete
  File "D:\a\yasb\yasb\src\core\widgets\services\notifications\windows_notification.py", line 101 in run

Thread 0x00004224 [KomorebiEventListener] (most recent call first):
  File "C:\hostedtoolcache\windows\Python\3.14.4\x64\Lib\threading.py", line 373 in wait
  File "C:\hostedtoolcache\windows\Python\3.14.4\x64\Lib\threading.py", line 670 in wait
  File "D:\a\yasb\yasb\src\core\widgets\services\komorebi\event_listener.py", line 75 in run

Thread 0x00003e08 [HotkeyListener] (most recent call first):
  File "D:\a\yasb\yasb\src\core\utils\win32\hotkeys.py", line 252 in run

Thread 0x000041f4 [Thread-8] (most recent call first):
  File "C:\hostedtoolcache\windows\Python\3.14.4\x64\Lib\threading.py", line 369 in wait
  File "C:\hostedtoolcache\windows\Python\3.14.4\x64\Lib\queue.py", line 199 in get
  File "D:\a\yasb\yasb\venv\Lib\site-packages\watchdog\observers\api.py", line 379 in dispatch_events
  File "D:\a\yasb\yasb\venv\Lib\site-packages\watchdog\observers\api.py", line 213 in run
  File "C:\hostedtoolcache\windows\Python\3.14.4\x64\Lib\threading.py", line 1082 in _bootstrap_inner
  File "C:\hostedtoolcache\windows\Python\3.14.4\x64\Lib\threading.py", line 1044 in _bootstrap

Thread 0x00003b58 [Thread-9] (most recent call first):
  File "D:\a\yasb\yasb\venv\Lib\site-packages\watchdog\observers\winapi.py", line 326 in read_directory_changes
  File "D:\a\yasb\yasb\venv\Lib\site-packages\watchdog\observers\winapi.py", line 380 in read_events
  File "D:\a\yasb\yasb\venv\Lib\site-packages\watchdog\observers\read_directory_changes.py", line 67 in _read_events
  File "D:\a\yasb\yasb\venv\Lib\site-packages\watchdog\observers\read_directory_changes.py", line 70 in queue_events
  File "D:\a\yasb\yasb\venv\Lib\site-packages\watchdog\observers\api.py", line 158 in run
  File "C:\hostedtoolcache\windows\Python\3.14.4\x64\Lib\threading.py", line 1082 in _bootstrap_inner
  File "C:\hostedtoolcache\windows\Python\3.14.4\x64\Lib\threading.py", line 1044 in _bootstrap

Thread 0x00002760 [WiFiWorker] (most recent call first):
  File "D:\a\yasb\yasb\src\core\widgets\services\wifi\wifi_managers.py", line 151 in run

Thread 0x00000f7c [MemoryWorker] (most recent call first):
  File "D:\a\yasb\yasb\src\core\widgets\services\memory\memory_api.py", line 244 in run

Thread 0x00004398 [CpuWorker] (most recent call first):
  File "D:\a\yasb\yasb\src\core\widgets\services\cpu\cpu_api.py", line 318 in run

Thread 0x00002240 [QueryWorker] (most recent call first):
  File "D:\a\yasb\yasb\src\core\widgets\services\quick_launch\workers.py", line 61 in run

Thread 0x00004318 [_EventWorker] (most recent call first):
  File "D:\a\yasb\yasb\venv\Lib\site-packages\qasync\_windows.py", line 147 in _poll
  File "D:\a\yasb\yasb\venv\Lib\site-packages\qasync\_windows.py", line 72 in select
  File "D:\a\yasb\yasb\venv\Lib\site-packages\qasync\_windows.py", line 199 in run

Thread 0x00004304 [LogPipeServer] (most recent call first):
  File "D:\a\yasb\yasb\src\core\utils\win32\bindings\kernel32.py", line 288 in ConnectNamedPipe
  File "D:\a\yasb\yasb\src\core\utils\cli_server.py", line 138 in _run_server
  File "C:\hostedtoolcache\windows\Python\3.14.4\x64\Lib\threading.py", line 1024 in run
  File "C:\hostedtoolcache\windows\Python\3.14.4\x64\Lib\threading.py", line 1082 in _bootstrap_inner
  File "C:\hostedtoolcache\windows\Python\3.14.4\x64\Lib\threading.py", line 1044 in _bootstrap

Thread 0x00004308 [CLIPipeServer] (most recent call first):
  File "D:\a\yasb\yasb\src\core\utils\win32\bindings\kernel32.py", line 288 in ConnectNamedPipe
  File "D:\a\yasb\yasb\src\core\utils\cli_server.py", line 235 in _run_server
  File "C:\hostedtoolcache\windows\Python\3.14.4\x64\Lib\threading.py", line 1024 in run
  File "C:\hostedtoolcache\windows\Python\3.14.4\x64\Lib\threading.py", line 1082 in _bootstrap_inner
  File "C:\hostedtoolcache\windows\Python\3.14.4\x64\Lib\threading.py", line 1044 in _bootstrap

Thread 0x00003b60 (most recent call first):
  File "D:\a\yasb\yasb\venv\Lib\site-packages\qasync\__init__.py", line 404 in run_forever
  File "D:\a\yasb\yasb\venv\Lib\site-packages\qasync\__init__.py", line 428 in run_until_complete
  File "main.py", line 98 in main
  File "main.py", line 188 in <module>
  File "D:\a\yasb\yasb\venv\Lib\site-packages\freeze_core\initscripts\console.py", line 27 in run
  File "D:\a\yasb\yasb\venv\Lib\site-packages\freeze_core\initscripts\__startup__.py", line 137 in run

Current thread's C stack trace (most recent call first):
  <cannot get C stack on this system>
Windows fatal exception: code 0x80010108

Thread 0x00004294 [SystrayMonitor] (most recent call first):
  File "D:\a\yasb\yasb\src\core\widgets\services\systray\utils.py", line 145 in start_message_loop
  File "D:\a\yasb\yasb\src\core\widgets\services\systray\systray_monitor.py", line 99 in run
  File "D:\a\yasb\yasb\src\core\widgets\yasb\systray.py", line 65 in run

Thread 0x000027b4 [asyncio_0] (most recent call first):
  File "C:\hostedtoolcache\windows\Python\3.14.4\x64\Lib\threading.py", line 373 in wait
  File "C:\hostedtoolcache\windows\Python\3.14.4\x64\Lib\threading.py", line 670 in wait
  File "C:\hostedtoolcache\windows\Python\3.14.4\x64\Lib\concurrent\futures\thread.py", line 73 in run
  File "C:\hostedtoolcache\windows\Python\3.14.4\x64\Lib\concurrent\futures\thread.py", line 86 in run
  File "C:\hostedtoolcache\windows\Python\3.14.4\x64\Lib\concurrent\futures\thread.py", line 119 in _worker
  File "C:\hostedtoolcache\windows\Python\3.14.4\x64\Lib\threading.py", line 1024 in run
  File "C:\hostedtoolcache\windows\Python\3.14.4\x64\Lib\threading.py", line 1082 in _bootstrap_inner
  File "C:\hostedtoolcache\windows\Python\3.14.4\x64\Lib\threading.py", line 1044 in _bootstrap

Thread 0x00003b8c [WindowsNotificationEventListener] (most recent call first):
  File "C:\hostedtoolcache\windows\Python\3.14.4\x64\Lib\asyncio\windows_events.py", line 775 in _poll
  File "C:\hostedtoolcache\windows\Python\3.14.4\x64\Lib\asyncio\windows_events.py", line 446 in select
  File "C:\hostedtoolcache\windows\Python\3.14.4\x64\Lib\asyncio\base_events.py", line 2019 in _run_once
  File "C:\hostedtoolcache\windows\Python\3.14.4\x64\Lib\asyncio\base_events.py", line 677 in run_forever
  File "C:\hostedtoolcache\windows\Python\3.14.4\x64\Lib\asyncio\base_events.py", line 706 in run_until_complete
  File "D:\a\yasb\yasb\src\core\widgets\services\notifications\windows_notification.py", line 101 in run

Thread 0x00004224 [KomorebiEventListener] (most recent call first):
  File "C:\hostedtoolcache\windows\Python\3.14.4\x64\Lib\threading.py", line 373 in wait
  File "C:\hostedtoolcache\windows\Python\3.14.4\x64\Lib\threading.py", line 670 in wait
  File "D:\a\yasb\yasb\src\core\widgets\services\komorebi\event_listener.py", line 75 in run

Thread 0x00003e08 [HotkeyListener] (most recent call first):
  File "D:\a\yasb\yasb\src\core\utils\win32\hotkeys.py", line 252 in run

Thread 0x000041f4 [Thread-8] (most recent call first):
  File "C:\hostedtoolcache\windows\Python\3.14.4\x64\Lib\threading.py", line 369 in wait
  File "C:\hostedtoolcache\windows\Python\3.14.4\x64\Lib\queue.py", line 199 in get
  File "D:\a\yasb\yasb\venv\Lib\site-packages\watchdog\observers\api.py", line 379 in dispatch_events
  File "D:\a\yasb\yasb\venv\Lib\site-packages\watchdog\observers\api.py", line 213 in run
  File "C:\hostedtoolcache\windows\Python\3.14.4\x64\Lib\threading.py", line 1082 in _bootstrap_inner
  File "C:\hostedtoolcache\windows\Python\3.14.4\x64\Lib\threading.py", line 1044 in _bootstrap

Thread 0x00003b58 [Thread-9] (most recent call first):
  File "D:\a\yasb\yasb\venv\Lib\site-packages\watchdog\observers\winapi.py", line 326 in read_directory_changes
  File "D:\a\yasb\yasb\venv\Lib\site-packages\watchdog\observers\winapi.py", line 380 in read_events
  File "D:\a\yasb\yasb\venv\Lib\site-packages\watchdog\observers\read_directory_changes.py", line 67 in _read_events
  File "D:\a\yasb\yasb\venv\Lib\site-packages\watchdog\observers\read_directory_changes.py", line 70 in queue_events
  File "D:\a\yasb\yasb\venv\Lib\site-packages\watchdog\observers\api.py", line 158 in run
  File "C:\hostedtoolcache\windows\Python\3.14.4\x64\Lib\threading.py", line 1082 in _bootstrap_inner
  File "C:\hostedtoolcache\windows\Python\3.14.4\x64\Lib\threading.py", line 1044 in _bootstrap

Thread 0x00002760 [WiFiWorker] (most recent call first):
  File "D:\a\yasb\yasb\src\core\widgets\services\wifi\wifi_managers.py", line 151 in run

Thread 0x00000f7c [MemoryWorker] (most recent call first):
  File "D:\a\yasb\yasb\src\core\widgets\services\memory\memory_api.py", line 244 in run

Thread 0x00004398 [CpuWorker] (most recent call first):
  File "D:\a\yasb\yasb\src\core\widgets\services\cpu\cpu_api.py", line 318 in run

Thread 0x00002240 [QueryWorker] (most recent call first):
  File "D:\a\yasb\yasb\src\core\widgets\services\quick_launch\workers.py", line 61 in run

Thread 0x00004318 [_EventWorker] (most recent call first):
  File "D:\a\yasb\yasb\venv\Lib\site-packages\qasync\_windows.py", line 147 in _poll
  File "D:\a\yasb\yasb\venv\Lib\site-packages\qasync\_windows.py", line 72 in select
  File "D:\a\yasb\yasb\venv\Lib\site-packages\qasync\_windows.py", line 199 in run

Thread 0x00004304 [LogPipeServer] (most recent call first):
  File "D:\a\yasb\yasb\src\core\utils\win32\bindings\kernel32.py", line 288 in ConnectNamedPipe
  File "D:\a\yasb\yasb\src\core\utils\cli_server.py", line 138 in _run_server
  File "C:\hostedtoolcache\windows\Python\3.14.4\x64\Lib\threading.py", line 1024 in run
  File "C:\hostedtoolcache\windows\Python\3.14.4\x64\Lib\threading.py", line 1082 in _bootstrap_inner
  File "C:\hostedtoolcache\windows\Python\3.14.4\x64\Lib\threading.py", line 1044 in _bootstrap

Thread 0x00004308 [CLIPipeServer] (most recent call first):
  File "D:\a\yasb\yasb\src\core\utils\win32\bindings\kernel32.py", line 288 in ConnectNamedPipe
  File "D:\a\yasb\yasb\src\core\utils\cli_server.py", line 235 in _run_server
  File "C:\hostedtoolcache\windows\Python\3.14.4\x64\Lib\threading.py", line 1024 in run
  File "C:\hostedtoolcache\windows\Python\3.14.4\x64\Lib\threading.py", line 1082 in _bootstrap_inner
  File "C:\hostedtoolcache\windows\Python\3.14.4\x64\Lib\threading.py", line 1044 in _bootstrap

Thread 0x00003b60 (most recent call first):
  File "D:\a\yasb\yasb\venv\Lib\site-packages\qasync\__init__.py", line 404 in run_forever
  File "D:\a\yasb\yasb\venv\Lib\site-packages\qasync\__init__.py", line 428 in run_until_complete
  File "main.py", line 98 in main
  File "main.py", line 188 in <module>
  File "D:\a\yasb\yasb\venv\Lib\site-packages\freeze_core\initscripts\console.py", line 27 in run
  File "D:\a\yasb\yasb\venv\Lib\site-packages\freeze_core\initscripts\__startup__.py", line 137 in run

Current thread's C stack trace (most recent call first):
  <cannot get C stack on this system>
2026-07-11 00:04:04,839 [INFO] [MainThread] [root/api.py:69]: Fetching new weather data at 2026-07-11 00:04:04.839190
2026-07-11 00:14:04,828 [INFO] [MainThread] [root/api.py:69]: Fetching new weather data at 2026-07-11 00:14:04.827922
2026-07-11 00:24:04,823 [INFO] [MainThread] [root/api.py:69]: Fetching new weather data at 2026-07-11 00:24:04.823641
2026-07-11 00:34:04,834 [INFO] [MainThread] [root/api.py:69]: Fetching new weather data at 2026-07-11 00:34:04.834204
2026-07-11 00:44:04,826 [INFO] [MainThread] [root/api.py:69]: Fetching new weather data at 2026-07-11 00:44:04.826464
2026-07-11 00:54:04,836 [INFO] [MainThread] [root/api.py:69]: Fetching new weather data at 2026-07-11 00:54:04.836023
2026-07-11 01:04:04,815 [INFO] [MainThread] [root/api.py:69]: Fetching new weather data at 2026-07-11 01:04:04.815686
2026-07-11 01:14:04,826 [INFO] [MainThread] [root/api.py:69]: Fetching new weather data at 2026-07-11 01:14:04.826523
2026-07-11 01:24:04,825 [INFO] [MainThread] [root/api.py:69]: Fetching new weather data at 2026-07-11 01:24:04.825438
2026-07-11 01:34:04,820 [INFO] [MainThread] [root/api.py:69]: Fetching new weather data at 2026-07-11 01:34:04.820372
2026-07-11 01:44:04,825 [INFO] [MainThread] [root/api.py:69]: Fetching new weather data at 2026-07-11 01:44:04.825620
2026-07-11 01:54:04,918 [INFO] [MainThread] [root/api.py:69]: Fetching new weather data at 2026-07-11 01:54:04.917955
2026-07-11 02:04:04,831 [INFO] [MainThread] [root/api.py:69]: Fetching new weather data at 2026-07-11 02:04:04.831691
2026-07-11 02:14:04,809 [INFO] [MainThread] [root/api.py:69]: Fetching new weather data at 2026-07-11 02:14:04.809793
2026-07-11 02:24:05,021 [INFO] [MainThread] [root/api.py:69]: Fetching new weather data at 2026-07-11 02:24:05.021112
2026-07-11 02:34:04,974 [INFO] [MainThread] [root/api.py:69]: Fetching new weather data at 2026-07-11 02:34:04.974850
2026-07-11 02:44:04,965 [INFO] [MainThread] [root/api.py:69]: Fetching new weather data at 2026-07-11 02:44:04.965838
2026-07-11 02:54:05,100 [INFO] [MainThread] [root/api.py:69]: Fetching new weather data at 2026-07-11 02:54:05.100881
2026-07-11 03:04:05,002 [INFO] [MainThread] [root/api.py:69]: Fetching new weather data at 2026-07-11 03:04:05.002250
2026-07-11 03:14:05,003 [INFO] [MainThread] [root/api.py:69]: Fetching new weather data at 2026-07-11 03:14:05.003268
2026-07-11 03:24:04,969 [INFO] [MainThread] [root/api.py:69]: Fetching new weather data at 2026-07-11 03:24:04.969186
2026-07-11 03:34:05,168 [INFO] [MainThread] [root/api.py:69]: Fetching new weather data at 2026-07-11 03:34:05.168771
2026-07-11 03:44:04,985 [INFO] [MainThread] [root/api.py:69]: Fetching new weather data at 2026-07-11 03:44:04.985372
2026-07-11 03:54:04,979 [INFO] [MainThread] [root/api.py:69]: Fetching new weather data at 2026-07-11 03:54:04.979113
2026-07-11 04:04:05,035 [INFO] [MainThread] [root/api.py:69]: Fetching new weather data at 2026-07-11 04:04:05.034947
2026-07-11 04:07:58,015 [INFO] [MainThread] [root/controller.py:43]: Exiting Application...
2026-07-11 04:07:58,127 [INFO] [MainThread] [cli_server/cli_server.py:114]: Log pipe server stopped
2026-07-11 04:07:59,658 [INFO] [MainThread] [root/bar_manager.py:110]: Stopping HotkeyListener...
2026-07-11 04:07:59,661 [INFO] [MainThread] [root/bar_manager.py:118]: Stopping KomorebiEventListener...
2026-07-11 04:07:59,664 [INFO] [MainThread] [root/bar_manager.py:118]: Stopping WindowsNotificationEventListener...
2026-07-11 09:46:12,923 [INFO] [MainThread] [root/log.py:104]: YASB v2.0.2
2026-07-11 09:46:12,924 [INFO] [CLIPipeServer] [cli_server/cli_server.py:216]: CLI server started v1.1.7
2026-07-11 09:46:12,925 [INFO] [MainThread] [cli_server/cli_server.py:106]: Log pipe server started
2026-07-11 09:46:13,033 [WARNING] [MainThread] [deprecation/deprecation.py:133]: [DEPRECATED] BarAlignment: 'center' - Use 'align' instead.
2026-07-11 09:46:13,033 [WARNING] [MainThread] [deprecation/deprecation.py:133]: [DEPRECATED] BarBlurEffect: 'acrylic' - No longer supported and can be removed from the config.
2026-07-11 09:46:13,823 [ERROR] [MainThread] [root/get_vscode_state_db_path.py:20]: Shared storage detection failed: _path_exists: path should be string, bytes, os.PathLike or integer, not NoneType
2026-07-11 09:46:14,855 [WARNING] [MainThread] [deprecation/deprecation.py:133]: [DEPRECATED] CpuConfig: 'label_shadow' - Use CSS text-shadow instead.
2026-07-11 09:46:15,110 [INFO] [MainThread] [root/service.py:52]: AudioOutputService starting...
2026-07-11 09:46:16,695 [INFO] [MainThread] [root/bar_manager.py:228]: Starting HotkeyListener...
2026-07-11 09:46:16,695 [INFO] [MainThread] [root/bar_manager.py:102]: Starting WindowsNotificationEventListener...
2026-07-11 09:46:16,696 [INFO] [MainThread] [root/bar_manager.py:102]: Starting KomorebiEventListener...
2026-07-11 09:46:16,698 [INFO] [MainThread] [root/watcher.py:65]: Watching directory: c:\users\nam khuc\.config\yasb
2026-07-11 09:46:16,699 [INFO] [MainThread] [root/watcher.py:104]: Created file watcher
2026-07-11 09:46:16,699 [INFO] [Dummy-11] [root/event_listener.py:54]: Created named pipe yasb-b03d08ef-7cd2-11f1-8820-e00af667f2ea
2026-07-11 09:46:16,746 [INFO] [MainThread] [root/update_service.py:434]: Background update checker started
2026-07-11 09:46:16,830 [INFO] [Dummy-11] [root/event_listener.py:147]: Komorebi connected to named pipe: yasb-b03d08ef-7cd2-11f1-8820-e00af667f2ea
2026-07-11 09:46:17,881 [INFO] [MainThread] [root/api.py:69]: Fetching new weather data at 2026-07-11 09:46:17.881339
Windows fatal exception: code 0x80010108

Thread 0x000043ec [SystrayMonitor] (most recent call first):
  File "D:\a\yasb\yasb\src\core\widgets\services\systray\utils.py", line 145 in start_message_loop
  File "D:\a\yasb\yasb\src\core\widgets\services\systray\systray_monitor.py", line 99 in run
  File "D:\a\yasb\yasb\src\core\widgets\yasb\systray.py", line 65 in run

Thread 0x00004320 [asyncio_0] (most recent call first):
  File "C:\hostedtoolcache\windows\Python\3.14.4\x64\Lib\threading.py", line 373 in wait
  File "C:\hostedtoolcache\windows\Python\3.14.4\x64\Lib\threading.py", line 670 in wait
  File "C:\hostedtoolcache\windows\Python\3.14.4\x64\Lib\concurrent\futures\thread.py", line 73 in run
  File "C:\hostedtoolcache\windows\Python\3.14.4\x64\Lib\concurrent\futures\thread.py", line 86 in run
  File "C:\hostedtoolcache\windows\Python\3.14.4\x64\Lib\concurrent\futures\thread.py", line 119 in _worker
  File "C:\hostedtoolcache\windows\Python\3.14.4\x64\Lib\threading.py", line 1024 in run
  File "C:\hostedtoolcache\windows\Python\3.14.4\x64\Lib\threading.py", line 1082 in _bootstrap_inner
  File "C:\hostedtoolcache\windows\Python\3.14.4\x64\Lib\threading.py", line 1044 in _bootstrap

Thread 0x000042c0 [Thread-8] (most recent call first):
  File "C:\hostedtoolcache\windows\Python\3.14.4\x64\Lib\threading.py", line 369 in wait
  File "C:\hostedtoolcache\windows\Python\3.14.4\x64\Lib\queue.py", line 199 in get
  File "D:\a\yasb\yasb\venv\Lib\site-packages\watchdog\observers\api.py", line 379 in dispatch_events
  File "D:\a\yasb\yasb\venv\Lib\site-packages\watchdog\observers\api.py", line 213 in run
  File "C:\hostedtoolcache\windows\Python\3.14.4\x64\Lib\threading.py", line 1082 in _bootstrap_inner
  File "C:\hostedtoolcache\windows\Python\3.14.4\x64\Lib\threading.py", line 1044 in _bootstrap

Thread 0x000042bc [Thread-9] (most recent call first):
  File "D:\a\yasb\yasb\venv\Lib\site-packages\watchdog\observers\winapi.py", line 326 in read_directory_changes
  File "D:\a\yasb\yasb\venv\Lib\site-packages\watchdog\observers\winapi.py", line 380 in read_events
  File "D:\a\yasb\yasb\venv\Lib\site-packages\watchdog\observers\read_directory_changes.py", line 67 in _read_events
  File "D:\a\yasb\yasb\venv\Lib\site-packages\watchdog\observers\read_directory_changes.py", line 70 in queue_events
  File "D:\a\yasb\yasb\venv\Lib\site-packages\watchdog\observers\api.py", line 158 in run
  File "C:\hostedtoolcache\windows\Python\3.14.4\x64\Lib\threading.py", line 1082 in _bootstrap_inner
  File "C:\hostedtoolcache\windows\Python\3.14.4\x64\Lib\threading.py", line 1044 in _bootstrap

Thread 0x000042b8 [KomorebiEventListener] (most recent call first):
  File "C:\hostedtoolcache\windows\Python\3.14.4\x64\Lib\threading.py", line 373 in wait
  File "C:\hostedtoolcache\windows\Python\3.14.4\x64\Lib\threading.py", line 670 in wait
  File "D:\a\yasb\yasb\src\core\widgets\services\komorebi\event_listener.py", line 75 in run

Thread 0x000042b4 [WindowsNotificationEventListener] (most recent call first):
  File "C:\hostedtoolcache\windows\Python\3.14.4\x64\Lib\asyncio\windows_events.py", line 775 in _poll
  File "C:\hostedtoolcache\windows\Python\3.14.4\x64\Lib\asyncio\windows_events.py", line 446 in select
  File "C:\hostedtoolcache\windows\Python\3.14.4\x64\Lib\asyncio\base_events.py", line 2019 in _run_once
  File "C:\hostedtoolcache\windows\Python\3.14.4\x64\Lib\asyncio\base_events.py", line 677 in run_forever
  File "C:\hostedtoolcache\windows\Python\3.14.4\x64\Lib\asyncio\base_events.py", line 706 in run_until_complete
  File "D:\a\yasb\yasb\src\core\widgets\services\notifications\windows_notification.py", line 101 in run

Thread 0x000042ac [HotkeyListener] (most recent call first):
  File "D:\a\yasb\yasb\src\core\utils\win32\hotkeys.py", line 252 in run

Thread 0x000040cc [WiFiWorker] (most recent call first):
  File "D:\a\yasb\yasb\src\core\widgets\services\wifi\wifi_managers.py", line 151 in run

Thread 0x000040c0 [MemoryWorker] (most recent call first):
  File "D:\a\yasb\yasb\src\core\widgets\services\memory\memory_api.py", line 244 in run

Thread 0x000040bc [CpuWorker] (most recent call first):
  File "D:\a\yasb\yasb\src\core\widgets\services\cpu\cpu_api.py", line 318 in run

Thread 0x0000244c [QueryWorker] (most recent call first):
  File "D:\a\yasb\yasb\src\core\widgets\services\quick_launch\workers.py", line 61 in run

Thread 0x00003eb4 [_EventWorker] (most recent call first):
  File "D:\a\yasb\yasb\venv\Lib\site-packages\qasync\_windows.py", line 147 in _poll
  File "D:\a\yasb\yasb\venv\Lib\site-packages\qasync\_windows.py", line 72 in select
  File "D:\a\yasb\yasb\venv\Lib\site-packages\qasync\_windows.py", line 199 in run

Thread 0x00002158 [LogPipeServer] (most recent call first):
  File "D:\a\yasb\yasb\src\core\utils\win32\bindings\kernel32.py", line 288 in ConnectNamedPipe
  File "D:\a\yasb\yasb\src\core\utils\cli_server.py", line 138 in _run_server
  File "C:\hostedtoolcache\windows\Python\3.14.4\x64\Lib\threading.py", line 1024 in run
  File "C:\hostedtoolcache\windows\Python\3.14.4\x64\Lib\threading.py", line 1082 in _bootstrap_inner
  File "C:\hostedtoolcache\windows\Python\3.14.4\x64\Lib\threading.py", line 1044 in _bootstrap

Thread 0x00003df4 [CLIPipeServer] (most recent call first):
  File "D:\a\yasb\yasb\src\core\utils\win32\bindings\kernel32.py", line 288 in ConnectNamedPipe
  File "D:\a\yasb\yasb\src\core\utils\cli_server.py", line 235 in _run_server
  File "C:\hostedtoolcache\windows\Python\3.14.4\x64\Lib\threading.py", line 1024 in run
  File "C:\hostedtoolcache\windows\Python\3.14.4\x64\Lib\threading.py", line 1082 in _bootstrap_inner
  File "C:\hostedtoolcache\windows\Python\3.14.4\x64\Lib\threading.py", line 1044 in _bootstrap

Thread 0x00003f68 (most recent call first):
  File "D:\a\yasb\yasb\venv\Lib\site-packages\qasync\__init__.py", line 404 in run_forever
  File "D:\a\yasb\yasb\venv\Lib\site-packages\qasync\__init__.py", line 428 in run_until_complete
  File "main.py", line 98 in main
  File "main.py", line 188 in <module>
  File "D:\a\yasb\yasb\venv\Lib\site-packages\freeze_core\initscripts\console.py", line 27 in run
  File "D:\a\yasb\yasb\venv\Lib\site-packages\freeze_core\initscripts\__startup__.py", line 137 in run

Current thread's C stack trace (most recent call first):
  <cannot get C stack on this system>
Windows fatal exception: code 0x80010108

Thread 0x000043ec [SystrayMonitor] (most recent call first):
  File "D:\a\yasb\yasb\src\core\widgets\services\systray\utils.py", line 145 in start_message_loop
  File "D:\a\yasb\yasb\src\core\widgets\services\systray\systray_monitor.py", line 99 in run
  File "D:\a\yasb\yasb\src\core\widgets\yasb\systray.py", line 65 in run

Thread 0x00004320 [asyncio_0] (most recent call first):
  File "C:\hostedtoolcache\windows\Python\3.14.4\x64\Lib\threading.py", line 373 in wait
  File "C:\hostedtoolcache\windows\Python\3.14.4\x64\Lib\threading.py", line 670 in wait
  File "C:\hostedtoolcache\windows\Python\3.14.4\x64\Lib\concurrent\futures\thread.py", line 73 in run
  File "C:\hostedtoolcache\windows\Python\3.14.4\x64\Lib\concurrent\futures\thread.py", line 86 in run
  File "C:\hostedtoolcache\windows\Python\3.14.4\x64\Lib\concurrent\futures\thread.py", line 119 in _worker
  File "C:\hostedtoolcache\windows\Python\3.14.4\x64\Lib\threading.py", line 1024 in run
  File "C:\hostedtoolcache\windows\Python\3.14.4\x64\Lib\threading.py", line 1082 in _bootstrap_inner
  File "C:\hostedtoolcache\windows\Python\3.14.4\x64\Lib\threading.py", line 1044 in _bootstrap

Thread 0x000042c0 [Thread-8] (most recent call first):
  File "C:\hostedtoolcache\windows\Python\3.14.4\x64\Lib\threading.py", line 369 in wait
  File "C:\hostedtoolcache\windows\Python\3.14.4\x64\Lib\queue.py", line 199 in get
  File "D:\a\yasb\yasb\venv\Lib\site-packages\watchdog\observers\api.py", line 379 in dispatch_events
  File "D:\a\yasb\yasb\venv\Lib\site-packages\watchdog\observers\api.py", line 213 in run
  File "C:\hostedtoolcache\windows\Python\3.14.4\x64\Lib\threading.py", line 1082 in _bootstrap_inner
  File "C:\hostedtoolcache\windows\Python\3.14.4\x64\Lib\threading.py", line 1044 in _bootstrap

Thread 0x000042bc [Thread-9] (most recent call first):
  File "D:\a\yasb\yasb\venv\Lib\site-packages\watchdog\observers\winapi.py", line 326 in read_directory_changes
  File "D:\a\yasb\yasb\venv\Lib\site-packages\watchdog\observers\winapi.py", line 380 in read_events
  File "D:\a\yasb\yasb\venv\Lib\site-packages\watchdog\observers\read_directory_changes.py", line 67 in _read_events
  File "D:\a\yasb\yasb\venv\Lib\site-packages\watchdog\observers\read_directory_changes.py", line 70 in queue_events
  File "D:\a\yasb\yasb\venv\Lib\site-packages\watchdog\observers\api.py", line 158 in run
  File "C:\hostedtoolcache\windows\Python\3.14.4\x64\Lib\threading.py", line 1082 in _bootstrap_inner
  File "C:\hostedtoolcache\windows\Python\3.14.4\x64\Lib\threading.py", line 1044 in _bootstrap

Thread 0x000042b8 [KomorebiEventListener] (most recent call first):
  File "C:\hostedtoolcache\windows\Python\3.14.4\x64\Lib\threading.py", line 373 in wait
  File "C:\hostedtoolcache\windows\Python\3.14.4\x64\Lib\threading.py", line 670 in wait
  File "D:\a\yasb\yasb\src\core\widgets\services\komorebi\event_listener.py", line 75 in run

Thread 0x000042b4 [WindowsNotificationEventListener] (most recent call first):
  File "C:\hostedtoolcache\windows\Python\3.14.4\x64\Lib\asyncio\windows_events.py", line 775 in _poll
  File "C:\hostedtoolcache\windows\Python\3.14.4\x64\Lib\asyncio\windows_events.py", line 446 in select
  File "C:\hostedtoolcache\windows\Python\3.14.4\x64\Lib\asyncio\base_events.py", line 2019 in _run_once
  File "C:\hostedtoolcache\windows\Python\3.14.4\x64\Lib\asyncio\base_events.py", line 677 in run_forever
  File "C:\hostedtoolcache\windows\Python\3.14.4\x64\Lib\asyncio\base_events.py", line 706 in run_until_complete
  File "D:\a\yasb\yasb\src\core\widgets\services\notifications\windows_notification.py", line 101 in run

Thread 0x000042ac [HotkeyListener] (most recent call first):
  File "D:\a\yasb\yasb\src\core\utils\win32\hotkeys.py", line 252 in run

Thread 0x000040cc [WiFiWorker] (most recent call first):
  File "D:\a\yasb\yasb\src\core\widgets\services\wifi\wifi_managers.py", line 151 in run

Thread 0x000040c0 [MemoryWorker] (most recent call first):
  File "D:\a\yasb\yasb\src\core\widgets\services\memory\memory_api.py", line 244 in run

Thread 0x000040bc [CpuWorker] (most recent call first):
  File "D:\a\yasb\yasb\src\core\widgets\services\cpu\cpu_api.py", line 318 in run

Thread 0x0000244c [QueryWorker] (most recent call first):
  File "D:\a\yasb\yasb\src\core\widgets\services\quick_launch\workers.py", line 61 in run

Thread 0x00003eb4 [_EventWorker] (most recent call first):
  File "D:\a\yasb\yasb\venv\Lib\site-packages\qasync\_windows.py", line 147 in _poll
  File "D:\a\yasb\yasb\venv\Lib\site-packages\qasync\_windows.py", line 72 in select
  File "D:\a\yasb\yasb\venv\Lib\site-packages\qasync\_windows.py", line 199 in run

Thread 0x00002158 [LogPipeServer] (most recent call first):
  File "D:\a\yasb\yasb\src\core\utils\win32\bindings\kernel32.py", line 288 in ConnectNamedPipe
  File "D:\a\yasb\yasb\src\core\utils\cli_server.py", line 138 in _run_server
  File "C:\hostedtoolcache\windows\Python\3.14.4\x64\Lib\threading.py", line 1024 in run
  File "C:\hostedtoolcache\windows\Python\3.14.4\x64\Lib\threading.py", line 1082 in _bootstrap_inner
  File "C:\hostedtoolcache\windows\Python\3.14.4\x64\Lib\threading.py", line 1044 in _bootstrap

Thread 0x00003df4 [CLIPipeServer] (most recent call first):
  File "D:\a\yasb\yasb\src\core\utils\win32\bindings\kernel32.py", line 288 in ConnectNamedPipe
  File "D:\a\yasb\yasb\src\core\utils\cli_server.py", line 235 in _run_server
  File "C:\hostedtoolcache\windows\Python\3.14.4\x64\Lib\threading.py", line 1024 in run
  File "C:\hostedtoolcache\windows\Python\3.14.4\x64\Lib\threading.py", line 1082 in _bootstrap_inner
  File "C:\hostedtoolcache\windows\Python\3.14.4\x64\Lib\threading.py", line 1044 in _bootstrap

Thread 0x00003f68 (most recent call first):
  File "D:\a\yasb\yasb\venv\Lib\site-packages\qasync\__init__.py", line 404 in run_forever
  File "D:\a\yasb\yasb\venv\Lib\site-packages\qasync\__init__.py", line 428 in run_until_complete
  File "main.py", line 98 in main
  File "main.py", line 188 in <module>
  File "D:\a\yasb\yasb\venv\Lib\site-packages\freeze_core\initscripts\console.py", line 27 in run
  File "D:\a\yasb\yasb\venv\Lib\site-packages\freeze_core\initscripts\__startup__.py", line 137 in run

Current thread's C stack trace (most recent call first):
  <cannot get C stack on this system>
Windows fatal exception: code 0x80010108

Thread 0x000043ec [SystrayMonitor] (most recent call first):
  File "D:\a\yasb\yasb\src\core\widgets\services\systray\utils.py", line 145 in start_message_loop
  File "D:\a\yasb\yasb\src\core\widgets\services\systray\systray_monitor.py", line 99 in run
  File "D:\a\yasb\yasb\src\core\widgets\yasb\systray.py", line 65 in run

Thread 0x00004320 [asyncio_0] (most recent call first):
  File "C:\hostedtoolcache\windows\Python\3.14.4\x64\Lib\threading.py", line 373 in wait
  File "C:\hostedtoolcache\windows\Python\3.14.4\x64\Lib\threading.py", line 670 in wait
  File "C:\hostedtoolcache\windows\Python\3.14.4\x64\Lib\concurrent\futures\thread.py", line 73 in run
  File "C:\hostedtoolcache\windows\Python\3.14.4\x64\Lib\concurrent\futures\thread.py", line 86 in run
  File "C:\hostedtoolcache\windows\Python\3.14.4\x64\Lib\concurrent\futures\thread.py", line 119 in _worker
  File "C:\hostedtoolcache\windows\Python\3.14.4\x64\Lib\threading.py", line 1024 in run
  File "C:\hostedtoolcache\windows\Python\3.14.4\x64\Lib\threading.py", line 1082 in _bootstrap_inner
  File "C:\hostedtoolcache\windows\Python\3.14.4\x64\Lib\threading.py", line 1044 in _bootstrap

Thread 0x000042c0 [Thread-8] (most recent call first):
  File "C:\hostedtoolcache\windows\Python\3.14.4\x64\Lib\threading.py", line 369 in wait
  File "C:\hostedtoolcache\windows\Python\3.14.4\x64\Lib\queue.py", line 199 in get
  File "D:\a\yasb\yasb\venv\Lib\site-packages\watchdog\observers\api.py", line 379 in dispatch_events
  File "D:\a\yasb\yasb\venv\Lib\site-packages\watchdog\observers\api.py", line 213 in run
  File "C:\hostedtoolcache\windows\Python\3.14.4\x64\Lib\threading.py", line 1082 in _bootstrap_inner
  File "C:\hostedtoolcache\windows\Python\3.14.4\x64\Lib\threading.py", line 1044 in _bootstrap

Thread 0x000042bc [Thread-9] (most recent call first):
  File "D:\a\yasb\yasb\venv\Lib\site-packages\watchdog\observers\winapi.py", line 326 in read_directory_changes
  File "D:\a\yasb\yasb\venv\Lib\site-packages\watchdog\observers\winapi.py", line 380 in read_events
  File "D:\a\yasb\yasb\venv\Lib\site-packages\watchdog\observers\read_directory_changes.py", line 67 in _read_events
  File "D:\a\yasb\yasb\venv\Lib\site-packages\watchdog\observers\read_directory_changes.py", line 70 in queue_events
  File "D:\a\yasb\yasb\venv\Lib\site-packages\watchdog\observers\api.py", line 158 in run
  File "C:\hostedtoolcache\windows\Python\3.14.4\x64\Lib\threading.py", line 1082 in _bootstrap_inner
  File "C:\hostedtoolcache\windows\Python\3.14.4\x64\Lib\threading.py", line 1044 in _bootstrap

Thread 0x000042b8 [KomorebiEventListener] (most recent call first):
  File "C:\hostedtoolcache\windows\Python\3.14.4\x64\Lib\threading.py", line 373 in wait
  File "C:\hostedtoolcache\windows\Python\3.14.4\x64\Lib\threading.py", line 670 in wait
  File "D:\a\yasb\yasb\src\core\widgets\services\komorebi\event_listener.py", line 75 in run

Thread 0x000042b4 [WindowsNotificationEventListener] (most recent call first):
  File "C:\hostedtoolcache\windows\Python\3.14.4\x64\Lib\asyncio\windows_events.py", line 775 in _poll
  File "C:\hostedtoolcache\windows\Python\3.14.4\x64\Lib\asyncio\windows_events.py", line 446 in select
  File "C:\hostedtoolcache\windows\Python\3.14.4\x64\Lib\asyncio\base_events.py", line 2019 in _run_once
  File "C:\hostedtoolcache\windows\Python\3.14.4\x64\Lib\asyncio\base_events.py", line 677 in run_forever
  File "C:\hostedtoolcache\windows\Python\3.14.4\x64\Lib\asyncio\base_events.py", line 706 in run_until_complete
  File "D:\a\yasb\yasb\src\core\widgets\services\notifications\windows_notification.py", line 101 in run

Thread 0x000042ac [HotkeyListener] (most recent call first):
  File "D:\a\yasb\yasb\src\core\utils\win32\hotkeys.py", line 252 in run

Thread 0x000040cc [WiFiWorker] (most recent call first):
  File "D:\a\yasb\yasb\src\core\widgets\services\wifi\wifi_managers.py", line 151 in run

Thread 0x000040c0 [MemoryWorker] (most recent call first):
  File "D:\a\yasb\yasb\src\core\widgets\services\memory\memory_api.py", line 244 in run

Thread 0x000040bc [CpuWorker] (most recent call first):
  File "D:\a\yasb\yasb\src\core\widgets\services\cpu\cpu_api.py", line 318 in run

Thread 0x0000244c [QueryWorker] (most recent call first):
  File "D:\a\yasb\yasb\src\core\widgets\services\quick_launch\workers.py", line 61 in run

Thread 0x00003eb4 [_EventWorker] (most recent call first):
  File "D:\a\yasb\yasb\venv\Lib\site-packages\qasync\_windows.py", line 147 in _poll
  File "D:\a\yasb\yasb\venv\Lib\site-packages\qasync\_windows.py", line 72 in select
  File "D:\a\yasb\yasb\venv\Lib\site-packages\qasync\_windows.py", line 199 in run

Thread 0x00002158 [LogPipeServer] (most recent call first):
  File "D:\a\yasb\yasb\src\core\utils\win32\bindings\kernel32.py", line 288 in ConnectNamedPipe
  File "D:\a\yasb\yasb\src\core\utils\cli_server.py", line 138 in _run_server
  File "C:\hostedtoolcache\windows\Python\3.14.4\x64\Lib\threading.py", line 1024 in run
  File "C:\hostedtoolcache\windows\Python\3.14.4\x64\Lib\threading.py", line 1082 in _bootstrap_inner
  File "C:\hostedtoolcache\windows\Python\3.14.4\x64\Lib\threading.py", line 1044 in _bootstrap

Thread 0x00003df4 [CLIPipeServer] (most recent call first):
  File "D:\a\yasb\yasb\src\core\utils\win32\bindings\kernel32.py", line 288 in ConnectNamedPipe
  File "D:\a\yasb\yasb\src\core\utils\cli_server.py", line 235 in _run_server
  File "C:\hostedtoolcache\windows\Python\3.14.4\x64\Lib\threading.py", line 1024 in run
  File "C:\hostedtoolcache\windows\Python\3.14.4\x64\Lib\threading.py", line 1082 in _bootstrap_inner
  File "C:\hostedtoolcache\windows\Python\3.14.4\x64\Lib\threading.py", line 1044 in _bootstrap

Thread 0x00003f68 (most recent call first):
  File "D:\a\yasb\yasb\src\core\widgets\services\media\media.py", line 253 in _interpolate_and_emit
  File "D:\a\yasb\yasb\src\core\widgets\services\media\media.py", line 99 in run
  <invalid frame>

Current thread's C stack trace (most recent call first):
  <cannot get C stack on this system>
2026-07-11 09:56:15,285 [INFO] [MainThread] [root/api.py:69]: Fetching new weather data at 2026-07-11 09:56:15.285148
2026-07-11 10:07:04,905 [INFO] [MainThread] [root/api.py:69]: Fetching new weather data at 2026-07-11 10:07:04.905254
2026-07-11 10:17:04,879 [INFO] [MainThread] [root/api.py:69]: Fetching new weather data at 2026-07-11 10:17:04.879238
2026-07-11 10:27:04,878 [INFO] [MainThread] [root/api.py:69]: Fetching new weather data at 2026-07-11 10:27:04.877928
2026-07-11 10:37:05,033 [INFO] [MainThread] [root/api.py:69]: Fetching new weather data at 2026-07-11 10:37:05.033423
2026-07-11 10:47:04,883 [INFO] [MainThread] [root/api.py:69]: Fetching new weather data at 2026-07-11 10:47:04.883547
2026-07-11 10:57:04,893 [INFO] [MainThread] [root/api.py:69]: Fetching new weather data at 2026-07-11 10:57:04.893374
2026-07-11 11:11:03,335 [INFO] [MainThread] [root/api.py:69]: Fetching new weather data at 2026-07-11 11:11:03.335833
2026-07-11 11:23:42,394 [INFO] [MainThread] [root/api.py:69]: Fetching new weather data at 2026-07-11 11:23:42.394295
2026-07-11 11:36:31,481 [INFO] [MainThread] [root/api.py:69]: Fetching new weather data at 2026-07-11 11:36:31.480968
2026-07-11 11:40:14,334 [INFO] [MainThread] [root/controller.py:43]: Exiting Application...
2026-07-11 11:40:14,438 [INFO] [MainThread] [cli_server/cli_server.py:114]: Log pipe server stopped
2026-07-11 11:40:15,263 [INFO] [MainThread] [root/bar_manager.py:110]: Stopping HotkeyListener...
2026-07-11 11:40:15,270 [INFO] [MainThread] [root/bar_manager.py:118]: Stopping WindowsNotificationEventListener...
2026-07-11 11:40:15,279 [INFO] [MainThread] [root/bar_manager.py:118]: Stopping KomorebiEventListener...
2026-07-11 13:20:41,643 [INFO] [MainThread] [root/log.py:104]: YASB v2.0.2
2026-07-11 13:20:41,645 [INFO] [CLIPipeServer] [cli_server/cli_server.py:216]: CLI server started v1.1.7
2026-07-11 13:20:41,645 [INFO] [MainThread] [cli_server/cli_server.py:106]: Log pipe server started
2026-07-11 13:20:41,756 [WARNING] [MainThread] [deprecation/deprecation.py:133]: [DEPRECATED] BarAlignment: 'center' - Use 'align' instead.
2026-07-11 13:20:41,756 [WARNING] [MainThread] [deprecation/deprecation.py:133]: [DEPRECATED] BarBlurEffect: 'acrylic' - No longer supported and can be removed from the config.
2026-07-11 13:20:42,587 [ERROR] [MainThread] [root/get_vscode_state_db_path.py:20]: Shared storage detection failed: _path_exists: path should be string, bytes, os.PathLike or integer, not NoneType
2026-07-11 13:20:43,727 [WARNING] [MainThread] [deprecation/deprecation.py:133]: [DEPRECATED] CpuConfig: 'label_shadow' - Use CSS text-shadow instead.
2026-07-11 13:20:44,009 [INFO] [MainThread] [root/service.py:52]: AudioOutputService starting...
2026-07-11 13:20:44,968 [ERROR] [MainThread] [root/get_vscode_state_db_path.py:20]: Shared storage detection failed: _path_exists: path should be string, bytes, os.PathLike or integer, not NoneType
2026-07-11 13:20:45,273 [INFO] [MainThread] [root/bar_manager.py:228]: Starting HotkeyListener...
2026-07-11 13:20:45,274 [INFO] [MainThread] [root/bar_manager.py:102]: Starting WindowsNotificationEventListener...
2026-07-11 13:20:45,274 [INFO] [MainThread] [root/bar_manager.py:102]: Starting KomorebiEventListener...
2026-07-11 13:20:45,277 [INFO] [MainThread] [root/watcher.py:65]: Watching directory: c:\users\nam khuc\.config\yasb
2026-07-11 13:20:45,277 [INFO] [MainThread] [root/watcher.py:104]: Created file watcher
2026-07-11 13:20:45,300 [INFO] [Dummy-10] [root/event_listener.py:54]: Created named pipe yasb-a6825754-7cf0-11f1-b54d-e00af667f2ea
2026-07-11 13:20:45,322 [INFO] [MainThread] [root/update_service.py:434]: Background update checker started
2026-07-11 13:20:45,533 [WARNING] [Dummy-10] [root/event_listener.py:134]: Komorebi failed to subscribe named pipe. Komorebi is not running, please start Komorebi.
2026-07-11 13:21:14,351 [INFO] [MainThread] [root/api.py:69]: Fetching new weather data at 2026-07-11 13:21:14.351020
2026-07-11 13:21:14,425 [INFO] [Dummy-10] [root/event_listener.py:147]: Komorebi connected to named pipe: yasb-a6825754-7cf0-11f1-b54d-e00af667f2ea
Windows fatal exception: code 0x80010108

Thread 0x000041a8 [SystrayMonitor] (most recent call first):
  File "D:\a\yasb\yasb\src\core\widgets\services\systray\utils.py", line 145 in start_message_loop
  File "D:\a\yasb\yasb\src\core\widgets\services\systray\systray_monitor.py", line 99 in run
  File "D:\a\yasb\yasb\src\core\widgets\yasb\systray.py", line 65 in run

Thread 0x00004134 [asyncio_0] (most recent call first):
  File "C:\hostedtoolcache\windows\Python\3.14.4\x64\Lib\threading.py", line 373 in wait
  File "C:\hostedtoolcache\windows\Python\3.14.4\x64\Lib\threading.py", line 670 in wait
  File "C:\hostedtoolcache\windows\Python\3.14.4\x64\Lib\concurrent\futures\thread.py", line 73 in run
  File "C:\hostedtoolcache\windows\Python\3.14.4\x64\Lib\concurrent\futures\thread.py", line 86 in run
  File "C:\hostedtoolcache\windows\Python\3.14.4\x64\Lib\concurrent\futures\thread.py", line 119 in _worker
  File "C:\hostedtoolcache\windows\Python\3.14.4\x64\Lib\threading.py", line 1024 in run
  File "C:\hostedtoolcache\windows\Python\3.14.4\x64\Lib\threading.py", line 1082 in _bootstrap_inner
  File "C:\hostedtoolcache\windows\Python\3.14.4\x64\Lib\threading.py", line 1044 in _bootstrap

Thread 0x000040e8 [HotkeyListener] (most recent call first):
  File "D:\a\yasb\yasb\src\core\utils\win32\hotkeys.py", line 252 in run

Thread 0x000040f0 [KomorebiEventListener] (most recent call first):
  File "C:\hostedtoolcache\windows\Python\3.14.4\x64\Lib\threading.py", line 373 in wait
  File "C:\hostedtoolcache\windows\Python\3.14.4\x64\Lib\threading.py", line 670 in wait
  File "D:\a\yasb\yasb\src\core\widgets\services\komorebi\event_listener.py", line 75 in run

Thread 0x000040ec [WindowsNotificationEventListener] (most recent call first):
  File "C:\hostedtoolcache\windows\Python\3.14.4\x64\Lib\asyncio\windows_events.py", line 775 in _poll
  File "C:\hostedtoolcache\windows\Python\3.14.4\x64\Lib\asyncio\windows_events.py", line 446 in select
  File "C:\hostedtoolcache\windows\Python\3.14.4\x64\Lib\asyncio\base_events.py", line 2019 in _run_once
  File "C:\hostedtoolcache\windows\Python\3.14.4\x64\Lib\asyncio\base_events.py", line 677 in run_forever
  File "C:\hostedtoolcache\windows\Python\3.14.4\x64\Lib\asyncio\base_events.py", line 706 in run_until_complete
  File "D:\a\yasb\yasb\src\core\widgets\services\notifications\windows_notification.py", line 101 in run

Thread 0x000040f8 [Thread-8] (most recent call first):
  File "C:\hostedtoolcache\windows\Python\3.14.4\x64\Lib\threading.py", line 369 in wait
  File "C:\hostedtoolcache\windows\Python\3.14.4\x64\Lib\queue.py", line 199 in get
  File "D:\a\yasb\yasb\venv\Lib\site-packages\watchdog\observers\api.py", line 379 in dispatch_events
  File "D:\a\yasb\yasb\venv\Lib\site-packages\watchdog\observers\api.py", line 213 in run
  File "C:\hostedtoolcache\windows\Python\3.14.4\x64\Lib\threading.py", line 1082 in _bootstrap_inner
  File "C:\hostedtoolcache\windows\Python\3.14.4\x64\Lib\threading.py", line 1044 in _bootstrap

Thread 0x000040f4 [Thread-9] (most recent call first):
  File "D:\a\yasb\yasb\venv\Lib\site-packages\watchdog\observers\winapi.py", line 326 in read_directory_changes
  File "D:\a\yasb\yasb\venv\Lib\site-packages\watchdog\observers\winapi.py", line 380 in read_events
  File "D:\a\yasb\yasb\venv\Lib\site-packages\watchdog\observers\read_directory_changes.py", line 67 in _read_events
  File "D:\a\yasb\yasb\venv\Lib\site-packages\watchdog\observers\read_directory_changes.py", line 70 in queue_events
  File "D:\a\yasb\yasb\venv\Lib\site-packages\watchdog\observers\api.py", line 158 in run
  File "C:\hostedtoolcache\windows\Python\3.14.4\x64\Lib\threading.py", line 1082 in _bootstrap_inner
  File "C:\hostedtoolcache\windows\Python\3.14.4\x64\Lib\threading.py", line 1044 in _bootstrap

Thread 0x00003f1c [WiFiWorker] (most recent call first):
  File "D:\a\yasb\yasb\src\core\widgets\services\wifi\wifi_managers.py", line 151 in run

Thread 0x00003eb4 [MemoryWorker] (most recent call first):
  File "D:\a\yasb\yasb\src\core\widgets\services\memory\memory_api.py", line 244 in run

Thread 0x00003e8c [CpuWorker] (most recent call first):
  File "D:\a\yasb\yasb\src\core\widgets\services\cpu\cpu_api.py", line 318 in run

Thread 0x00003fb4 [QueryWorker] (most recent call first):
  File "D:\a\yasb\yasb\src\core\widgets\services\quick_launch\workers.py", line 61 in run

Thread 0x00003f84 [_EventWorker] (most recent call first):
  File "D:\a\yasb\yasb\venv\Lib\site-packages\qasync\_windows.py", line 147 in _poll
  File "D:\a\yasb\yasb\venv\Lib\site-packages\qasync\_windows.py", line 72 in select
  File "D:\a\yasb\yasb\venv\Lib\site-packages\qasync\_windows.py", line 199 in run

Thread 0x00003f74 [LogPipeServer] (most recent call first):
  File "D:\a\yasb\yasb\src\core\utils\win32\bindings\kernel32.py", line 288 in ConnectNamedPipe
  File "D:\a\yasb\yasb\src\core\utils\cli_server.py", line 138 in _run_server
  File "C:\hostedtoolcache\windows\Python\3.14.4\x64\Lib\threading.py", line 1024 in run
  File "C:\hostedtoolcache\windows\Python\3.14.4\x64\Lib\threading.py", line 1082 in _bootstrap_inner
  File "C:\hostedtoolcache\windows\Python\3.14.4\x64\Lib\threading.py", line 1044 in _bootstrap

Thread 0x00003f70 [CLIPipeServer] (most recent call first):
  File "D:\a\yasb\yasb\src\core\utils\win32\bindings\kernel32.py", line 288 in ConnectNamedPipe
  File "D:\a\yasb\yasb\src\core\utils\cli_server.py", line 235 in _run_server
  File "C:\hostedtoolcache\windows\Python\3.14.4\x64\Lib\threading.py", line 1024 in run
  File "C:\hostedtoolcache\windows\Python\3.14.4\x64\Lib\threading.py", line 1082 in _bootstrap_inner
  File "C:\hostedtoolcache\windows\Python\3.14.4\x64\Lib\threading.py", line 1044 in _bootstrap

Thread 0x00003f04 (most recent call first):
  File "D:\a\yasb\yasb\venv\Lib\site-packages\qasync\__init__.py", line 404 in run_forever
  File "D:\a\yasb\yasb\venv\Lib\site-packages\qasync\__init__.py", line 428 in run_until_complete
  File "main.py", line 98 in main
  File "main.py", line 188 in <module>
  File "D:\a\yasb\yasb\venv\Lib\site-packages\freeze_core\initscripts\console.py", line 27 in run
  File "D:\a\yasb\yasb\venv\Lib\site-packages\freeze_core\initscripts\__startup__.py", line 137 in run

Current thread's C stack trace (most recent call first):
  <cannot get C stack on this system>
Windows fatal exception: code 0x80010108

Thread 0x000041a8 [SystrayMonitor] (most recent call first):
  File "D:\a\yasb\yasb\src\core\widgets\services\systray\utils.py", line 145 in start_message_loop
  File "D:\a\yasb\yasb\src\core\widgets\services\systray\systray_monitor.py", line 99 in run
  File "D:\a\yasb\yasb\src\core\widgets\yasb\systray.py", line 65 in run

Thread 0x00004134 [asyncio_0] (most recent call first):
  File "C:\hostedtoolcache\windows\Python\3.14.4\x64\Lib\threading.py", line 373 in wait
  File "C:\hostedtoolcache\windows\Python\3.14.4\x64\Lib\threading.py", line 670 in wait
  File "C:\hostedtoolcache\windows\Python\3.14.4\x64\Lib\concurrent\futures\thread.py", line 73 in run
  File "C:\hostedtoolcache\windows\Python\3.14.4\x64\Lib\concurrent\futures\thread.py", line 86 in run
  File "C:\hostedtoolcache\windows\Python\3.14.4\x64\Lib\concurrent\futures\thread.py", line 119 in _worker
  File "C:\hostedtoolcache\windows\Python\3.14.4\x64\Lib\threading.py", line 1024 in run
  File "C:\hostedtoolcache\windows\Python\3.14.4\x64\Lib\threading.py", line 1082 in _bootstrap_inner
  File "C:\hostedtoolcache\windows\Python\3.14.4\x64\Lib\threading.py", line 1044 in _bootstrap

Thread 0x000040e8 [HotkeyListener] (most recent call first):
  File "D:\a\yasb\yasb\src\core\utils\win32\hotkeys.py", line 252 in run

Thread 0x000040f0 [KomorebiEventListener] (most recent call first):
  File "C:\hostedtoolcache\windows\Python\3.14.4\x64\Lib\threading.py", line 373 in wait
  File "C:\hostedtoolcache\windows\Python\3.14.4\x64\Lib\threading.py", line 670 in wait
  File "D:\a\yasb\yasb\src\core\widgets\services\komorebi\event_listener.py", line 75 in run

Thread 0x000040ec [WindowsNotificationEventListener] (most recent call first):
  File "C:\hostedtoolcache\windows\Python\3.14.4\x64\Lib\asyncio\windows_events.py", line 775 in _poll
  File "C:\hostedtoolcache\windows\Python\3.14.4\x64\Lib\asyncio\windows_events.py", line 446 in select
  File "C:\hostedtoolcache\windows\Python\3.14.4\x64\Lib\asyncio\base_events.py", line 2019 in _run_once
  File "C:\hostedtoolcache\windows\Python\3.14.4\x64\Lib\asyncio\base_events.py", line 677 in run_forever
  File "C:\hostedtoolcache\windows\Python\3.14.4\x64\Lib\asyncio\base_events.py", line 706 in run_until_complete
  File "D:\a\yasb\yasb\src\core\widgets\services\notifications\windows_notification.py", line 101 in run

Thread 0x000040f8 [Thread-8] (most recent call first):
  File "C:\hostedtoolcache\windows\Python\3.14.4\x64\Lib\threading.py", line 369 in wait
  File "C:\hostedtoolcache\windows\Python\3.14.4\x64\Lib\queue.py", line 199 in get
  File "D:\a\yasb\yasb\venv\Lib\site-packages\watchdog\observers\api.py", line 379 in dispatch_events
  File "D:\a\yasb\yasb\venv\Lib\site-packages\watchdog\observers\api.py", line 213 in run
  File "C:\hostedtoolcache\windows\Python\3.14.4\x64\Lib\threading.py", line 1082 in _bootstrap_inner
  File "C:\hostedtoolcache\windows\Python\3.14.4\x64\Lib\threading.py", line 1044 in _bootstrap

Thread 0x000040f4 [Thread-9] (most recent call first):
  File "D:\a\yasb\yasb\venv\Lib\site-packages\watchdog\observers\winapi.py", line 326 in read_directory_changes
  File "D:\a\yasb\yasb\venv\Lib\site-packages\watchdog\observers\winapi.py", line 380 in read_events
  File "D:\a\yasb\yasb\venv\Lib\site-packages\watchdog\observers\read_directory_changes.py", line 67 in _read_events
  File "D:\a\yasb\yasb\venv\Lib\site-packages\watchdog\observers\read_directory_changes.py", line 70 in queue_events
  File "D:\a\yasb\yasb\venv\Lib\site-packages\watchdog\observers\api.py", line 158 in run
  File "C:\hostedtoolcache\windows\Python\3.14.4\x64\Lib\threading.py", line 1082 in _bootstrap_inner
  File "C:\hostedtoolcache\windows\Python\3.14.4\x64\Lib\threading.py", line 1044 in _bootstrap

Thread 0x00003f1c [WiFiWorker] (most recent call first):
  File "D:\a\yasb\yasb\src\core\widgets\services\wifi\wifi_managers.py", line 151 in run

Thread 0x00003eb4 [MemoryWorker] (most recent call first):
  File "D:\a\yasb\yasb\src\core\widgets\services\memory\memory_api.py", line 244 in run

Thread 0x00003e8c [CpuWorker] (most recent call first):
  File "D:\a\yasb\yasb\src\core\widgets\services\cpu\cpu_api.py", line 318 in run

Thread 0x00003fb4 [QueryWorker] (most recent call first):
  File "D:\a\yasb\yasb\src\core\widgets\services\quick_launch\workers.py", line 61 in run

Thread 0x00003f84 [_EventWorker] (most recent call first):
  File "D:\a\yasb\yasb\venv\Lib\site-packages\qasync\_windows.py", line 147 in _poll
  File "D:\a\yasb\yasb\venv\Lib\site-packages\qasync\_windows.py", line 72 in select
  File "D:\a\yasb\yasb\venv\Lib\site-packages\qasync\_windows.py", line 199 in run

Thread 0x00003f74 [LogPipeServer] (most recent call first):
  File "D:\a\yasb\yasb\src\core\utils\win32\bindings\kernel32.py", line 288 in ConnectNamedPipe
  File "D:\a\yasb\yasb\src\core\utils\cli_server.py", line 138 in _run_server
  File "C:\hostedtoolcache\windows\Python\3.14.4\x64\Lib\threading.py", line 1024 in run
  File "C:\hostedtoolcache\windows\Python\3.14.4\x64\Lib\threading.py", line 1082 in _bootstrap_inner
  File "C:\hostedtoolcache\windows\Python\3.14.4\x64\Lib\threading.py", line 1044 in _bootstrap

Thread 0x00003f70 [CLIPipeServer] (most recent call first):
  File "D:\a\yasb\yasb\src\core\utils\win32\bindings\kernel32.py", line 288 in ConnectNamedPipe
  File "D:\a\yasb\yasb\src\core\utils\cli_server.py", line 235 in _run_server
  File "C:\hostedtoolcache\windows\Python\3.14.4\x64\Lib\threading.py", line 1024 in run
  File "C:\hostedtoolcache\windows\Python\3.14.4\x64\Lib\threading.py", line 1082 in _bootstrap_inner
  File "C:\hostedtoolcache\windows\Python\3.14.4\x64\Lib\threading.py", line 1044 in _bootstrap

Thread 0x00003f04 (most recent call first):
  File "D:\a\yasb\yasb\venv\Lib\site-packages\qasync\__init__.py", line 404 in run_forever
  File "D:\a\yasb\yasb\venv\Lib\site-packages\qasync\__init__.py", line 428 in run_until_complete
  File "main.py", line 98 in main
  File "main.py", line 188 in <module>
  File "D:\a\yasb\yasb\venv\Lib\site-packages\freeze_core\initscripts\console.py", line 27 in run
  File "D:\a\yasb\yasb\venv\Lib\site-packages\freeze_core\initscripts\__startup__.py", line 137 in run

Current thread's C stack trace (most recent call first):
  <cannot get C stack on this system>
Windows fatal exception: code 0x80010108

Thread 0x000041a8 [SystrayMonitor] (most recent call first):
  File "D:\a\yasb\yasb\src\core\widgets\services\systray\utils.py", line 145 in start_message_loop
  File "D:\a\yasb\yasb\src\core\widgets\services\systray\systray_monitor.py", line 99 in run
  File "D:\a\yasb\yasb\src\core\widgets\yasb\systray.py", line 65 in run

Thread 0x00004134 [asyncio_0] (most recent call first):
  File "C:\hostedtoolcache\windows\Python\3.14.4\x64\Lib\threading.py", line 373 in wait
  File "C:\hostedtoolcache\windows\Python\3.14.4\x64\Lib\threading.py", line 670 in wait
  File "C:\hostedtoolcache\windows\Python\3.14.4\x64\Lib\concurrent\futures\thread.py", line 73 in run
  File "C:\hostedtoolcache\windows\Python\3.14.4\x64\Lib\concurrent\futures\thread.py", line 86 in run
  File "C:\hostedtoolcache\windows\Python\3.14.4\x64\Lib\concurrent\futures\thread.py", line 119 in _worker
  File "C:\hostedtoolcache\windows\Python\3.14.4\x64\Lib\threading.py", line 1024 in run
  File "C:\hostedtoolcache\windows\Python\3.14.4\x64\Lib\threading.py", line 1082 in _bootstrap_inner
  File "C:\hostedtoolcache\windows\Python\3.14.4\x64\Lib\threading.py", line 1044 in _bootstrap

Thread 0x000040e8 [HotkeyListener] (most recent call first):
  File "D:\a\yasb\yasb\src\core\utils\win32\hotkeys.py", line 252 in run

Thread 0x000040f0 [KomorebiEventListener] (most recent call first):
  File "C:\hostedtoolcache\windows\Python\3.14.4\x64\Lib\threading.py", line 373 in wait
  File "C:\hostedtoolcache\windows\Python\3.14.4\x64\Lib\threading.py", line 670 in wait
  File "D:\a\yasb\yasb\src\core\widgets\services\komorebi\event_listener.py", line 75 in run

Thread 0x000040ec [WindowsNotificationEventListener] (most recent call first):
  File "C:\hostedtoolcache\windows\Python\3.14.4\x64\Lib\asyncio\windows_events.py", line 775 in _poll
  File "C:\hostedtoolcache\windows\Python\3.14.4\x64\Lib\asyncio\windows_events.py", line 446 in select
  File "C:\hostedtoolcache\windows\Python\3.14.4\x64\Lib\asyncio\base_events.py", line 2019 in _run_once
  File "C:\hostedtoolcache\windows\Python\3.14.4\x64\Lib\asyncio\base_events.py", line 677 in run_forever
  File "C:\hostedtoolcache\windows\Python\3.14.4\x64\Lib\asyncio\base_events.py", line 706 in run_until_complete
  File "D:\a\yasb\yasb\src\core\widgets\services\notifications\windows_notification.py", line 101 in run

Thread 0x000040f8 [Thread-8] (most recent call first):
  File "C:\hostedtoolcache\windows\Python\3.14.4\x64\Lib\threading.py", line 369 in wait
  File "C:\hostedtoolcache\windows\Python\3.14.4\x64\Lib\queue.py", line 199 in get
  File "D:\a\yasb\yasb\venv\Lib\site-packages\watchdog\observers\api.py", line 379 in dispatch_events
  File "D:\a\yasb\yasb\venv\Lib\site-packages\watchdog\observers\api.py", line 213 in run
  File "C:\hostedtoolcache\windows\Python\3.14.4\x64\Lib\threading.py", line 1082 in _bootstrap_inner
  File "C:\hostedtoolcache\windows\Python\3.14.4\x64\Lib\threading.py", line 1044 in _bootstrap

Thread 0x000040f4 [Thread-9] (most recent call first):
  File "D:\a\yasb\yasb\venv\Lib\site-packages\watchdog\observers\winapi.py", line 326 in read_directory_changes
  File "D:\a\yasb\yasb\venv\Lib\site-packages\watchdog\observers\winapi.py", line 380 in read_events
  File "D:\a\yasb\yasb\venv\Lib\site-packages\watchdog\observers\read_directory_changes.py", line 67 in _read_events
  File "D:\a\yasb\yasb\venv\Lib\site-packages\watchdog\observers\read_directory_changes.py", line 70 in queue_events
  File "D:\a\yasb\yasb\venv\Lib\site-packages\watchdog\observers\api.py", line 158 in run
  File "C:\hostedtoolcache\windows\Python\3.14.4\x64\Lib\threading.py", line 1082 in _bootstrap_inner
  File "C:\hostedtoolcache\windows\Python\3.14.4\x64\Lib\threading.py", line 1044 in _bootstrap

Thread 0x00003f1c [WiFiWorker] (most recent call first):
  File "D:\a\yasb\yasb\src\core\widgets\services\wifi\wifi_managers.py", line 151 in run

Thread 0x00003eb4 [MemoryWorker] (most recent call first):
  File "D:\a\yasb\yasb\src\core\widgets\services\memory\memory_api.py", line 244 in run

Thread 0x00003e8c [CpuWorker] (most recent call first):
  File "D:\a\yasb\yasb\src\core\widgets\services\cpu\cpu_api.py", line 318 in run

Thread 0x00003fb4 [QueryWorker] (most recent call first):
  File "D:\a\yasb\yasb\src\core\widgets\services\quick_launch\workers.py", line 61 in run

Thread 0x00003f84 [_EventWorker] (most recent call first):
  File "D:\a\yasb\yasb\venv\Lib\site-packages\qasync\_windows.py", line 147 in _poll
  File "D:\a\yasb\yasb\venv\Lib\site-packages\qasync\_windows.py", line 72 in select
  File "D:\a\yasb\yasb\venv\Lib\site-packages\qasync\_windows.py", line 199 in run

Thread 0x00003f74 [LogPipeServer] (most recent call first):
  File "D:\a\yasb\yasb\src\core\utils\win32\bindings\kernel32.py", line 288 in ConnectNamedPipe
  File "D:\a\yasb\yasb\src\core\utils\cli_server.py", line 138 in _run_server
  File "C:\hostedtoolcache\windows\Python\3.14.4\x64\Lib\threading.py", line 1024 in run
  File "C:\hostedtoolcache\windows\Python\3.14.4\x64\Lib\threading.py", line 1082 in _bootstrap_inner
  File "C:\hostedtoolcache\windows\Python\3.14.4\x64\Lib\threading.py", line 1044 in _bootstrap

Thread 0x00003f70 [CLIPipeServer] (most recent call first):
  File "D:\a\yasb\yasb\src\core\utils\win32\bindings\kernel32.py", line 288 in ConnectNamedPipe
  File "D:\a\yasb\yasb\src\core\utils\cli_server.py", line 235 in _run_server
  File "C:\hostedtoolcache\windows\Python\3.14.4\x64\Lib\threading.py", line 1024 in run
  File "C:\hostedtoolcache\windows\Python\3.14.4\x64\Lib\threading.py", line 1082 in _bootstrap_inner
  File "C:\hostedtoolcache\windows\Python\3.14.4\x64\Lib\threading.py", line 1044 in _bootstrap

Thread 0x00003f04 (most recent call first):
  File "D:\a\yasb\yasb\venv\Lib\site-packages\qasync\__init__.py", line 404 in run_forever
  File "D:\a\yasb\yasb\venv\Lib\site-packages\qasync\__init__.py", line 428 in run_until_complete
  File "main.py", line 98 in main
  File "main.py", line 188 in <module>
  File "D:\a\yasb\yasb\venv\Lib\site-packages\freeze_core\initscripts\console.py", line 27 in run
  File "D:\a\yasb\yasb\venv\Lib\site-packages\freeze_core\initscripts\__startup__.py", line 137 in run

Current thread's C stack trace (most recent call first):
  <cannot get C stack on this system>
2026-07-11 13:30:44,125 [INFO] [MainThread] [root/api.py:69]: Fetching new weather data at 2026-07-11 13:30:44.125826
2026-07-11 13:40:43,979 [INFO] [MainThread] [root/api.py:69]: Fetching new weather data at 2026-07-11 13:40:43.979901
2026-07-11 13:50:43,994 [INFO] [MainThread] [root/api.py:69]: Fetching new weather data at 2026-07-11 13:50:43.994546
2026-07-11 14:00:43,981 [INFO] [MainThread] [root/api.py:69]: Fetching new weather data at 2026-07-11 14:00:43.981455
2026-07-11 14:10:43,977 [INFO] [MainThread] [root/api.py:69]: Fetching new weather data at 2026-07-11 14:10:43.977899
2026-07-11 14:20:43,971 [INFO] [MainThread] [root/api.py:69]: Fetching new weather data at 2026-07-11 14:20:43.971130
2026-07-11 14:30:43,960 [INFO] [MainThread] [root/api.py:69]: Fetching new weather data at 2026-07-11 14:30:43.960364
2026-07-11 14:40:43,977 [INFO] [MainThread] [root/api.py:69]: Fetching new weather data at 2026-07-11 14:40:43.977823
2026-07-11 14:50:43,981 [INFO] [MainThread] [root/api.py:69]: Fetching new weather data at 2026-07-11 14:50:43.981343
2026-07-11 15:00:44,027 [INFO] [MainThread] [root/api.py:69]: Fetching new weather data at 2026-07-11 15:00:44.027598
2026-07-11 15:10:43,977 [INFO] [MainThread] [root/api.py:69]: Fetching new weather data at 2026-07-11 15:10:43.977908
2026-07-11 15:20:43,985 [INFO] [MainThread] [root/api.py:69]: Fetching new weather data at 2026-07-11 15:20:43.985087
2026-07-11 15:30:43,971 [INFO] [MainThread] [root/api.py:69]: Fetching new weather data at 2026-07-11 15:30:43.971124
2026-07-11 15:40:43,975 [INFO] [MainThread] [root/api.py:69]: Fetching new weather data at 2026-07-11 15:40:43.975097
2026-07-11 15:50:43,981 [INFO] [MainThread] [root/api.py:69]: Fetching new weather data at 2026-07-11 15:50:43.981737
2026-07-11 16:00:43,987 [INFO] [MainThread] [root/api.py:69]: Fetching new weather data at 2026-07-11 16:00:43.987359
2026-07-11 16:10:43,978 [INFO] [MainThread] [root/api.py:69]: Fetching new weather data at 2026-07-11 16:10:43.978676
2026-07-11 16:20:43,976 [INFO] [MainThread] [root/api.py:69]: Fetching new weather data at 2026-07-11 16:20:43.976371
2026-07-11 16:30:43,962 [INFO] [MainThread] [root/api.py:69]: Fetching new weather data at 2026-07-11 16:30:43.962083
2026-07-11 16:40:43,988 [INFO] [MainThread] [root/api.py:69]: Fetching new weather data at 2026-07-11 16:40:43.988731
2026-07-11 16:50:43,987 [INFO] [MainThread] [root/api.py:69]: Fetching new weather data at 2026-07-11 16:50:43.987931
2026-07-11 17:00:43,981 [INFO] [MainThread] [root/api.py:69]: Fetching new weather data at 2026-07-11 17:00:43.981660
2026-07-11 17:10:44,009 [INFO] [MainThread] [root/api.py:69]: Fetching new weather data at 2026-07-11 17:10:44.009043
2026-07-11 17:20:43,971 [INFO] [MainThread] [root/api.py:69]: Fetching new weather data at 2026-07-11 17:20:43.971839
2026-07-11 17:30:43,980 [INFO] [MainThread] [root/api.py:69]: Fetching new weather data at 2026-07-11 17:30:43.980160
2026-07-11 17:40:43,970 [INFO] [MainThread] [root/api.py:69]: Fetching new weather data at 2026-07-11 17:40:43.970770
2026-07-11 17:50:43,973 [INFO] [MainThread] [root/api.py:69]: Fetching new weather data at 2026-07-11 17:50:43.973848
2026-07-11 18:00:43,975 [INFO] [MainThread] [root/api.py:69]: Fetching new weather data at 2026-07-11 18:00:43.974942
2026-07-11 18:10:43,981 [INFO] [MainThread] [root/api.py:69]: Fetching new weather data at 2026-07-11 18:10:43.981762
2026-07-11 18:20:43,964 [INFO] [MainThread] [root/api.py:69]: Fetching new weather data at 2026-07-11 18:20:43.964558
2026-07-11 18:30:45,078 [INFO] [MainThread] [root/api.py:69]: Fetching new weather data at 2026-07-11 18:30:45.078226
2026-07-11 18:40:44,010 [INFO] [MainThread] [root/api.py:69]: Fetching new weather data at 2026-07-11 18:40:44.010427
2026-07-11 18:50:43,966 [INFO] [MainThread] [root/api.py:69]: Fetching new weather data at 2026-07-11 18:50:43.966779
2026-07-11 19:00:43,976 [INFO] [MainThread] [root/api.py:69]: Fetching new weather data at 2026-07-11 19:00:43.976263
2026-07-11 19:10:43,987 [INFO] [MainThread] [root/api.py:69]: Fetching new weather data at 2026-07-11 19:10:43.987299
2026-07-11 19:20:43,986 [INFO] [MainThread] [root/api.py:69]: Fetching new weather data at 2026-07-11 19:20:43.986089
2026-07-11 19:30:43,991 [INFO] [MainThread] [root/api.py:69]: Fetching new weather data at 2026-07-11 19:30:43.991328
2026-07-11 19:40:43,977 [INFO] [MainThread] [root/api.py:69]: Fetching new weather data at 2026-07-11 19:40:43.977258
2026-07-11 19:50:43,971 [INFO] [MainThread] [root/api.py:69]: Fetching new weather data at 2026-07-11 19:50:43.971344
2026-07-11 20:00:43,978 [INFO] [MainThread] [root/api.py:69]: Fetching new weather data at 2026-07-11 20:00:43.978152
2026-07-11 20:10:43,985 [INFO] [MainThread] [root/api.py:69]: Fetching new weather data at 2026-07-11 20:10:43.985037
2026-07-11 20:20:43,987 [INFO] [MainThread] [root/api.py:69]: Fetching new weather data at 2026-07-11 20:20:43.987374
2026-07-11 20:30:43,984 [INFO] [MainThread] [root/api.py:69]: Fetching new weather data at 2026-07-11 20:30:43.984197
Windows fatal exception: code 0x80010108

Thread 0x000041a8 [SystrayMonitor] (most recent call first):
  File "D:\a\yasb\yasb\src\core\widgets\services\systray\utils.py", line 145 in start_message_loop
  File "D:\a\yasb\yasb\src\core\widgets\services\systray\systray_monitor.py", line 99 in run
  File "D:\a\yasb\yasb\src\core\widgets\yasb\systray.py", line 65 in run

Thread 0x00004134 [asyncio_0] (most recent call first):
  File "C:\hostedtoolcache\windows\Python\3.14.4\x64\Lib\threading.py", line 373 in wait
  File "C:\hostedtoolcache\windows\Python\3.14.4\x64\Lib\threading.py", line 670 in wait
  File "C:\hostedtoolcache\windows\Python\3.14.4\x64\Lib\concurrent\futures\thread.py", line 73 in run
  File "C:\hostedtoolcache\windows\Python\3.14.4\x64\Lib\concurrent\futures\thread.py", line 86 in run
  File "C:\hostedtoolcache\windows\Python\3.14.4\x64\Lib\concurrent\futures\thread.py", line 119 in _worker
  File "C:\hostedtoolcache\windows\Python\3.14.4\x64\Lib\threading.py", line 1024 in run
  File "C:\hostedtoolcache\windows\Python\3.14.4\x64\Lib\threading.py", line 1082 in _bootstrap_inner
  File "C:\hostedtoolcache\windows\Python\3.14.4\x64\Lib\threading.py", line 1044 in _bootstrap

Thread 0x000040e8 [HotkeyListener] (most recent call first):
  File "D:\a\yasb\yasb\src\core\utils\win32\hotkeys.py", line 252 in run

Thread 0x000040f0 [KomorebiEventListener] (most recent call first):
  File "C:\hostedtoolcache\windows\Python\3.14.4\x64\Lib\threading.py", line 373 in wait
  File "C:\hostedtoolcache\windows\Python\3.14.4\x64\Lib\threading.py", line 670 in wait
  File "D:\a\yasb\yasb\src\core\widgets\services\komorebi\event_listener.py", line 75 in run

Thread 0x000040ec [WindowsNotificationEventListener] (most recent call first):
  File "C:\hostedtoolcache\windows\Python\3.14.4\x64\Lib\asyncio\windows_events.py", line 775 in _poll
  File "C:\hostedtoolcache\windows\Python\3.14.4\x64\Lib\asyncio\windows_events.py", line 446 in select
  File "C:\hostedtoolcache\windows\Python\3.14.4\x64\Lib\asyncio\base_events.py", line 2019 in _run_once
  File "C:\hostedtoolcache\windows\Python\3.14.4\x64\Lib\asyncio\base_events.py", line 677 in run_forever
  File "C:\hostedtoolcache\windows\Python\3.14.4\x64\Lib\asyncio\base_events.py", line 706 in run_until_complete
  File "D:\a\yasb\yasb\src\core\widgets\services\notifications\windows_notification.py", line 101 in run

Thread 0x000040f8 [Thread-8] (most recent call first):
  File "C:\hostedtoolcache\windows\Python\3.14.4\x64\Lib\threading.py", line 369 in wait
  File "C:\hostedtoolcache\windows\Python\3.14.4\x64\Lib\queue.py", line 199 in get
  File "D:\a\yasb\yasb\venv\Lib\site-packages\watchdog\observers\api.py", line 379 in dispatch_events
  File "D:\a\yasb\yasb\venv\Lib\site-packages\watchdog\observers\api.py", line 213 in run
  File "C:\hostedtoolcache\windows\Python\3.14.4\x64\Lib\threading.py", line 1082 in _bootstrap_inner
  File "C:\hostedtoolcache\windows\Python\3.14.4\x64\Lib\threading.py", line 1044 in _bootstrap

Thread 0x000040f4 [Thread-9] (most recent call first):
  File "D:\a\yasb\yasb\venv\Lib\site-packages\watchdog\observers\winapi.py", line 326 in read_directory_changes
  File "D:\a\yasb\yasb\venv\Lib\site-packages\watchdog\observers\winapi.py", line 380 in read_events
  File "D:\a\yasb\yasb\venv\Lib\site-packages\watchdog\observers\read_directory_changes.py", line 67 in _read_events
  File "D:\a\yasb\yasb\venv\Lib\site-packages\watchdog\observers\read_directory_changes.py", line 70 in queue_events
  File "D:\a\yasb\yasb\venv\Lib\site-packages\watchdog\observers\api.py", line 158 in run
  File "C:\hostedtoolcache\windows\Python\3.14.4\x64\Lib\threading.py", line 1082 in _bootstrap_inner
  File "C:\hostedtoolcache\windows\Python\3.14.4\x64\Lib\threading.py", line 1044 in _bootstrap

Thread 0x00003f1c [WiFiWorker] (most recent call first):
  File "D:\a\yasb\yasb\src\core\widgets\services\wifi\wifi_managers.py", line 151 in run

Thread 0x00003eb4 [MemoryWorker] (most recent call first):
  File "D:\a\yasb\yasb\src\core\widgets\services\memory\memory_api.py", line 244 in run

Thread 0x00003e8c [CpuWorker] (most recent call first):
  File "D:\a\yasb\yasb\src\core\widgets\services\cpu\cpu_api.py", line 318 in run

Thread 0x00003fb4 [QueryWorker] (most recent call first):
  File "D:\a\yasb\yasb\src\core\widgets\services\quick_launch\workers.py", line 61 in run

Thread 0x00003f84 [_EventWorker] (most recent call first):
  File "D:\a\yasb\yasb\venv\Lib\site-packages\qasync\_windows.py", line 147 in _poll
  File "D:\a\yasb\yasb\venv\Lib\site-packages\qasync\_windows.py", line 72 in select
  File "D:\a\yasb\yasb\venv\Lib\site-packages\qasync\_windows.py", line 199 in run

Thread 0x00003f74 [LogPipeServer] (most recent call first):
  File "D:\a\yasb\yasb\src\core\utils\win32\bindings\kernel32.py", line 288 in ConnectNamedPipe
  File "D:\a\yasb\yasb\src\core\utils\cli_server.py", line 138 in _run_server
  File "C:\hostedtoolcache\windows\Python\3.14.4\x64\Lib\threading.py", line 1024 in run
  File "C:\hostedtoolcache\windows\Python\3.14.4\x64\Lib\threading.py", line 1082 in _bootstrap_inner
  File "C:\hostedtoolcache\windows\Python\3.14.4\x64\Lib\threading.py", line 1044 in _bootstrap

Thread 0x00003f70 [CLIPipeServer] (most recent call first):
  File "D:\a\yasb\yasb\src\core\utils\win32\bindings\kernel32.py", line 288 in ConnectNamedPipe
  File "D:\a\yasb\yasb\src\core\utils\cli_server.py", line 235 in _run_server
  File "C:\hostedtoolcache\windows\Python\3.14.4\x64\Lib\threading.py", line 1024 in run
  File "C:\hostedtoolcache\windows\Python\3.14.4\x64\Lib\threading.py", line 1082 in _bootstrap_inner
  File "C:\hostedtoolcache\windows\Python\3.14.4\x64\Lib\threading.py", line 1044 in _bootstrap

Thread 0x00003f04 (most recent call first):
  File "D:\a\yasb\yasb\venv\Lib\site-packages\qasync\__init__.py", line 404 in run_forever
  File "D:\a\yasb\yasb\venv\Lib\site-packages\qasync\__init__.py", line 428 in run_until_complete
  File "main.py", line 98 in main
  File "main.py", line 188 in <module>
  File "D:\a\yasb\yasb\venv\Lib\site-packages\freeze_core\initscripts\console.py", line 27 in run
  File "D:\a\yasb\yasb\venv\Lib\site-packages\freeze_core\initscripts\__startup__.py", line 137 in run

Current thread's C stack trace (most recent call first):
  <cannot get C stack on this system>
Windows fatal exception: code 0x80010108

Thread 0x000041a8 [SystrayMonitor] (most recent call first):
  File "D:\a\yasb\yasb\src\core\widgets\services\systray\utils.py", line 145 in start_message_loop
  File "D:\a\yasb\yasb\src\core\widgets\services\systray\systray_monitor.py", line 99 in run
  File "D:\a\yasb\yasb\src\core\widgets\yasb\systray.py", line 65 in run

Thread 0x00004134 [asyncio_0] (most recent call first):
  File "C:\hostedtoolcache\windows\Python\3.14.4\x64\Lib\threading.py", line 373 in wait
  File "C:\hostedtoolcache\windows\Python\3.14.4\x64\Lib\threading.py", line 670 in wait
  File "C:\hostedtoolcache\windows\Python\3.14.4\x64\Lib\concurrent\futures\thread.py", line 73 in run
  File "C:\hostedtoolcache\windows\Python\3.14.4\x64\Lib\concurrent\futures\thread.py", line 86 in run
  File "C:\hostedtoolcache\windows\Python\3.14.4\x64\Lib\concurrent\futures\thread.py", line 119 in _worker
  File "C:\hostedtoolcache\windows\Python\3.14.4\x64\Lib\threading.py", line 1024 in run
  File "C:\hostedtoolcache\windows\Python\3.14.4\x64\Lib\threading.py", line 1082 in _bootstrap_inner
  File "C:\hostedtoolcache\windows\Python\3.14.4\x64\Lib\threading.py", line 1044 in _bootstrap

Thread 0x000040e8 [HotkeyListener] (most recent call first):
  File "D:\a\yasb\yasb\src\core\utils\win32\hotkeys.py", line 252 in run

Thread 0x000040f0 [KomorebiEventListener] (most recent call first):
  File "C:\hostedtoolcache\windows\Python\3.14.4\x64\Lib\threading.py", line 373 in wait
  File "C:\hostedtoolcache\windows\Python\3.14.4\x64\Lib\threading.py", line 670 in wait
  File "D:\a\yasb\yasb\src\core\widgets\services\komorebi\event_listener.py", line 75 in run

Thread 0x000040ec [WindowsNotificationEventListener] (most recent call first):
  File "C:\hostedtoolcache\windows\Python\3.14.4\x64\Lib\asyncio\windows_events.py", line 775 in _poll
  File "C:\hostedtoolcache\windows\Python\3.14.4\x64\Lib\asyncio\windows_events.py", line 446 in select
  File "C:\hostedtoolcache\windows\Python\3.14.4\x64\Lib\asyncio\base_events.py", line 2019 in _run_once
  File "C:\hostedtoolcache\windows\Python\3.14.4\x64\Lib\asyncio\base_events.py", line 677 in run_forever
  File "C:\hostedtoolcache\windows\Python\3.14.4\x64\Lib\asyncio\base_events.py", line 706 in run_until_complete
  File "D:\a\yasb\yasb\src\core\widgets\services\notifications\windows_notification.py", line 101 in run

Thread 0x000040f8 [Thread-8] (most recent call first):
  File "C:\hostedtoolcache\windows\Python\3.14.4\x64\Lib\threading.py", line 369 in wait
  File "C:\hostedtoolcache\windows\Python\3.14.4\x64\Lib\queue.py", line 199 in get
  File "D:\a\yasb\yasb\venv\Lib\site-packages\watchdog\observers\api.py", line 379 in dispatch_events
  File "D:\a\yasb\yasb\venv\Lib\site-packages\watchdog\observers\api.py", line 213 in run
  File "C:\hostedtoolcache\windows\Python\3.14.4\x64\Lib\threading.py", line 1082 in _bootstrap_inner
  File "C:\hostedtoolcache\windows\Python\3.14.4\x64\Lib\threading.py", line 1044 in _bootstrap

Thread 0x000040f4 [Thread-9] (most recent call first):
  File "D:\a\yasb\yasb\venv\Lib\site-packages\watchdog\observers\winapi.py", line 326 in read_directory_changes
  File "D:\a\yasb\yasb\venv\Lib\site-packages\watchdog\observers\winapi.py", line 380 in read_events
  File "D:\a\yasb\yasb\venv\Lib\site-packages\watchdog\observers\read_directory_changes.py", line 67 in _read_events
  File "D:\a\yasb\yasb\venv\Lib\site-packages\watchdog\observers\read_directory_changes.py", line 70 in queue_events
  File "D:\a\yasb\yasb\venv\Lib\site-packages\watchdog\observers\api.py", line 158 in run
  File "C:\hostedtoolcache\windows\Python\3.14.4\x64\Lib\threading.py", line 1082 in _bootstrap_inner
  File "C:\hostedtoolcache\windows\Python\3.14.4\x64\Lib\threading.py", line 1044 in _bootstrap

Thread 0x00003f1c [WiFiWorker] (most recent call first):
  File "D:\a\yasb\yasb\src\core\widgets\services\wifi\wifi_managers.py", line 151 in run

Thread 0x00003eb4 [MemoryWorker] (most recent call first):
  File "D:\a\yasb\yasb\src\core\widgets\services\memory\memory_api.py", line 244 in run

Thread 0x00003e8c [CpuWorker] (most recent call first):
  File "D:\a\yasb\yasb\src\core\widgets\services\cpu\cpu_api.py", line 318 in run

Thread 0x00003fb4 [QueryWorker] (most recent call first):
  File "D:\a\yasb\yasb\src\core\widgets\services\quick_launch\workers.py", line 61 in run

Thread 0x00003f84 [_EventWorker] (most recent call first):
  File "D:\a\yasb\yasb\venv\Lib\site-packages\qasync\_windows.py", line 147 in _poll
  File "D:\a\yasb\yasb\venv\Lib\site-packages\qasync\_windows.py", line 72 in select
  File "D:\a\yasb\yasb\venv\Lib\site-packages\qasync\_windows.py", line 199 in run

Thread 0x00003f74 [LogPipeServer] (most recent call first):
  File "D:\a\yasb\yasb\src\core\utils\win32\bindings\kernel32.py", line 288 in ConnectNamedPipe
  File "D:\a\yasb\yasb\src\core\utils\cli_server.py", line 138 in _run_server
  File "C:\hostedtoolcache\windows\Python\3.14.4\x64\Lib\threading.py", line 1024 in run
  File "C:\hostedtoolcache\windows\Python\3.14.4\x64\Lib\threading.py", line 1082 in _bootstrap_inner
  File "C:\hostedtoolcache\windows\Python\3.14.4\x64\Lib\threading.py", line 1044 in _bootstrap

Thread 0x00003f70 [CLIPipeServer] (most recent call first):
  File "D:\a\yasb\yasb\src\core\utils\win32\bindings\kernel32.py", line 288 in ConnectNamedPipe
  File "D:\a\yasb\yasb\src\core\utils\cli_server.py", line 235 in _run_server
  File "C:\hostedtoolcache\windows\Python\3.14.4\x64\Lib\threading.py", line 1024 in run
  File "C:\hostedtoolcache\windows\Python\3.14.4\x64\Lib\threading.py", line 1082 in _bootstrap_inner
  File "C:\hostedtoolcache\windows\Python\3.14.4\x64\Lib\threading.py", line 1044 in _bootstrap

Thread 0x00003f04 (most recent call first):
  File "D:\a\yasb\yasb\venv\Lib\site-packages\qasync\__init__.py", line 404 in run_forever
  File "D:\a\yasb\yasb\venv\Lib\site-packages\qasync\__init__.py", line 428 in run_until_complete
  File "main.py", line 98 in main
  File "main.py", line 188 in <module>
  File "D:\a\yasb\yasb\venv\Lib\site-packages\freeze_core\initscripts\console.py", line 27 in run
  File "D:\a\yasb\yasb\venv\Lib\site-packages\freeze_core\initscripts\__startup__.py", line 137 in run

Current thread's C stack trace (most recent call first):
  <cannot get C stack on this system>
Windows fatal exception: code 0x80010108

Thread 0x000041a8 [SystrayMonitor] (most recent call first):
  File "D:\a\yasb\yasb\src\core\widgets\services\systray\utils.py", line 145 in start_message_loop
  File "D:\a\yasb\yasb\src\core\widgets\services\systray\systray_monitor.py", line 99 in run
  File "D:\a\yasb\yasb\src\core\widgets\yasb\systray.py", line 65 in run

Thread 0x00004134 [asyncio_0] (most recent call first):
  File "C:\hostedtoolcache\windows\Python\3.14.4\x64\Lib\threading.py", line 373 in wait
  File "C:\hostedtoolcache\windows\Python\3.14.4\x64\Lib\threading.py", line 670 in wait
  File "C:\hostedtoolcache\windows\Python\3.14.4\x64\Lib\concurrent\futures\thread.py", line 73 in run
  File "C:\hostedtoolcache\windows\Python\3.14.4\x64\Lib\concurrent\futures\thread.py", line 86 in run
  File "C:\hostedtoolcache\windows\Python\3.14.4\x64\Lib\concurrent\futures\thread.py", line 119 in _worker
  File "C:\hostedtoolcache\windows\Python\3.14.4\x64\Lib\threading.py", line 1024 in run
  File "C:\hostedtoolcache\windows\Python\3.14.4\x64\Lib\threading.py", line 1082 in _bootstrap_inner
  File "C:\hostedtoolcache\windows\Python\3.14.4\x64\Lib\threading.py", line 1044 in _bootstrap

Thread 0x000040e8 [HotkeyListener] (most recent call first):
  File "D:\a\yasb\yasb\src\core\utils\win32\hotkeys.py", line 252 in run

Thread 0x000040f0 [KomorebiEventListener] (most recent call first):
  File "C:\hostedtoolcache\windows\Python\3.14.4\x64\Lib\threading.py", line 373 in wait
  File "C:\hostedtoolcache\windows\Python\3.14.4\x64\Lib\threading.py", line 670 in wait
  File "D:\a\yasb\yasb\src\core\widgets\services\komorebi\event_listener.py", line 75 in run

Thread 0x000040ec [WindowsNotificationEventListener] (most recent call first):
  File "C:\hostedtoolcache\windows\Python\3.14.4\x64\Lib\asyncio\windows_events.py", line 775 in _poll
  File "C:\hostedtoolcache\windows\Python\3.14.4\x64\Lib\asyncio\windows_events.py", line 446 in select
  File "C:\hostedtoolcache\windows\Python\3.14.4\x64\Lib\asyncio\base_events.py", line 2019 in _run_once
  File "C:\hostedtoolcache\windows\Python\3.14.4\x64\Lib\asyncio\base_events.py", line 677 in run_forever
  File "C:\hostedtoolcache\windows\Python\3.14.4\x64\Lib\asyncio\base_events.py", line 706 in run_until_complete
  File "D:\a\yasb\yasb\src\core\widgets\services\notifications\windows_notification.py", line 101 in run

Thread 0x000040f8 [Thread-8] (most recent call first):
  File "C:\hostedtoolcache\windows\Python\3.14.4\x64\Lib\threading.py", line 369 in wait
  File "C:\hostedtoolcache\windows\Python\3.14.4\x64\Lib\queue.py", line 199 in get
  File "D:\a\yasb\yasb\venv\Lib\site-packages\watchdog\observers\api.py", line 379 in dispatch_events
  File "D:\a\yasb\yasb\venv\Lib\site-packages\watchdog\observers\api.py", line 213 in run
  File "C:\hostedtoolcache\windows\Python\3.14.4\x64\Lib\threading.py", line 1082 in _bootstrap_inner
  File "C:\hostedtoolcache\windows\Python\3.14.4\x64\Lib\threading.py", line 1044 in _bootstrap

Thread 0x000040f4 [Thread-9] (most recent call first):
  File "D:\a\yasb\yasb\venv\Lib\site-packages\watchdog\observers\winapi.py", line 326 in read_directory_changes
  File "D:\a\yasb\yasb\venv\Lib\site-packages\watchdog\observers\winapi.py", line 380 in read_events
  File "D:\a\yasb\yasb\venv\Lib\site-packages\watchdog\observers\read_directory_changes.py", line 67 in _read_events
  File "D:\a\yasb\yasb\venv\Lib\site-packages\watchdog\observers\read_directory_changes.py", line 70 in queue_events
  File "D:\a\yasb\yasb\venv\Lib\site-packages\watchdog\observers\api.py", line 158 in run
  File "C:\hostedtoolcache\windows\Python\3.14.4\x64\Lib\threading.py", line 1082 in _bootstrap_inner
  File "C:\hostedtoolcache\windows\Python\3.14.4\x64\Lib\threading.py", line 1044 in _bootstrap

Thread 0x00003f1c [WiFiWorker] (most recent call first):
  File "D:\a\yasb\yasb\src\core\widgets\services\wifi\wifi_managers.py", line 151 in run

Thread 0x00003eb4 [MemoryWorker] (most recent call first):
  File "D:\a\yasb\yasb\src\core\widgets\services\memory\memory_api.py", line 244 in run

Thread 0x00003e8c [CpuWorker] (most recent call first):
  File "D:\a\yasb\yasb\src\core\widgets\services\cpu\cpu_api.py", line 318 in run

Thread 0x00003fb4 [QueryWorker] (most recent call first):
  File "D:\a\yasb\yasb\src\core\widgets\services\quick_launch\workers.py", line 61 in run

Thread 0x00003f84 [_EventWorker] (most recent call first):
  File "D:\a\yasb\yasb\venv\Lib\site-packages\qasync\_windows.py", line 147 in _poll
  File "D:\a\yasb\yasb\venv\Lib\site-packages\qasync\_windows.py", line 72 in select
  File "D:\a\yasb\yasb\venv\Lib\site-packages\qasync\_windows.py", line 199 in run

Thread 0x00003f74 [LogPipeServer] (most recent call first):
  File "D:\a\yasb\yasb\src\core\utils\win32\bindings\kernel32.py", line 288 in ConnectNamedPipe
  File "D:\a\yasb\yasb\src\core\utils\cli_server.py", line 138 in _run_server
  File "C:\hostedtoolcache\windows\Python\3.14.4\x64\Lib\threading.py", line 1024 in run
  File "C:\hostedtoolcache\windows\Python\3.14.4\x64\Lib\threading.py", line 1082 in _bootstrap_inner
  File "C:\hostedtoolcache\windows\Python\3.14.4\x64\Lib\threading.py", line 1044 in _bootstrap

Thread 0x00003f70 [CLIPipeServer] (most recent call first):
  File "D:\a\yasb\yasb\src\core\utils\win32\bindings\kernel32.py", line 288 in ConnectNamedPipe
  File "D:\a\yasb\yasb\src\core\utils\cli_server.py", line 235 in _run_server
  File "C:\hostedtoolcache\windows\Python\3.14.4\x64\Lib\threading.py", line 1024 in run
  File "C:\hostedtoolcache\windows\Python\3.14.4\x64\Lib\threading.py", line 1082 in _bootstrap_inner
  File "C:\hostedtoolcache\windows\Python\3.14.4\x64\Lib\threading.py", line 1044 in _bootstrap

Thread 0x00003f04 (most recent call first):
  File "D:\a\yasb\yasb\venv\Lib\site-packages\qasync\__init__.py", line 404 in run_forever
  File "D:\a\yasb\yasb\venv\Lib\site-packages\qasync\__init__.py", line 428 in run_until_complete
  File "main.py", line 98 in main
  File "main.py", line 188 in <module>
  File "D:\a\yasb\yasb\venv\Lib\site-packages\freeze_core\initscripts\console.py", line 27 in run
  File "D:\a\yasb\yasb\venv\Lib\site-packages\freeze_core\initscripts\__startup__.py", line 137 in run

Current thread's C stack trace (most recent call first):
  <cannot get C stack on this system>
2026-07-11 20:33:55,183 [INFO] [MainThread] [root/service.py:212]: Quick Launch rebuilding app list after install/uninstall detected
2026-07-11 20:34:05,693 [INFO] [MainThread] [root/service.py:212]: Quick Launch rebuilding app list after install/uninstall detected
2026-07-11 20:38:25,611 [INFO] [MainThread] [root/service.py:212]: Quick Launch rebuilding app list after install/uninstall detected
2026-07-11 20:40:43,961 [INFO] [MainThread] [root/api.py:69]: Fetching new weather data at 2026-07-11 20:40:43.961740
2026-07-11 20:50:28,883 [INFO] [MainThread] [root/service.py:212]: Quick Launch rebuilding app list after install/uninstall detected
Windows fatal exception: code 0x80010108

Thread 0x0000240c [Thread-34 (_readerthread)] (most recent call first):
  File "C:\hostedtoolcache\windows\Python\3.14.4\x64\Lib\subprocess.py", line 1614 in _readerthread
  File "C:\hostedtoolcache\windows\Python\3.14.4\x64\Lib\threading.py", line 1024 in run
  File "C:\hostedtoolcache\windows\Python\3.14.4\x64\Lib\threading.py", line 1082 in _bootstrap_inner
  File "C:\hostedtoolcache\windows\Python\3.14.4\x64\Lib\threading.py", line 1044 in _bootstrap

Thread 0x000020a8 [Thread-32 (_readerthread)] (most recent call first):
  File "C:\hostedtoolcache\windows\Python\3.14.4\x64\Lib\subprocess.py", line 1614 in _readerthread
  File "C:\hostedtoolcache\windows\Python\3.14.4\x64\Lib\threading.py", line 1024 in run
  File "C:\hostedtoolcache\windows\Python\3.14.4\x64\Lib\threading.py", line 1082 in _bootstrap_inner
  File "C:\hostedtoolcache\windows\Python\3.14.4\x64\Lib\threading.py", line 1044 in _bootstrap

Thread 0x00000858 [AppListLoader] (most recent call first):
  File "C:\hostedtoolcache\windows\Python\3.14.4\x64\Lib\threading.py", line 1133 in join
  File "C:\hostedtoolcache\windows\Python\3.14.4\x64\Lib\subprocess.py", line 1662 in _communicate
  File "C:\hostedtoolcache\windows\Python\3.14.4\x64\Lib\subprocess.py", line 1221 in communicate
  File "C:\hostedtoolcache\windows\Python\3.14.4\x64\Lib\subprocess.py", line 557 in run
  File "D:\a\yasb\yasb\src\core\utils\win32\app_loader.py", line 161 in run

Thread 0x000041a8 [SystrayMonitor] (most recent call first):
  File "D:\a\yasb\yasb\src\core\widgets\services\systray\utils.py", line 145 in start_message_loop
  File "D:\a\yasb\yasb\src\core\widgets\services\systray\systray_monitor.py", line 99 in run
  File "D:\a\yasb\yasb\src\core\widgets\yasb\systray.py", line 65 in run

Thread 0x00004134 [asyncio_0] (most recent call first):
  File "C:\hostedtoolcache\windows\Python\3.14.4\x64\Lib\threading.py", line 373 in wait
  File "C:\hostedtoolcache\windows\Python\3.14.4\x64\Lib\threading.py", line 670 in wait
  File "C:\hostedtoolcache\windows\Python\3.14.4\x64\Lib\concurrent\futures\thread.py", line 73 in run
  File "C:\hostedtoolcache\windows\Python\3.14.4\x64\Lib\concurrent\futures\thread.py", line 86 in run
  File "C:\hostedtoolcache\windows\Python\3.14.4\x64\Lib\concurrent\futures\thread.py", line 119 in _worker
  File "C:\hostedtoolcache\windows\Python\3.14.4\x64\Lib\threading.py", line 1024 in run
  File "C:\hostedtoolcache\windows\Python\3.14.4\x64\Lib\threading.py", line 1082 in _bootstrap_inner
  File "C:\hostedtoolcache\windows\Python\3.14.4\x64\Lib\threading.py", line 1044 in _bootstrap

Thread 0x000040e8 [HotkeyListener] (most recent call first):
  File "D:\a\yasb\yasb\src\core\utils\win32\hotkeys.py", line 252 in run

Thread 0x000040f0 [KomorebiEventListener] (most recent call first):
  File "C:\hostedtoolcache\windows\Python\3.14.4\x64\Lib\threading.py", line 373 in wait
  File "C:\hostedtoolcache\windows\Python\3.14.4\x64\Lib\threading.py", line 670 in wait
  File "D:\a\yasb\yasb\src\core\widgets\services\komorebi\event_listener.py", line 75 in run

Thread 0x000040ec [WindowsNotificationEventListener] (most recent call first):
  File "C:\hostedtoolcache\windows\Python\3.14.4\x64\Lib\asyncio\windows_events.py", line 775 in _poll
  File "C:\hostedtoolcache\windows\Python\3.14.4\x64\Lib\asyncio\windows_events.py", line 446 in select
  File "C:\hostedtoolcache\windows\Python\3.14.4\x64\Lib\asyncio\base_events.py", line 2019 in _run_once
  File "C:\hostedtoolcache\windows\Python\3.14.4\x64\Lib\asyncio\base_events.py", line 677 in run_forever
  File "C:\hostedtoolcache\windows\Python\3.14.4\x64\Lib\asyncio\base_events.py", line 706 in run_until_complete
  File "D:\a\yasb\yasb\src\core\widgets\services\notifications\windows_notification.py", line 101 in run

Thread 0x000040f8 [Thread-8] (most recent call first):
  File "C:\hostedtoolcache\windows\Python\3.14.4\x64\Lib\threading.py", line 369 in wait
  File "C:\hostedtoolcache\windows\Python\3.14.4\x64\Lib\queue.py", line 199 in get
  File "D:\a\yasb\yasb\venv\Lib\site-packages\watchdog\observers\api.py", line 379 in dispatch_events
  File "D:\a\yasb\yasb\venv\Lib\site-packages\watchdog\observers\api.py", line 213 in run
  File "C:\hostedtoolcache\windows\Python\3.14.4\x64\Lib\threading.py", line 1082 in _bootstrap_inner
  File "C:\hostedtoolcache\windows\Python\3.14.4\x64\Lib\threading.py", line 1044 in _bootstrap

Thread 0x000040f4 [Thread-9] (most recent call first):
  File "D:\a\yasb\yasb\venv\Lib\site-packages\watchdog\observers\winapi.py", line 326 in read_directory_changes
  File "D:\a\yasb\yasb\venv\Lib\site-packages\watchdog\observers\winapi.py", line 380 in read_events
  File "D:\a\yasb\yasb\venv\Lib\site-packages\watchdog\observers\read_directory_changes.py", line 67 in _read_events
  File "D:\a\yasb\yasb\venv\Lib\site-packages\watchdog\observers\read_directory_changes.py", line 70 in queue_events
  File "D:\a\yasb\yasb\venv\Lib\site-packages\watchdog\observers\api.py", line 158 in run
  File "C:\hostedtoolcache\windows\Python\3.14.4\x64\Lib\threading.py", line 1082 in _bootstrap_inner
  File "C:\hostedtoolcache\windows\Python\3.14.4\x64\Lib\threading.py", line 1044 in _bootstrap

Thread 0x00003f1c [WiFiWorker] (most recent call first):
  File "D:\a\yasb\yasb\src\core\widgets\services\wifi\wifi_managers.py", line 151 in run

Thread 0x00003eb4 [MemoryWorker] (most recent call first):
  File "D:\a\yasb\yasb\src\core\widgets\services\memory\memory_api.py", line 244 in run

Thread 0x00003e8c [CpuWorker] (most recent call first):
  File "D:\a\yasb\yasb\src\core\widgets\services\cpu\cpu_api.py", line 318 in run

Thread 0x00003fb4 [QueryWorker] (most recent call first):
  File "D:\a\yasb\yasb\src\core\widgets\services\quick_launch\workers.py", line 61 in run

Thread 0x00003f84 [_EventWorker] (most recent call first):
  File "D:\a\yasb\yasb\venv\Lib\site-packages\qasync\_windows.py", line 147 in _poll
  File "D:\a\yasb\yasb\venv\Lib\site-packages\qasync\_windows.py", line 72 in select
  File "D:\a\yasb\yasb\venv\Lib\site-packages\qasync\_windows.py", line 199 in run

Thread 0x00003f74 [LogPipeServer] (most recent call first):
  File "D:\a\yasb\yasb\src\core\utils\win32\bindings\kernel32.py", line 288 in ConnectNamedPipe
  File "D:\a\yasb\yasb\src\core\utils\cli_server.py", line 138 in _run_server
  File "C:\hostedtoolcache\windows\Python\3.14.4\x64\Lib\threading.py", line 1024 in run
  File "C:\hostedtoolcache\windows\Python\3.14.4\x64\Lib\threading.py", line 1082 in _bootstrap_inner
  File "C:\hostedtoolcache\windows\Python\3.14.4\x64\Lib\threading.py", line 1044 in _bootstrap

Thread 0x00003f70 [CLIPipeServer] (most recent call first):
  File "D:\a\yasb\yasb\src\core\utils\win32\bindings\kernel32.py", line 288 in ConnectNamedPipe
  File "D:\a\yasb\yasb\src\core\utils\cli_server.py", line 235 in _run_server
  File "C:\hostedtoolcache\windows\Python\3.14.4\x64\Lib\threading.py", line 1024 in run
  File "C:\hostedtoolcache\windows\Python\3.14.4\x64\Lib\threading.py", line 1082 in _bootstrap_inner
  File "C:\hostedtoolcache\windows\Python\3.14.4\x64\Lib\threading.py", line 1044 in _bootstrap

Thread 0x00003f04 (most recent call first):
  File "D:\a\yasb\yasb\venv\Lib\site-packages\qasync\__init__.py", line 404 in run_forever
  File "D:\a\yasb\yasb\venv\Lib\site-packages\qasync\__init__.py", line 428 in run_until_complete
  File "main.py", line 98 in main
  File "main.py", line 188 in <module>
  File "D:\a\yasb\yasb\venv\Lib\site-packages\freeze_core\initscripts\console.py", line 27 in run
  File "D:\a\yasb\yasb\venv\Lib\site-packages\freeze_core\initscripts\__startup__.py", line 137 in run

Current thread's C stack trace (most recent call first):
  <cannot get C stack on this system>
Windows fatal exception: code 0x80010108

Thread 0x0000240c [Thread-34 (_readerthread)] (most recent call first):
  File "C:\hostedtoolcache\windows\Python\3.14.4\x64\Lib\subprocess.py", line 1614 in _readerthread
  File "C:\hostedtoolcache\windows\Python\3.14.4\x64\Lib\threading.py", line 1024 in run
  File "C:\hostedtoolcache\windows\Python\3.14.4\x64\Lib\threading.py", line 1082 in _bootstrap_inner
  File "C:\hostedtoolcache\windows\Python\3.14.4\x64\Lib\threading.py", line 1044 in _bootstrap

Thread 0x000020a8 [Thread-32 (_readerthread)] (most recent call first):
  File "C:\hostedtoolcache\windows\Python\3.14.4\x64\Lib\subprocess.py", line 1614 in _readerthread
  File "C:\hostedtoolcache\windows\Python\3.14.4\x64\Lib\threading.py", line 1024 in run
  File "C:\hostedtoolcache\windows\Python\3.14.4\x64\Lib\threading.py", line 1082 in _bootstrap_inner
  File "C:\hostedtoolcache\windows\Python\3.14.4\x64\Lib\threading.py", line 1044 in _bootstrap

Thread 0x00000858 [AppListLoader] (most recent call first):
  File "C:\hostedtoolcache\windows\Python\3.14.4\x64\Lib\threading.py", line 1133 in join
  File "C:\hostedtoolcache\windows\Python\3.14.4\x64\Lib\subprocess.py", line 1662 in _communicate
  File "C:\hostedtoolcache\windows\Python\3.14.4\x64\Lib\subprocess.py", line 1221 in communicate
  File "C:\hostedtoolcache\windows\Python\3.14.4\x64\Lib\subprocess.py", line 557 in run
  File "D:\a\yasb\yasb\src\core\utils\win32\app_loader.py", line 161 in run

Thread 0x000041a8 [SystrayMonitor] (most recent call first):
  File "D:\a\yasb\yasb\src\core\widgets\services\systray\utils.py", line 145 in start_message_loop
  File "D:\a\yasb\yasb\src\core\widgets\services\systray\systray_monitor.py", line 99 in run
  File "D:\a\yasb\yasb\src\core\widgets\yasb\systray.py", line 65 in run

Thread 0x00004134 [asyncio_0] (most recent call first):
  File "C:\hostedtoolcache\windows\Python\3.14.4\x64\Lib\threading.py", line 373 in wait
  File "C:\hostedtoolcache\windows\Python\3.14.4\x64\Lib\threading.py", line 670 in wait
  File "C:\hostedtoolcache\windows\Python\3.14.4\x64\Lib\concurrent\futures\thread.py", line 73 in run
  File "C:\hostedtoolcache\windows\Python\3.14.4\x64\Lib\concurrent\futures\thread.py", line 86 in run
  File "C:\hostedtoolcache\windows\Python\3.14.4\x64\Lib\concurrent\futures\thread.py", line 119 in _worker
  File "C:\hostedtoolcache\windows\Python\3.14.4\x64\Lib\threading.py", line 1024 in run
  File "C:\hostedtoolcache\windows\Python\3.14.4\x64\Lib\threading.py", line 1082 in _bootstrap_inner
  File "C:\hostedtoolcache\windows\Python\3.14.4\x64\Lib\threading.py", line 1044 in _bootstrap

Thread 0x000040e8 [HotkeyListener] (most recent call first):
  File "D:\a\yasb\yasb\src\core\utils\win32\hotkeys.py", line 252 in run

Thread 0x000040f0 [KomorebiEventListener] (most recent call first):
  File "C:\hostedtoolcache\windows\Python\3.14.4\x64\Lib\threading.py", line 373 in wait
  File "C:\hostedtoolcache\windows\Python\3.14.4\x64\Lib\threading.py", line 670 in wait
  File "D:\a\yasb\yasb\src\core\widgets\services\komorebi\event_listener.py", line 75 in run

Thread 0x000040ec [WindowsNotificationEventListener] (most recent call first):
  File "C:\hostedtoolcache\windows\Python\3.14.4\x64\Lib\asyncio\windows_events.py", line 775 in _poll
  File "C:\hostedtoolcache\windows\Python\3.14.4\x64\Lib\asyncio\windows_events.py", line 446 in select
  File "C:\hostedtoolcache\windows\Python\3.14.4\x64\Lib\asyncio\base_events.py", line 2019 in _run_once
  File "C:\hostedtoolcache\windows\Python\3.14.4\x64\Lib\asyncio\base_events.py", line 677 in run_forever
  File "C:\hostedtoolcache\windows\Python\3.14.4\x64\Lib\asyncio\base_events.py", line 706 in run_until_complete
  File "D:\a\yasb\yasb\src\core\widgets\services\notifications\windows_notification.py", line 101 in run

Thread 0x000040f8 [Thread-8] (most recent call first):
  File "C:\hostedtoolcache\windows\Python\3.14.4\x64\Lib\threading.py", line 369 in wait
  File "C:\hostedtoolcache\windows\Python\3.14.4\x64\Lib\queue.py", line 199 in get
  File "D:\a\yasb\yasb\venv\Lib\site-packages\watchdog\observers\api.py", line 379 in dispatch_events
  File "D:\a\yasb\yasb\venv\Lib\site-packages\watchdog\observers\api.py", line 213 in run
  File "C:\hostedtoolcache\windows\Python\3.14.4\x64\Lib\threading.py", line 1082 in _bootstrap_inner
  File "C:\hostedtoolcache\windows\Python\3.14.4\x64\Lib\threading.py", line 1044 in _bootstrap

Thread 0x000040f4 [Thread-9] (most recent call first):
  File "D:\a\yasb\yasb\venv\Lib\site-packages\watchdog\observers\winapi.py", line 326 in read_directory_changes
  File "D:\a\yasb\yasb\venv\Lib\site-packages\watchdog\observers\winapi.py", line 380 in read_events
  File "D:\a\yasb\yasb\venv\Lib\site-packages\watchdog\observers\read_directory_changes.py", line 67 in _read_events
  File "D:\a\yasb\yasb\venv\Lib\site-packages\watchdog\observers\read_directory_changes.py", line 70 in queue_events
  File "D:\a\yasb\yasb\venv\Lib\site-packages\watchdog\observers\api.py", line 158 in run
  File "C:\hostedtoolcache\windows\Python\3.14.4\x64\Lib\threading.py", line 1082 in _bootstrap_inner
  File "C:\hostedtoolcache\windows\Python\3.14.4\x64\Lib\threading.py", line 1044 in _bootstrap

Thread 0x00003f1c [WiFiWorker] (most recent call first):
  File "D:\a\yasb\yasb\src\core\widgets\services\wifi\wifi_managers.py", line 151 in run

Thread 0x00003eb4 [MemoryWorker] (most recent call first):
  File "D:\a\yasb\yasb\src\core\widgets\services\memory\memory_api.py", line 244 in run

Thread 0x00003e8c [CpuWorker] (most recent call first):
  File "D:\a\yasb\yasb\src\core\widgets\services\cpu\cpu_api.py", line 318 in run

Thread 0x00003fb4 [QueryWorker] (most recent call first):
  File "D:\a\yasb\yasb\src\core\widgets\services\quick_launch\workers.py", line 61 in run

Thread 0x00003f84 [_EventWorker] (most recent call first):
  File "D:\a\yasb\yasb\venv\Lib\site-packages\qasync\_windows.py", line 147 in _poll
  File "D:\a\yasb\yasb\venv\Lib\site-packages\qasync\_windows.py", line 72 in select
  File "D:\a\yasb\yasb\venv\Lib\site-packages\qasync\_windows.py", line 199 in run

Thread 0x00003f74 [LogPipeServer] (most recent call first):
  File "D:\a\yasb\yasb\src\core\utils\win32\bindings\kernel32.py", line 288 in ConnectNamedPipe
  File "D:\a\yasb\yasb\src\core\utils\cli_server.py", line 138 in _run_server
  File "C:\hostedtoolcache\windows\Python\3.14.4\x64\Lib\threading.py", line 1024 in run
  File "C:\hostedtoolcache\windows\Python\3.14.4\x64\Lib\threading.py", line 1082 in _bootstrap_inner
  File "C:\hostedtoolcache\windows\Python\3.14.4\x64\Lib\threading.py", line 1044 in _bootstrap

Thread 0x00003f70 [CLIPipeServer] (most recent call first):
  File "D:\a\yasb\yasb\src\core\utils\win32\bindings\kernel32.py", line 288 in ConnectNamedPipe
  File "D:\a\yasb\yasb\src\core\utils\cli_server.py", line 235 in _run_server
  File "C:\hostedtoolcache\windows\Python\3.14.4\x64\Lib\threading.py", line 1024 in run
  File "C:\hostedtoolcache\windows\Python\3.14.4\x64\Lib\threading.py", line 1082 in _bootstrap_inner
  File "C:\hostedtoolcache\windows\Python\3.14.4\x64\Lib\threading.py", line 1044 in _bootstrap

Thread 0x00003f04 (most recent call first):
  File "D:\a\yasb\yasb\venv\Lib\site-packages\qasync\__init__.py", line 404 in run_forever
  File "D:\a\yasb\yasb\venv\Lib\site-packages\qasync\__init__.py", line 428 in run_until_complete
  File "main.py", line 98 in main
  File "main.py", line 188 in <module>
  File "D:\a\yasb\yasb\venv\Lib\site-packages\freeze_core\initscripts\console.py", line 27 in run
  File "D:\a\yasb\yasb\venv\Lib\site-packages\freeze_core\initscripts\__startup__.py", line 137 in run

Current thread's C stack trace (most recent call first):
  <cannot get C stack on this system>
Windows fatal exception: code 0x80010108

Thread 0x0000240c [Thread-34 (_readerthread)] (most recent call first):
  File "C:\hostedtoolcache\windows\Python\3.14.4\x64\Lib\subprocess.py", line 1614 in _readerthread
  File "C:\hostedtoolcache\windows\Python\3.14.4\x64\Lib\threading.py", line 1024 in run
  File "C:\hostedtoolcache\windows\Python\3.14.4\x64\Lib\threading.py", line 1082 in _bootstrap_inner
  File "C:\hostedtoolcache\windows\Python\3.14.4\x64\Lib\threading.py", line 1044 in _bootstrap

Thread 0x000020a8 [Thread-32 (_readerthread)] (most recent call first):
  File "C:\hostedtoolcache\windows\Python\3.14.4\x64\Lib\subprocess.py", line 1614 in _readerthread
  File "C:\hostedtoolcache\windows\Python\3.14.4\x64\Lib\threading.py", line 1024 in run
  File "C:\hostedtoolcache\windows\Python\3.14.4\x64\Lib\threading.py", line 1082 in _bootstrap_inner
  File "C:\hostedtoolcache\windows\Python\3.14.4\x64\Lib\threading.py", line 1044 in _bootstrap

Thread 0x00000858 [AppListLoader] (most recent call first):
  File "C:\hostedtoolcache\windows\Python\3.14.4\x64\Lib\threading.py", line 1133 in join
  File "C:\hostedtoolcache\windows\Python\3.14.4\x64\Lib\subprocess.py", line 1662 in _communicate
  File "C:\hostedtoolcache\windows\Python\3.14.4\x64\Lib\subprocess.py", line 1221 in communicate
  File "C:\hostedtoolcache\windows\Python\3.14.4\x64\Lib\subprocess.py", line 557 in run
  File "D:\a\yasb\yasb\src\core\utils\win32\app_loader.py", line 161 in run

Thread 0x000041a8 [SystrayMonitor] (most recent call first):
  File "D:\a\yasb\yasb\src\core\widgets\services\systray\utils.py", line 145 in start_message_loop
  File "D:\a\yasb\yasb\src\core\widgets\services\systray\systray_monitor.py", line 99 in run
  File "D:\a\yasb\yasb\src\core\widgets\yasb\systray.py", line 65 in run

Thread 0x00004134 [asyncio_0] (most recent call first):
  File "C:\hostedtoolcache\windows\Python\3.14.4\x64\Lib\threading.py", line 373 in wait
  File "C:\hostedtoolcache\windows\Python\3.14.4\x64\Lib\threading.py", line 670 in wait
  File "C:\hostedtoolcache\windows\Python\3.14.4\x64\Lib\concurrent\futures\thread.py", line 73 in run
  File "C:\hostedtoolcache\windows\Python\3.14.4\x64\Lib\concurrent\futures\thread.py", line 86 in run
  File "C:\hostedtoolcache\windows\Python\3.14.4\x64\Lib\concurrent\futures\thread.py", line 119 in _worker
  File "C:\hostedtoolcache\windows\Python\3.14.4\x64\Lib\threading.py", line 1024 in run
  File "C:\hostedtoolcache\windows\Python\3.14.4\x64\Lib\threading.py", line 1082 in _bootstrap_inner
  File "C:\hostedtoolcache\windows\Python\3.14.4\x64\Lib\threading.py", line 1044 in _bootstrap

Thread 0x000040e8 [HotkeyListener] (most recent call first):
  File "D:\a\yasb\yasb\src\core\utils\win32\hotkeys.py", line 252 in run

Thread 0x000040f0 [KomorebiEventListener] (most recent call first):
  File "C:\hostedtoolcache\windows\Python\3.14.4\x64\Lib\threading.py", line 373 in wait
  File "C:\hostedtoolcache\windows\Python\3.14.4\x64\Lib\threading.py", line 670 in wait
  File "D:\a\yasb\yasb\src\core\widgets\services\komorebi\event_listener.py", line 75 in run

Thread 0x000040ec [WindowsNotificationEventListener] (most recent call first):
  File "C:\hostedtoolcache\windows\Python\3.14.4\x64\Lib\asyncio\windows_events.py", line 775 in _poll
  File "C:\hostedtoolcache\windows\Python\3.14.4\x64\Lib\asyncio\windows_events.py", line 446 in select
  File "C:\hostedtoolcache\windows\Python\3.14.4\x64\Lib\asyncio\base_events.py", line 2019 in _run_once
  File "C:\hostedtoolcache\windows\Python\3.14.4\x64\Lib\asyncio\base_events.py", line 677 in run_forever
  File "C:\hostedtoolcache\windows\Python\3.14.4\x64\Lib\asyncio\base_events.py", line 706 in run_until_complete
  File "D:\a\yasb\yasb\src\core\widgets\services\notifications\windows_notification.py", line 101 in run

Thread 0x000040f8 [Thread-8] (most recent call first):
  File "C:\hostedtoolcache\windows\Python\3.14.4\x64\Lib\threading.py", line 369 in wait
  File "C:\hostedtoolcache\windows\Python\3.14.4\x64\Lib\queue.py", line 199 in get
  File "D:\a\yasb\yasb\venv\Lib\site-packages\watchdog\observers\api.py", line 379 in dispatch_events
  File "D:\a\yasb\yasb\venv\Lib\site-packages\watchdog\observers\api.py", line 213 in run
  File "C:\hostedtoolcache\windows\Python\3.14.4\x64\Lib\threading.py", line 1082 in _bootstrap_inner
  File "C:\hostedtoolcache\windows\Python\3.14.4\x64\Lib\threading.py", line 1044 in _bootstrap

Thread 0x000040f4 [Thread-9] (most recent call first):
  File "D:\a\yasb\yasb\venv\Lib\site-packages\watchdog\observers\winapi.py", line 326 in read_directory_changes
  File "D:\a\yasb\yasb\venv\Lib\site-packages\watchdog\observers\winapi.py", line 380 in read_events
  File "D:\a\yasb\yasb\venv\Lib\site-packages\watchdog\observers\read_directory_changes.py", line 67 in _read_events
  File "D:\a\yasb\yasb\venv\Lib\site-packages\watchdog\observers\read_directory_changes.py", line 70 in queue_events
  File "D:\a\yasb\yasb\venv\Lib\site-packages\watchdog\observers\api.py", line 158 in run
  File "C:\hostedtoolcache\windows\Python\3.14.4\x64\Lib\threading.py", line 1082 in _bootstrap_inner
  File "C:\hostedtoolcache\windows\Python\3.14.4\x64\Lib\threading.py", line 1044 in _bootstrap

Thread 0x00003f1c [WiFiWorker] (most recent call first):
  File "D:\a\yasb\yasb\src\core\widgets\services\wifi\wifi_managers.py", line 151 in run

Thread 0x00003eb4 [MemoryWorker] (most recent call first):
  File "D:\a\yasb\yasb\src\core\widgets\services\memory\memory_api.py", line 244 in run

Thread 0x00003e8c [CpuWorker] (most recent call first):
  File "D:\a\yasb\yasb\src\core\widgets\services\cpu\cpu_api.py", line 318 in run

Thread 0x00003fb4 [QueryWorker] (most recent call first):
  File "D:\a\yasb\yasb\src\core\widgets\services\quick_launch\workers.py", line 61 in run

Thread 0x00003f84 [_EventWorker] (most recent call first):
  File "D:\a\yasb\yasb\venv\Lib\site-packages\qasync\_windows.py", line 147 in _poll
  File "D:\a\yasb\yasb\venv\Lib\site-packages\qasync\_windows.py", line 72 in select
  File "D:\a\yasb\yasb\venv\Lib\site-packages\qasync\_windows.py", line 199 in run

Thread 0x00003f74 [LogPipeServer] (most recent call first):
  File "D:\a\yasb\yasb\src\core\utils\win32\bindings\kernel32.py", line 288 in ConnectNamedPipe
  File "D:\a\yasb\yasb\src\core\utils\cli_server.py", line 138 in _run_server
  File "C:\hostedtoolcache\windows\Python\3.14.4\x64\Lib\threading.py", line 1024 in run
  File "C:\hostedtoolcache\windows\Python\3.14.4\x64\Lib\threading.py", line 1082 in _bootstrap_inner
  File "C:\hostedtoolcache\windows\Python\3.14.4\x64\Lib\threading.py", line 1044 in _bootstrap

Thread 0x00003f70 [CLIPipeServer] (most recent call first):
  File "D:\a\yasb\yasb\src\core\utils\win32\bindings\kernel32.py", line 288 in ConnectNamedPipe
  File "D:\a\yasb\yasb\src\core\utils\cli_server.py", line 235 in _run_server
  File "C:\hostedtoolcache\windows\Python\3.14.4\x64\Lib\threading.py", line 1024 in run
  File "C:\hostedtoolcache\windows\Python\3.14.4\x64\Lib\threading.py", line 1082 in _bootstrap_inner
  File "C:\hostedtoolcache\windows\Python\3.14.4\x64\Lib\threading.py", line 1044 in _bootstrap

Thread 0x00003f04 (most recent call first):
  File "D:\a\yasb\yasb\venv\Lib\site-packages\qasync\__init__.py", line 404 in run_forever
  File "D:\a\yasb\yasb\venv\Lib\site-packages\qasync\__init__.py", line 428 in run_until_complete
  File "main.py", line 98 in main
  File "main.py", line 188 in <module>
  File "D:\a\yasb\yasb\venv\Lib\site-packages\freeze_core\initscripts\console.py", line 27 in run
  File "D:\a\yasb\yasb\venv\Lib\site-packages\freeze_core\initscripts\__startup__.py", line 137 in run

Current thread's C stack trace (most recent call first):
  <cannot get C stack on this system>
2026-07-11 20:50:43,971 [INFO] [MainThread] [root/api.py:69]: Fetching new weather data at 2026-07-11 20:50:43.971945
2026-07-11 21:00:43,943 [INFO] [MainThread] [root/api.py:69]: Fetching new weather data at 2026-07-11 21:00:43.943927
2026-07-11 21:10:43,993 [INFO] [MainThread] [root/api.py:69]: Fetching new weather data at 2026-07-11 21:10:43.993006
2026-07-11 21:20:44,070 [INFO] [MainThread] [root/api.py:69]: Fetching new weather data at 2026-07-11 21:20:44.070340
2026-07-11 21:30:43,965 [INFO] [MainThread] [root/api.py:69]: Fetching new weather data at 2026-07-11 21:30:43.965334
2026-07-11 21:40:43,992 [INFO] [MainThread] [root/api.py:69]: Fetching new weather data at 2026-07-11 21:40:43.992108
2026-07-11 21:50:43,988 [INFO] [MainThread] [root/api.py:69]: Fetching new weather data at 2026-07-11 21:50:43.988066
2026-07-11 22:00:44,044 [INFO] [MainThread] [root/api.py:69]: Fetching new weather data at 2026-07-11 22:00:44.044074
2026-07-11 22:10:43,993 [INFO] [MainThread] [root/api.py:69]: Fetching new weather data at 2026-07-11 22:10:43.993839
2026-07-11 22:20:43,977 [INFO] [MainThread] [root/api.py:69]: Fetching new weather data at 2026-07-11 22:20:43.977099
2026-07-11 22:30:43,976 [INFO] [MainThread] [root/api.py:69]: Fetching new weather data at 2026-07-11 22:30:43.976436
2026-07-11 22:40:43,998 [INFO] [MainThread] [root/api.py:69]: Fetching new weather data at 2026-07-11 22:40:43.998159
2026-07-11 22:50:43,980 [INFO] [MainThread] [root/api.py:69]: Fetching new weather data at 2026-07-11 22:50:43.980578
2026-07-11 23:00:44,166 [INFO] [MainThread] [root/api.py:69]: Fetching new weather data at 2026-07-11 23:00:44.166919
2026-07-11 23:10:44,151 [INFO] [MainThread] [root/api.py:69]: Fetching new weather data at 2026-07-11 23:10:44.151691
Windows fatal exception: code 0x80010108

Thread 0x000041a8 [SystrayMonitor] (most recent call first):
  File "D:\a\yasb\yasb\src\core\widgets\services\systray\utils.py", line 145 in start_message_loop
  File "D:\a\yasb\yasb\src\core\widgets\services\systray\systray_monitor.py", line 99 in run
  File "D:\a\yasb\yasb\src\core\widgets\yasb\systray.py", line 65 in run

Thread 0x00004134 [asyncio_0] (most recent call first):
  File "C:\hostedtoolcache\windows\Python\3.14.4\x64\Lib\threading.py", line 373 in wait
  File "C:\hostedtoolcache\windows\Python\3.14.4\x64\Lib\threading.py", line 670 in wait
  File "C:\hostedtoolcache\windows\Python\3.14.4\x64\Lib\concurrent\futures\thread.py", line 73 in run
  File "C:\hostedtoolcache\windows\Python\3.14.4\x64\Lib\concurrent\futures\thread.py", line 86 in run
  File "C:\hostedtoolcache\windows\Python\3.14.4\x64\Lib\concurrent\futures\thread.py", line 119 in _worker
  File "C:\hostedtoolcache\windows\Python\3.14.4\x64\Lib\threading.py", line 1024 in run
  File "C:\hostedtoolcache\windows\Python\3.14.4\x64\Lib\threading.py", line 1082 in _bootstrap_inner
  File "C:\hostedtoolcache\windows\Python\3.14.4\x64\Lib\threading.py", line 1044 in _bootstrap

Thread 0x000040e8 [HotkeyListener] (most recent call first):
  File "D:\a\yasb\yasb\src\core\utils\win32\hotkeys.py", line 252 in run

Thread 0x000040f0 [KomorebiEventListener] (most recent call first):
  File "C:\hostedtoolcache\windows\Python\3.14.4\x64\Lib\threading.py", line 373 in wait
  File "C:\hostedtoolcache\windows\Python\3.14.4\x64\Lib\threading.py", line 670 in wait
  File "D:\a\yasb\yasb\src\core\widgets\services\komorebi\event_listener.py", line 75 in run

Thread 0x000040ec [WindowsNotificationEventListener] (most recent call first):
  File "C:\hostedtoolcache\windows\Python\3.14.4\x64\Lib\asyncio\windows_events.py", line 775 in _poll
  File "C:\hostedtoolcache\windows\Python\3.14.4\x64\Lib\asyncio\windows_events.py", line 446 in select
  File "C:\hostedtoolcache\windows\Python\3.14.4\x64\Lib\asyncio\base_events.py", line 2019 in _run_once
  File "C:\hostedtoolcache\windows\Python\3.14.4\x64\Lib\asyncio\base_events.py", line 677 in run_forever
  File "C:\hostedtoolcache\windows\Python\3.14.4\x64\Lib\asyncio\base_events.py", line 706 in run_until_complete
  File "D:\a\yasb\yasb\src\core\widgets\services\notifications\windows_notification.py", line 101 in run

Thread 0x000040f8 [Thread-8] (most recent call first):
  File "C:\hostedtoolcache\windows\Python\3.14.4\x64\Lib\threading.py", line 369 in wait
  File "C:\hostedtoolcache\windows\Python\3.14.4\x64\Lib\queue.py", line 199 in get
  File "D:\a\yasb\yasb\venv\Lib\site-packages\watchdog\observers\api.py", line 379 in dispatch_events
  File "D:\a\yasb\yasb\venv\Lib\site-packages\watchdog\observers\api.py", line 213 in run
  File "C:\hostedtoolcache\windows\Python\3.14.4\x64\Lib\threading.py", line 1082 in _bootstrap_inner
  File "C:\hostedtoolcache\windows\Python\3.14.4\x64\Lib\threading.py", line 1044 in _bootstrap

Thread 0x000040f4 [Thread-9] (most recent call first):
  File "D:\a\yasb\yasb\venv\Lib\site-packages\watchdog\observers\winapi.py", line 326 in read_directory_changes
  File "D:\a\yasb\yasb\venv\Lib\site-packages\watchdog\observers\winapi.py", line 380 in read_events
  File "D:\a\yasb\yasb\venv\Lib\site-packages\watchdog\observers\read_directory_changes.py", line 67 in _read_events
  File "D:\a\yasb\yasb\venv\Lib\site-packages\watchdog\observers\read_directory_changes.py", line 70 in queue_events
  File "D:\a\yasb\yasb\venv\Lib\site-packages\watchdog\observers\api.py", line 158 in run
  File "C:\hostedtoolcache\windows\Python\3.14.4\x64\Lib\threading.py", line 1082 in _bootstrap_inner
  File "C:\hostedtoolcache\windows\Python\3.14.4\x64\Lib\threading.py", line 1044 in _bootstrap

Thread 0x00003f1c [WiFiWorker] (most recent call first):
  File "D:\a\yasb\yasb\src\core\widgets\services\wifi\wifi_managers.py", line 151 in run

Thread 0x00003eb4 [MemoryWorker] (most recent call first):
  File "D:\a\yasb\yasb\src\core\widgets\services\memory\memory_api.py", line 244 in run

Thread 0x00003e8c [CpuWorker] (most recent call first):
  File "D:\a\yasb\yasb\src\core\widgets\services\cpu\cpu_api.py", line 318 in run

Thread 0x00003fb4 [QueryWorker] (most recent call first):
  File "D:\a\yasb\yasb\src\core\widgets\services\quick_launch\workers.py", line 61 in run

Thread 0x00003f84 [_EventWorker] (most recent call first):
  File "D:\a\yasb\yasb\venv\Lib\site-packages\qasync\_windows.py", line 147 in _poll
  File "D:\a\yasb\yasb\venv\Lib\site-packages\qasync\_windows.py", line 72 in select
  File "D:\a\yasb\yasb\venv\Lib\site-packages\qasync\_windows.py", line 199 in run

Thread 0x00003f74 [LogPipeServer] (most recent call first):
  File "D:\a\yasb\yasb\src\core\utils\win32\bindings\kernel32.py", line 288 in ConnectNamedPipe
  File "D:\a\yasb\yasb\src\core\utils\cli_server.py", line 138 in _run_server
  File "C:\hostedtoolcache\windows\Python\3.14.4\x64\Lib\threading.py", line 1024 in run
  File "C:\hostedtoolcache\windows\Python\3.14.4\x64\Lib\threading.py", line 1082 in _bootstrap_inner
  File "C:\hostedtoolcache\windows\Python\3.14.4\x64\Lib\threading.py", line 1044 in _bootstrap

Thread 0x00003f70 [CLIPipeServer] (most recent call first):
  File "D:\a\yasb\yasb\src\core\utils\win32\bindings\kernel32.py", line 288 in ConnectNamedPipe
  File "D:\a\yasb\yasb\src\core\utils\cli_server.py", line 235 in _run_server
  File "C:\hostedtoolcache\windows\Python\3.14.4\x64\Lib\threading.py", line 1024 in run
  File "C:\hostedtoolcache\windows\Python\3.14.4\x64\Lib\threading.py", line 1082 in _bootstrap_inner
  File "C:\hostedtoolcache\windows\Python\3.14.4\x64\Lib\threading.py", line 1044 in _bootstrap

Thread 0x00003f04 (most recent call first):
  File "D:\a\yasb\yasb\venv\Lib\site-packages\qasync\__init__.py", line 404 in run_forever
  File "D:\a\yasb\yasb\venv\Lib\site-packages\qasync\__init__.py", line 428 in run_until_complete
  File "main.py", line 98 in main
  File "main.py", line 188 in <module>
  File "D:\a\yasb\yasb\venv\Lib\site-packages\freeze_core\initscripts\console.py", line 27 in run
  File "D:\a\yasb\yasb\venv\Lib\site-packages\freeze_core\initscripts\__startup__.py", line 137 in run

Current thread's C stack trace (most recent call first):
  <cannot get C stack on this system>
Windows fatal exception: code 0x80010108

Thread 0x000041a8 [SystrayMonitor] (most recent call first):
  File "D:\a\yasb\yasb\src\core\widgets\services\systray\utils.py", line 145 in start_message_loop
  File "D:\a\yasb\yasb\src\core\widgets\services\systray\systray_monitor.py", line 99 in run
  File "D:\a\yasb\yasb\src\core\widgets\yasb\systray.py", line 65 in run

Thread 0x00004134 [asyncio_0] (most recent call first):
  File "C:\hostedtoolcache\windows\Python\3.14.4\x64\Lib\threading.py", line 373 in wait
  File "C:\hostedtoolcache\windows\Python\3.14.4\x64\Lib\threading.py", line 670 in wait
  File "C:\hostedtoolcache\windows\Python\3.14.4\x64\Lib\concurrent\futures\thread.py", line 73 in run
  File "C:\hostedtoolcache\windows\Python\3.14.4\x64\Lib\concurrent\futures\thread.py", line 86 in run
  File "C:\hostedtoolcache\windows\Python\3.14.4\x64\Lib\concurrent\futures\thread.py", line 119 in _worker
  File "C:\hostedtoolcache\windows\Python\3.14.4\x64\Lib\threading.py", line 1024 in run
  File "C:\hostedtoolcache\windows\Python\3.14.4\x64\Lib\threading.py", line 1082 in _bootstrap_inner
  File "C:\hostedtoolcache\windows\Python\3.14.4\x64\Lib\threading.py", line 1044 in _bootstrap

Thread 0x000040e8 [HotkeyListener] (most recent call first):
  File "D:\a\yasb\yasb\src\core\utils\win32\hotkeys.py", line 252 in run

Thread 0x000040f0 [KomorebiEventListener] (most recent call first):
  File "C:\hostedtoolcache\windows\Python\3.14.4\x64\Lib\threading.py", line 373 in wait
  File "C:\hostedtoolcache\windows\Python\3.14.4\x64\Lib\threading.py", line 670 in wait
  File "D:\a\yasb\yasb\src\core\widgets\services\komorebi\event_listener.py", line 75 in run

Thread 0x000040ec [WindowsNotificationEventListener] (most recent call first):
  File "C:\hostedtoolcache\windows\Python\3.14.4\x64\Lib\asyncio\windows_events.py", line 775 in _poll
  File "C:\hostedtoolcache\windows\Python\3.14.4\x64\Lib\asyncio\windows_events.py", line 446 in select
  File "C:\hostedtoolcache\windows\Python\3.14.4\x64\Lib\asyncio\base_events.py", line 2019 in _run_once
  File "C:\hostedtoolcache\windows\Python\3.14.4\x64\Lib\asyncio\base_events.py", line 677 in run_forever
  File "C:\hostedtoolcache\windows\Python\3.14.4\x64\Lib\asyncio\base_events.py", line 706 in run_until_complete
  File "D:\a\yasb\yasb\src\core\widgets\services\notifications\windows_notification.py", line 101 in run

Thread 0x000040f8 [Thread-8] (most recent call first):
  File "C:\hostedtoolcache\windows\Python\3.14.4\x64\Lib\threading.py", line 369 in wait
  File "C:\hostedtoolcache\windows\Python\3.14.4\x64\Lib\queue.py", line 199 in get
  File "D:\a\yasb\yasb\venv\Lib\site-packages\watchdog\observers\api.py", line 379 in dispatch_events
  File "D:\a\yasb\yasb\venv\Lib\site-packages\watchdog\observers\api.py", line 213 in run
  File "C:\hostedtoolcache\windows\Python\3.14.4\x64\Lib\threading.py", line 1082 in _bootstrap_inner
  File "C:\hostedtoolcache\windows\Python\3.14.4\x64\Lib\threading.py", line 1044 in _bootstrap

Thread 0x000040f4 [Thread-9] (most recent call first):
  File "D:\a\yasb\yasb\venv\Lib\site-packages\watchdog\observers\winapi.py", line 326 in read_directory_changes
  File "D:\a\yasb\yasb\venv\Lib\site-packages\watchdog\observers\winapi.py", line 380 in read_events
  File "D:\a\yasb\yasb\venv\Lib\site-packages\watchdog\observers\read_directory_changes.py", line 67 in _read_events
  File "D:\a\yasb\yasb\venv\Lib\site-packages\watchdog\observers\read_directory_changes.py", line 70 in queue_events
  File "D:\a\yasb\yasb\venv\Lib\site-packages\watchdog\observers\api.py", line 158 in run
  File "C:\hostedtoolcache\windows\Python\3.14.4\x64\Lib\threading.py", line 1082 in _bootstrap_inner
  File "C:\hostedtoolcache\windows\Python\3.14.4\x64\Lib\threading.py", line 1044 in _bootstrap

Thread 0x00003f1c [WiFiWorker] (most recent call first):
  File "D:\a\yasb\yasb\src\core\widgets\services\wifi\wifi_managers.py", line 151 in run

Thread 0x00003eb4 [MemoryWorker] (most recent call first):
  File "D:\a\yasb\yasb\src\core\widgets\services\memory\memory_api.py", line 244 in run

Thread 0x00003e8c [CpuWorker] (most recent call first):
  File "D:\a\yasb\yasb\src\core\widgets\services\cpu\cpu_api.py", line 318 in run

Thread 0x00003fb4 [QueryWorker] (most recent call first):
  File "D:\a\yasb\yasb\src\core\widgets\services\quick_launch\workers.py", line 61 in run

Thread 0x00003f84 [_EventWorker] (most recent call first):
  File "D:\a\yasb\yasb\venv\Lib\site-packages\qasync\_windows.py", line 147 in _poll
  File "D:\a\yasb\yasb\venv\Lib\site-packages\qasync\_windows.py", line 72 in select
  File "D:\a\yasb\yasb\venv\Lib\site-packages\qasync\_windows.py", line 199 in run

Thread 0x00003f74 [LogPipeServer] (most recent call first):
  File "D:\a\yasb\yasb\src\core\utils\win32\bindings\kernel32.py", line 288 in ConnectNamedPipe
  File "D:\a\yasb\yasb\src\core\utils\cli_server.py", line 138 in _run_server
  File "C:\hostedtoolcache\windows\Python\3.14.4\x64\Lib\threading.py", line 1024 in run
  File "C:\hostedtoolcache\windows\Python\3.14.4\x64\Lib\threading.py", line 1082 in _bootstrap_inner
  File "C:\hostedtoolcache\windows\Python\3.14.4\x64\Lib\threading.py", line 1044 in _bootstrap

Thread 0x00003f70 [CLIPipeServer] (most recent call first):
  File "D:\a\yasb\yasb\src\core\utils\win32\bindings\kernel32.py", line 288 in ConnectNamedPipe
  File "D:\a\yasb\yasb\src\core\utils\cli_server.py", line 235 in _run_server
  File "C:\hostedtoolcache\windows\Python\3.14.4\x64\Lib\threading.py", line 1024 in run
  File "C:\hostedtoolcache\windows\Python\3.14.4\x64\Lib\threading.py", line 1082 in _bootstrap_inner
  File "C:\hostedtoolcache\windows\Python\3.14.4\x64\Lib\threading.py", line 1044 in _bootstrap

Thread 0x00003f04 (most recent call first):
  File "D:\a\yasb\yasb\venv\Lib\site-packages\qasync\__init__.py", line 404 in run_forever
  File "D:\a\yasb\yasb\venv\Lib\site-packages\qasync\__init__.py", line 428 in run_until_complete
  File "main.py", line 98 in main
  File "main.py", line 188 in <module>
  File "D:\a\yasb\yasb\venv\Lib\site-packages\freeze_core\initscripts\console.py", line 27 in run
  File "D:\a\yasb\yasb\venv\Lib\site-packages\freeze_core\initscripts\__startup__.py", line 137 in run

Current thread's C stack trace (most recent call first):
  <cannot get C stack on this system>
Windows fatal exception: code 0x80010108

Thread 0x000041a8 [SystrayMonitor] (most recent call first):
  File "D:\a\yasb\yasb\src\core\widgets\services\systray\utils.py", line 145 in start_message_loop
  File "D:\a\yasb\yasb\src\core\widgets\services\systray\systray_monitor.py", line 99 in run
  File "D:\a\yasb\yasb\src\core\widgets\yasb\systray.py", line 65 in run

Thread 0x00004134 [asyncio_0] (most recent call first):
  File "C:\hostedtoolcache\windows\Python\3.14.4\x64\Lib\threading.py", line 373 in wait
  File "C:\hostedtoolcache\windows\Python\3.14.4\x64\Lib\threading.py", line 670 in wait
  File "C:\hostedtoolcache\windows\Python\3.14.4\x64\Lib\concurrent\futures\thread.py", line 73 in run
  File "C:\hostedtoolcache\windows\Python\3.14.4\x64\Lib\concurrent\futures\thread.py", line 86 in run
  File "C:\hostedtoolcache\windows\Python\3.14.4\x64\Lib\concurrent\futures\thread.py", line 119 in _worker
  File "C:\hostedtoolcache\windows\Python\3.14.4\x64\Lib\threading.py", line 1024 in run
  File "C:\hostedtoolcache\windows\Python\3.14.4\x64\Lib\threading.py", line 1082 in _bootstrap_inner
  File "C:\hostedtoolcache\windows\Python\3.14.4\x64\Lib\threading.py", line 1044 in _bootstrap

Thread 0x000040e8 [HotkeyListener] (most recent call first):
  File "D:\a\yasb\yasb\src\core\utils\win32\hotkeys.py", line 252 in run

Thread 0x000040f0 [KomorebiEventListener] (most recent call first):
  File "C:\hostedtoolcache\windows\Python\3.14.4\x64\Lib\threading.py", line 373 in wait
  File "C:\hostedtoolcache\windows\Python\3.14.4\x64\Lib\threading.py", line 670 in wait
  File "D:\a\yasb\yasb\src\core\widgets\services\komorebi\event_listener.py", line 75 in run

Thread 0x000040ec [WindowsNotificationEventListener] (most recent call first):
  File "C:\hostedtoolcache\windows\Python\3.14.4\x64\Lib\asyncio\windows_events.py", line 775 in _poll
  File "C:\hostedtoolcache\windows\Python\3.14.4\x64\Lib\asyncio\windows_events.py", line 446 in select
  File "C:\hostedtoolcache\windows\Python\3.14.4\x64\Lib\asyncio\base_events.py", line 2019 in _run_once
  File "C:\hostedtoolcache\windows\Python\3.14.4\x64\Lib\asyncio\base_events.py", line 677 in run_forever
  File "C:\hostedtoolcache\windows\Python\3.14.4\x64\Lib\asyncio\base_events.py", line 706 in run_until_complete
  File "D:\a\yasb\yasb\src\core\widgets\services\notifications\windows_notification.py", line 101 in run

Thread 0x000040f8 [Thread-8] (most recent call first):
  File "C:\hostedtoolcache\windows\Python\3.14.4\x64\Lib\threading.py", line 369 in wait
  File "C:\hostedtoolcache\windows\Python\3.14.4\x64\Lib\queue.py", line 199 in get
  File "D:\a\yasb\yasb\venv\Lib\site-packages\watchdog\observers\api.py", line 379 in dispatch_events
  File "D:\a\yasb\yasb\venv\Lib\site-packages\watchdog\observers\api.py", line 213 in run
  File "C:\hostedtoolcache\windows\Python\3.14.4\x64\Lib\threading.py", line 1082 in _bootstrap_inner
  File "C:\hostedtoolcache\windows\Python\3.14.4\x64\Lib\threading.py", line 1044 in _bootstrap

Thread 0x000040f4 [Thread-9] (most recent call first):
  File "D:\a\yasb\yasb\venv\Lib\site-packages\watchdog\observers\winapi.py", line 326 in read_directory_changes
  File "D:\a\yasb\yasb\venv\Lib\site-packages\watchdog\observers\winapi.py", line 380 in read_events
  File "D:\a\yasb\yasb\venv\Lib\site-packages\watchdog\observers\read_directory_changes.py", line 67 in _read_events
  File "D:\a\yasb\yasb\venv\Lib\site-packages\watchdog\observers\read_directory_changes.py", line 70 in queue_events
  File "D:\a\yasb\yasb\venv\Lib\site-packages\watchdog\observers\api.py", line 158 in run
  File "C:\hostedtoolcache\windows\Python\3.14.4\x64\Lib\threading.py", line 1082 in _bootstrap_inner
  File "C:\hostedtoolcache\windows\Python\3.14.4\x64\Lib\threading.py", line 1044 in _bootstrap

Thread 0x00003f1c [WiFiWorker] (most recent call first):
  File "D:\a\yasb\yasb\src\core\widgets\services\wifi\wifi_managers.py", line 151 in run

Thread 0x00003eb4 [MemoryWorker] (most recent call first):
  File "D:\a\yasb\yasb\src\core\widgets\services\memory\memory_api.py", line 244 in run

Thread 0x00003e8c [CpuWorker] (most recent call first):
  File "D:\a\yasb\yasb\src\core\widgets\services\cpu\cpu_api.py", line 318 in run

Thread 0x00003fb4 [QueryWorker] (most recent call first):
  File "D:\a\yasb\yasb\src\core\widgets\services\quick_launch\workers.py", line 61 in run

Thread 0x00003f84 [_EventWorker] (most recent call first):
  File "D:\a\yasb\yasb\venv\Lib\site-packages\qasync\_windows.py", line 147 in _poll
  File "D:\a\yasb\yasb\venv\Lib\site-packages\qasync\_windows.py", line 72 in select
  File "D:\a\yasb\yasb\venv\Lib\site-packages\qasync\_windows.py", line 199 in run

Thread 0x00003f74 [LogPipeServer] (most recent call first):
  File "D:\a\yasb\yasb\src\core\utils\win32\bindings\kernel32.py", line 288 in ConnectNamedPipe
  File "D:\a\yasb\yasb\src\core\utils\cli_server.py", line 138 in _run_server
  File "C:\hostedtoolcache\windows\Python\3.14.4\x64\Lib\threading.py", line 1024 in run
  File "C:\hostedtoolcache\windows\Python\3.14.4\x64\Lib\threading.py", line 1082 in _bootstrap_inner
  File "C:\hostedtoolcache\windows\Python\3.14.4\x64\Lib\threading.py", line 1044 in _bootstrap

Thread 0x00003f70 [CLIPipeServer] (most recent call first):
  File "D:\a\yasb\yasb\src\core\utils\win32\bindings\kernel32.py", line 288 in ConnectNamedPipe
  File "D:\a\yasb\yasb\src\core\utils\cli_server.py", line 235 in _run_server
  File "C:\hostedtoolcache\windows\Python\3.14.4\x64\Lib\threading.py", line 1024 in run
  File "C:\hostedtoolcache\windows\Python\3.14.4\x64\Lib\threading.py", line 1082 in _bootstrap_inner
  File "C:\hostedtoolcache\windows\Python\3.14.4\x64\Lib\threading.py", line 1044 in _bootstrap

Thread 0x00003f04 (most recent call first):
  File "D:\a\yasb\yasb\venv\Lib\site-packages\qasync\__init__.py", line 404 in run_forever
  File "D:\a\yasb\yasb\venv\Lib\site-packages\qasync\__init__.py", line 428 in run_until_complete
  File "main.py", line 98 in main
  File "main.py", line 188 in <module>
  File "D:\a\yasb\yasb\venv\Lib\site-packages\freeze_core\initscripts\console.py", line 27 in run
  File "D:\a\yasb\yasb\venv\Lib\site-packages\freeze_core\initscripts\__startup__.py", line 137 in run

Current thread's C stack trace (most recent call first):
  <cannot get C stack on this system>
2026-07-11 23:20:44,506 [INFO] [MainThread] [root/api.py:69]: Fetching new weather data at 2026-07-11 23:20:44.506401
2026-07-11 23:30:44,145 [INFO] [MainThread] [root/api.py:69]: Fetching new weather data at 2026-07-11 23:30:44.145750
2026-07-11 23:40:44,142 [INFO] [MainThread] [root/api.py:69]: Fetching new weather data at 2026-07-11 23:40:44.142903
2026-07-11 23:50:44,125 [INFO] [MainThread] [root/api.py:69]: Fetching new weather data at 2026-07-11 23:50:44.125070
2026-07-12 00:00:44,129 [INFO] [MainThread] [root/api.py:69]: Fetching new weather data at 2026-07-12 00:00:44.129716
2026-07-12 00:10:44,136 [INFO] [MainThread] [root/api.py:69]: Fetching new weather data at 2026-07-12 00:10:44.136000
2026-07-12 00:20:44,138 [INFO] [MainThread] [root/api.py:69]: Fetching new weather data at 2026-07-12 00:20:44.138008
2026-07-12 00:30:44,158 [INFO] [MainThread] [root/api.py:69]: Fetching new weather data at 2026-07-12 00:30:44.158708
2026-07-12 00:40:44,150 [INFO] [MainThread] [root/api.py:69]: Fetching new weather data at 2026-07-12 00:40:44.150912
2026-07-12 00:50:44,155 [INFO] [MainThread] [root/api.py:69]: Fetching new weather data at 2026-07-12 00:50:44.155716
2026-07-12 01:00:44,189 [INFO] [MainThread] [root/api.py:69]: Fetching new weather data at 2026-07-12 01:00:44.189829
2026-07-12 01:10:44,142 [INFO] [MainThread] [root/api.py:69]: Fetching new weather data at 2026-07-12 01:10:44.142706
2026-07-12 01:20:44,177 [INFO] [MainThread] [root/api.py:69]: Fetching new weather data at 2026-07-12 01:20:44.177657
2026-07-12 01:26:26,425 [ERROR] [MainThread] [root/app_icons.py:282]: GetIconInfo failed: 19268061
2026-07-12 01:27:16,542 [INFO] [MainThread] [root/controller.py:43]: Exiting Application to start installer...
2026-07-12 01:27:16,643 [INFO] [MainThread] [cli_server/cli_server.py:114]: Log pipe server stopped
2026-07-12 01:27:27,821 [INFO] [MainThread] [root/log.py:104]: YASB v2.0.5
2026-07-12 01:27:27,822 [INFO] [CLIPipeServer] [cli_server/cli_server.py:216]: CLI server started v1.1.7
2026-07-12 01:27:27,823 [INFO] [MainThread] [cli_server/cli_server.py:106]: Log pipe server started
2026-07-12 01:27:27,926 [WARNING] [MainThread] [deprecation/deprecation.py:136]: [DEPRECATED] BarAlignment: 'center' - Use 'align' instead.
2026-07-12 01:27:27,926 [WARNING] [MainThread] [deprecation/deprecation.py:136]: [DEPRECATED] BarBlurEffect: 'acrylic' - No longer supported and can be removed from the config.
2026-07-12 01:27:28,971 [ERROR] [MainThread] [root/get_vscode_state_db_path.py:20]: Shared storage detection failed: _path_exists: path should be string, bytes, os.PathLike or integer, not NoneType
2026-07-12 01:27:30,182 [WARNING] [MainThread] [deprecation/deprecation.py:136]: [DEPRECATED] CpuConfig: 'label_shadow' - Use CSS text-shadow instead.
2026-07-12 01:27:30,508 [WARNING] [MainThread] [deprecation/deprecation.py:140]: [DEPRECATED] VolumeConfig: 'volume_icons' renamed to 'icons' - Use 'icons' with the dictionary format instead.
2026-07-12 01:27:30,539 [INFO] [MainThread] [root/service.py:52]: AudioOutputService starting...
2026-07-12 01:27:32,315 [ERROR] [MainThread] [root/get_vscode_state_db_path.py:20]: Shared storage detection failed: _path_exists: path should be string, bytes, os.PathLike or integer, not NoneType
2026-07-12 01:27:32,766 [INFO] [MainThread] [root/bar_manager.py:229]: Starting HotkeyListener...
2026-07-12 01:27:32,766 [INFO] [MainThread] [root/bar_manager.py:103]: Starting WindowsNotificationEventListener...
2026-07-12 01:27:32,767 [INFO] [MainThread] [root/bar_manager.py:103]: Starting KomorebiEventListener...
2026-07-12 01:27:32,769 [INFO] [Dummy-10] [root/event_listener.py:54]: Created named pipe yasb-2e99a423-7d56-11f1-abfb-e00af667f2ea
2026-07-12 01:27:32,770 [INFO] [MainThread] [root/watcher.py:65]: Watching directory: c:\users\nam khuc\.config\yasb
2026-07-12 01:27:32,770 [INFO] [MainThread] [root/watcher.py:104]: Created file watcher
2026-07-12 01:27:32,914 [INFO] [MainThread] [root/update_service.py:434]: Background update checker started
2026-07-12 01:27:32,915 [INFO] [Dummy-10] [root/event_listener.py:147]: Komorebi connected to named pipe: yasb-2e99a423-7d56-11f1-abfb-e00af667f2ea
2026-07-12 01:27:33,890 [INFO] [MainThread] [root/api.py:69]: Fetching new weather data at 2026-07-12 01:27:33.890441
2026-07-12 01:31:39,294 [WARNING] [MainThread] [deprecation/deprecation.py:136]: [DEPRECATED] BarAlignment: 'center' - Use 'align' instead.
2026-07-12 01:31:39,295 [WARNING] [MainThread] [deprecation/deprecation.py:136]: [DEPRECATED] BarBlurEffect: 'acrylic' - No longer supported and can be removed from the config.
2026-07-12 01:31:39,296 [INFO] [MainThread] [root/controller.py:21]: Reloading Application because of config change.
2026-07-12 01:31:39,405 [INFO] [MainThread] [cli_server/cli_server.py:114]: Log pipe server stopped
2026-07-12 01:31:39,415 [INFO] [MainThread] [root/bar_manager.py:93]: Successfully loaded updated config and re-initialised all bars.
2026-07-12 01:31:40,818 [INFO] [MainThread] [root/bar_manager.py:111]: Stopping HotkeyListener...
2026-07-12 01:31:40,827 [INFO] [MainThread] [root/bar_manager.py:119]: Stopping WindowsNotificationEventListener...
2026-07-12 01:31:40,832 [INFO] [MainThread] [root/bar_manager.py:119]: Stopping KomorebiEventListener...
2026-07-12 01:31:41,752 [INFO] [MainThread] [root/log.py:104]: YASB v2.0.5
2026-07-12 01:31:41,753 [INFO] [CLIPipeServer] [cli_server/cli_server.py:216]: CLI server started v1.1.7
2026-07-12 01:31:41,754 [INFO] [MainThread] [cli_server/cli_server.py:106]: Log pipe server started
2026-07-12 01:31:41,846 [WARNING] [MainThread] [deprecation/deprecation.py:136]: [DEPRECATED] BarAlignment: 'center' - Use 'align' instead.
2026-07-12 01:31:41,846 [WARNING] [MainThread] [deprecation/deprecation.py:136]: [DEPRECATED] BarBlurEffect: 'acrylic' - No longer supported and can be removed from the config.
2026-07-12 01:31:42,190 [ERROR] [MainThread] [root/get_vscode_state_db_path.py:20]: Shared storage detection failed: _path_exists: path should be string, bytes, os.PathLike or integer, not NoneType
2026-07-12 01:31:43,091 [WARNING] [MainThread] [deprecation/deprecation.py:136]: [DEPRECATED] CpuConfig: 'label_shadow' - Use CSS text-shadow instead.
2026-07-12 01:31:43,255 [WARNING] [MainThread] [deprecation/deprecation.py:140]: [DEPRECATED] VolumeConfig: 'volume_icons' renamed to 'icons' - Use 'icons' with the dictionary format instead.
2026-07-12 01:31:43,282 [INFO] [MainThread] [root/service.py:52]: AudioOutputService starting...
2026-07-12 01:31:44,418 [ERROR] [MainThread] [root/get_vscode_state_db_path.py:20]: Shared storage detection failed: _path_exists: path should be string, bytes, os.PathLike or integer, not NoneType
2026-07-12 01:31:45,486 [INFO] [MainThread] [root/bar_manager.py:229]: Starting HotkeyListener...
2026-07-12 01:31:45,486 [INFO] [MainThread] [root/bar_manager.py:103]: Starting WindowsNotificationEventListener...
2026-07-12 01:31:45,487 [INFO] [MainThread] [root/bar_manager.py:103]: Starting KomorebiEventListener...
2026-07-12 01:31:45,489 [INFO] [MainThread] [root/watcher.py:65]: Watching directory: c:\users\nam khuc\.config\yasb
2026-07-12 01:31:45,490 [INFO] [MainThread] [root/watcher.py:104]: Created file watcher
2026-07-12 01:31:45,490 [INFO] [Dummy-11] [root/event_listener.py:54]: Created named pipe yasb-c53b96cd-7d56-11f1-956b-e00af667f2ea
2026-07-12 01:31:45,547 [INFO] [MainThread] [root/update_service.py:434]: Background update checker started
2026-07-12 01:31:45,650 [INFO] [Dummy-11] [root/event_listener.py:147]: Komorebi connected to named pipe: yasb-c53b96cd-7d56-11f1-956b-e00af667f2ea
2026-07-12 01:31:46,451 [INFO] [MainThread] [root/api.py:69]: Fetching new weather data at 2026-07-12 01:31:46.451730
2026-07-12 01:32:46,398 [WARNING] [MainThread] [deprecation/deprecation.py:136]: [DEPRECATED] BarAlignment: 'center' - Use 'align' instead.
2026-07-12 01:32:46,399 [WARNING] [MainThread] [deprecation/deprecation.py:136]: [DEPRECATED] BarBlurEffect: 'acrylic' - No longer supported and can be removed from the config.
2026-07-12 01:32:46,399 [INFO] [MainThread] [root/controller.py:21]: Reloading Application because of config change.
2026-07-12 01:32:46,511 [INFO] [MainThread] [cli_server/cli_server.py:114]: Log pipe server stopped
2026-07-12 01:32:46,520 [INFO] [MainThread] [root/bar_manager.py:93]: Successfully loaded updated config and re-initialised all bars.
2026-07-12 01:32:47,348 [INFO] [MainThread] [root/bar_manager.py:111]: Stopping HotkeyListener...
2026-07-12 01:32:47,353 [INFO] [MainThread] [root/bar_manager.py:119]: Stopping WindowsNotificationEventListener...
2026-07-12 01:32:47,367 [INFO] [MainThread] [root/bar_manager.py:119]: Stopping KomorebiEventListener...
2026-07-12 01:32:48,173 [INFO] [MainThread] [root/log.py:104]: YASB v2.0.5
2026-07-12 01:32:48,174 [INFO] [CLIPipeServer] [cli_server/cli_server.py:216]: CLI server started v1.1.7
2026-07-12 01:32:48,174 [INFO] [MainThread] [cli_server/cli_server.py:106]: Log pipe server started
2026-07-12 01:32:48,239 [WARNING] [MainThread] [deprecation/deprecation.py:136]: [DEPRECATED] BarAlignment: 'center' - Use 'align' instead.
2026-07-12 01:32:48,239 [WARNING] [MainThread] [deprecation/deprecation.py:136]: [DEPRECATED] BarBlurEffect: 'acrylic' - No longer supported and can be removed from the config.
2026-07-12 01:32:48,449 [ERROR] [MainThread] [root/get_vscode_state_db_path.py:20]: Shared storage detection failed: _path_exists: path should be string, bytes, os.PathLike or integer, not NoneType
2026-07-12 01:32:49,080 [WARNING] [MainThread] [deprecation/deprecation.py:136]: [DEPRECATED] CpuConfig: 'label_shadow' - Use CSS text-shadow instead.
2026-07-12 01:32:49,199 [WARNING] [MainThread] [deprecation/deprecation.py:140]: [DEPRECATED] VolumeConfig: 'volume_icons' renamed to 'icons' - Use 'icons' with the dictionary format instead.
2026-07-12 01:32:49,222 [INFO] [MainThread] [root/service.py:52]: AudioOutputService starting...
2026-07-12 01:32:50,240 [ERROR] [MainThread] [root/get_vscode_state_db_path.py:20]: Shared storage detection failed: _path_exists: path should be string, bytes, os.PathLike or integer, not NoneType
2026-07-12 01:32:51,285 [INFO] [MainThread] [root/bar_manager.py:229]: Starting HotkeyListener...
2026-07-12 01:32:51,286 [INFO] [MainThread] [root/bar_manager.py:103]: Starting KomorebiEventListener...
2026-07-12 01:32:51,286 [INFO] [MainThread] [root/bar_manager.py:103]: Starting SystemEventListener...
2026-07-12 01:32:51,287 [INFO] [MainThread] [root/bar_manager.py:103]: Starting WindowsNotificationEventListener...
2026-07-12 01:32:51,290 [INFO] [MainThread] [root/watcher.py:65]: Watching directory: c:\users\nam khuc\.config\yasb
2026-07-12 01:32:51,290 [INFO] [MainThread] [root/watcher.py:104]: Created file watcher
2026-07-12 01:32:51,290 [INFO] [Dummy-11] [root/event_listener.py:54]: Created named pipe yasb-ec73c321-7d56-11f1-ac3a-e00af667f2ea
2026-07-12 01:32:51,321 [INFO] [MainThread] [root/update_service.py:434]: Background update checker started
2026-07-12 01:32:51,448 [INFO] [Dummy-11] [root/event_listener.py:147]: Komorebi connected to named pipe: yasb-ec73c321-7d56-11f1-ac3a-e00af667f2ea
2026-07-12 01:32:52,147 [INFO] [MainThread] [root/api.py:69]: Fetching new weather data at 2026-07-12 01:32:52.146979
2026-07-12 01:33:34,543 [WARNING] [MainThread] [deprecation/deprecation.py:136]: [DEPRECATED] BarAlignment: 'center' - Use 'align' instead.
2026-07-12 01:33:34,544 [WARNING] [MainThread] [deprecation/deprecation.py:136]: [DEPRECATED] BarBlurEffect: 'acrylic' - No longer supported and can be removed from the config.
2026-07-12 01:33:34,545 [INFO] [MainThread] [root/controller.py:21]: Reloading Application because of config change.
2026-07-12 01:33:34,650 [INFO] [MainThread] [cli_server/cli_server.py:114]: Log pipe server stopped
2026-07-12 01:33:34,659 [INFO] [MainThread] [root/bar_manager.py:93]: Successfully loaded updated config and re-initialised all bars.
2026-07-12 01:33:35,411 [INFO] [MainThread] [root/bar_manager.py:111]: Stopping HotkeyListener...
2026-07-12 01:33:35,416 [INFO] [MainThread] [root/bar_manager.py:119]: Stopping KomorebiEventListener...
2026-07-12 01:33:35,434 [INFO] [MainThread] [root/bar_manager.py:119]: Stopping SystemEventListener...
2026-07-12 01:33:35,916 [INFO] [MainThread] [root/bar_manager.py:119]: Stopping WindowsNotificationEventListener...
2026-07-12 01:33:36,286 [INFO] [MainThread] [root/log.py:104]: YASB v2.0.5
2026-07-12 01:33:36,287 [INFO] [CLIPipeServer] [cli_server/cli_server.py:216]: CLI server started v1.1.7
2026-07-12 01:33:36,288 [INFO] [MainThread] [cli_server/cli_server.py:106]: Log pipe server started
2026-07-12 01:33:36,356 [WARNING] [MainThread] [deprecation/deprecation.py:136]: [DEPRECATED] BarAlignment: 'center' - Use 'align' instead.
2026-07-12 01:33:36,356 [WARNING] [MainThread] [deprecation/deprecation.py:136]: [DEPRECATED] BarBlurEffect: 'acrylic' - No longer supported and can be removed from the config.
2026-07-12 01:33:36,596 [ERROR] [MainThread] [root/get_vscode_state_db_path.py:20]: Shared storage detection failed: _path_exists: path should be string, bytes, os.PathLike or integer, not NoneType
2026-07-12 01:33:37,259 [WARNING] [MainThread] [deprecation/deprecation.py:136]: [DEPRECATED] CpuConfig: 'label_shadow' - Use CSS text-shadow instead.
2026-07-12 01:33:37,367 [WARNING] [MainThread] [deprecation/deprecation.py:140]: [DEPRECATED] VolumeConfig: 'volume_icons' renamed to 'icons' - Use 'icons' with the dictionary format instead.
2026-07-12 01:33:37,394 [INFO] [MainThread] [root/service.py:52]: AudioOutputService starting...
2026-07-12 01:33:38,477 [ERROR] [MainThread] [root/get_vscode_state_db_path.py:20]: Shared storage detection failed: _path_exists: path should be string, bytes, os.PathLike or integer, not NoneType
2026-07-12 01:33:39,479 [INFO] [MainThread] [root/bar_manager.py:229]: Starting HotkeyListener...
2026-07-12 01:33:39,479 [INFO] [MainThread] [root/bar_manager.py:103]: Starting KomorebiEventListener...
2026-07-12 01:33:39,480 [INFO] [MainThread] [root/bar_manager.py:103]: Starting WindowsNotificationEventListener...
2026-07-12 01:33:39,483 [INFO] [Dummy-10] [root/event_listener.py:54]: Created named pipe yasb-092d938a-7d57-11f1-817c-e00af667f2ea
2026-07-12 01:33:39,483 [INFO] [MainThread] [root/watcher.py:65]: Watching directory: c:\users\nam khuc\.config\yasb
2026-07-12 01:33:39,484 [INFO] [MainThread] [root/watcher.py:104]: Created file watcher
2026-07-12 01:33:39,512 [INFO] [MainThread] [root/update_service.py:434]: Background update checker started
2026-07-12 01:33:39,638 [INFO] [Dummy-10] [root/event_listener.py:147]: Komorebi connected to named pipe: yasb-092d938a-7d57-11f1-817c-e00af667f2ea
2026-07-12 01:33:40,243 [INFO] [MainThread] [root/api.py:69]: Fetching new weather data at 2026-07-12 01:33:40.243009
2026-07-12 01:35:22,616 [WARNING] [MainThread] [deprecation/deprecation.py:136]: [DEPRECATED] BarAlignment: 'center' - Use 'align' instead.
2026-07-12 01:35:22,617 [WARNING] [MainThread] [deprecation/deprecation.py:136]: [DEPRECATED] BarBlurEffect: 'acrylic' - No longer supported and can be removed from the config.
2026-07-12 01:35:22,617 [INFO] [MainThread] [root/controller.py:21]: Reloading Application because of config change.
2026-07-12 01:35:22,726 [INFO] [MainThread] [cli_server/cli_server.py:114]: Log pipe server stopped
2026-07-12 01:35:22,735 [INFO] [MainThread] [root/bar_manager.py:93]: Successfully loaded updated config and re-initialised all bars.
2026-07-12 01:35:24,066 [INFO] [MainThread] [root/bar_manager.py:111]: Stopping HotkeyListener...
2026-07-12 01:35:24,075 [INFO] [MainThread] [root/bar_manager.py:119]: Stopping KomorebiEventListener...
2026-07-12 01:35:24,081 [INFO] [MainThread] [root/bar_manager.py:119]: Stopping WindowsNotificationEventListener...
2026-07-12 01:35:24,826 [INFO] [MainThread] [root/log.py:104]: YASB v2.0.5
2026-07-12 01:35:24,826 [INFO] [CLIPipeServer] [cli_server/cli_server.py:216]: CLI server started v1.1.7
2026-07-12 01:35:24,827 [INFO] [MainThread] [cli_server/cli_server.py:106]: Log pipe server started
2026-07-12 01:35:24,888 [WARNING] [MainThread] [deprecation/deprecation.py:136]: [DEPRECATED] BarAlignment: 'center' - Use 'align' instead.
2026-07-12 01:35:24,889 [WARNING] [MainThread] [deprecation/deprecation.py:136]: [DEPRECATED] BarBlurEffect: 'acrylic' - No longer supported and can be removed from the config.
2026-07-12 01:35:25,118 [ERROR] [MainThread] [root/get_vscode_state_db_path.py:20]: Shared storage detection failed: _path_exists: path should be string, bytes, os.PathLike or integer, not NoneType
2026-07-12 01:35:25,767 [WARNING] [MainThread] [deprecation/deprecation.py:136]: [DEPRECATED] CpuConfig: 'label_shadow' - Use CSS text-shadow instead.
2026-07-12 01:35:25,920 [WARNING] [MainThread] [deprecation/deprecation.py:140]: [DEPRECATED] VolumeConfig: 'volume_icons' renamed to 'icons' - Use 'icons' with the dictionary format instead.
2026-07-12 01:35:25,967 [INFO] [MainThread] [root/service.py:52]: AudioOutputService starting...
2026-07-12 01:35:27,167 [ERROR] [MainThread] [root/get_vscode_state_db_path.py:20]: Shared storage detection failed: _path_exists: path should be string, bytes, os.PathLike or integer, not NoneType
2026-07-12 01:35:28,153 [WARNING] [MainThread] [root/hotkeys.py:285]: Invalid keybinding for window_switcher: missing 'keys' or 'action'
2026-07-12 01:35:28,154 [INFO] [MainThread] [root/bar_manager.py:229]: Starting HotkeyListener...
2026-07-12 01:35:28,154 [INFO] [MainThread] [root/bar_manager.py:103]: Starting WindowsNotificationEventListener...
2026-07-12 01:35:28,154 [INFO] [MainThread] [root/bar_manager.py:103]: Starting KomorebiEventListener...
2026-07-12 01:35:28,156 [INFO] [MainThread] [root/watcher.py:65]: Watching directory: c:\users\nam khuc\.config\yasb
2026-07-12 01:35:28,156 [INFO] [MainThread] [root/watcher.py:104]: Created file watcher
2026-07-12 01:35:28,156 [INFO] [Dummy-11] [root/event_listener.py:54]: Created named pipe yasb-49f3edfa-7d57-11f1-9f19-e00af667f2ea
2026-07-12 01:35:28,191 [INFO] [MainThread] [root/update_service.py:434]: Background update checker started
2026-07-12 01:35:28,287 [INFO] [Dummy-11] [root/event_listener.py:147]: Komorebi connected to named pipe: yasb-49f3edfa-7d57-11f1-9f19-e00af667f2ea
2026-07-12 01:35:29,062 [INFO] [MainThread] [root/api.py:69]: Fetching new weather data at 2026-07-12 01:35:29.062384
2026-07-12 01:35:56,037 [WARNING] [MainThread] [deprecation/deprecation.py:136]: [DEPRECATED] BarAlignment: 'center' - Use 'align' instead.
2026-07-12 01:35:56,037 [WARNING] [MainThread] [deprecation/deprecation.py:136]: [DEPRECATED] BarBlurEffect: 'acrylic' - No longer supported and can be removed from the config.
2026-07-12 01:35:56,038 [INFO] [MainThread] [root/controller.py:21]: Reloading Application because of config change.
2026-07-12 01:35:56,152 [INFO] [MainThread] [cli_server/cli_server.py:114]: Log pipe server stopped
2026-07-12 01:35:56,163 [INFO] [MainThread] [root/bar_manager.py:93]: Successfully loaded updated config and re-initialised all bars.
2026-07-12 01:35:57,518 [INFO] [MainThread] [root/bar_manager.py:111]: Stopping HotkeyListener...
2026-07-12 01:35:57,534 [INFO] [MainThread] [root/bar_manager.py:119]: Stopping WindowsNotificationEventListener...
2026-07-12 01:35:57,537 [INFO] [MainThread] [root/bar_manager.py:119]: Stopping KomorebiEventListener...
2026-07-12 01:35:58,392 [INFO] [MainThread] [root/log.py:104]: YASB v2.0.5
2026-07-12 01:35:58,392 [INFO] [CLIPipeServer] [cli_server/cli_server.py:216]: CLI server started v1.1.7
2026-07-12 01:35:58,393 [INFO] [MainThread] [cli_server/cli_server.py:106]: Log pipe server started
2026-07-12 01:35:58,452 [WARNING] [MainThread] [deprecation/deprecation.py:136]: [DEPRECATED] BarAlignment: 'center' - Use 'align' instead.
2026-07-12 01:35:58,452 [WARNING] [MainThread] [deprecation/deprecation.py:136]: [DEPRECATED] BarBlurEffect: 'acrylic' - No longer supported and can be removed from the config.
2026-07-12 01:35:58,665 [ERROR] [MainThread] [root/get_vscode_state_db_path.py:20]: Shared storage detection failed: _path_exists: path should be string, bytes, os.PathLike or integer, not NoneType
2026-07-12 01:35:59,393 [WARNING] [MainThread] [deprecation/deprecation.py:136]: [DEPRECATED] CpuConfig: 'label_shadow' - Use CSS text-shadow instead.
2026-07-12 01:35:59,566 [WARNING] [MainThread] [deprecation/deprecation.py:140]: [DEPRECATED] VolumeConfig: 'volume_icons' renamed to 'icons' - Use 'icons' with the dictionary format instead.
2026-07-12 01:35:59,595 [INFO] [MainThread] [root/service.py:52]: AudioOutputService starting...
2026-07-12 01:36:00,696 [ERROR] [MainThread] [root/get_vscode_state_db_path.py:20]: Shared storage detection failed: _path_exists: path should be string, bytes, os.PathLike or integer, not NoneType
2026-07-12 01:36:00,834 [WARNING] [MainThread] [root/widget_builder.py:36]: Ignoring construction of invalid widget 'window_switcher'
2026-07-12 01:36:01,736 [WARNING] [MainThread] [root/hotkeys.py:285]: Invalid keybinding for window_switcher: missing 'keys' or 'action'
2026-07-12 01:36:01,737 [INFO] [MainThread] [root/bar_manager.py:229]: Starting HotkeyListener...
2026-07-12 01:36:01,737 [INFO] [MainThread] [root/bar_manager.py:103]: Starting WindowsNotificationEventListener...
2026-07-12 01:36:01,737 [INFO] [MainThread] [root/bar_manager.py:103]: Starting KomorebiEventListener...
2026-07-12 01:36:01,737 [ERROR] [MainThread] [root/widget_builder.py:114]: Failed to validate widget(s) due to invalid options  - window_switcher
      keybindings:
        0:
          action:
          - Field required
      action:
      - Extra inputs are not permitted
      screen:
      - Extra inputs are not permitted
      
2026-07-12 01:36:01,740 [INFO] [Dummy-9] [root/event_listener.py:54]: Created named pipe yasb-5df850d3-7d57-11f1-a47a-e00af667f2ea
2026-07-12 01:36:01,788 [INFO] [MainThread] [root/watcher.py:65]: Watching directory: c:\users\nam khuc\.config\yasb
2026-07-12 01:36:01,788 [INFO] [MainThread] [root/watcher.py:104]: Created file watcher
2026-07-12 01:36:01,811 [INFO] [MainThread] [root/update_service.py:434]: Background update checker started
2026-07-12 01:36:01,893 [INFO] [Dummy-9] [root/event_listener.py:147]: Komorebi connected to named pipe: yasb-5df850d3-7d57-11f1-a47a-e00af667f2ea
2026-07-12 01:36:03,493 [INFO] [MainThread] [root/api.py:69]: Fetching new weather data at 2026-07-12 01:36:03.493010
2026-07-12 01:36:42,818 [WARNING] [MainThread] [deprecation/deprecation.py:136]: [DEPRECATED] BarAlignment: 'center' - Use 'align' instead.
2026-07-12 01:36:42,818 [WARNING] [MainThread] [deprecation/deprecation.py:136]: [DEPRECATED] BarBlurEffect: 'acrylic' - No longer supported and can be removed from the config.
2026-07-12 01:36:42,819 [INFO] [MainThread] [root/controller.py:21]: Reloading Application because of config change.
2026-07-12 01:36:42,926 [INFO] [MainThread] [cli_server/cli_server.py:114]: Log pipe server stopped
2026-07-12 01:36:42,936 [INFO] [MainThread] [root/bar_manager.py:93]: Successfully loaded updated config and re-initialised all bars.
2026-07-12 01:36:44,280 [INFO] [MainThread] [root/bar_manager.py:111]: Stopping HotkeyListener...
2026-07-12 01:36:44,290 [INFO] [MainThread] [root/bar_manager.py:119]: Stopping WindowsNotificationEventListener...
2026-07-12 01:36:44,298 [INFO] [MainThread] [root/bar_manager.py:119]: Stopping KomorebiEventListener...
2026-07-12 01:36:45,257 [INFO] [MainThread] [root/log.py:104]: YASB v2.0.5
2026-07-12 01:36:45,258 [INFO] [CLIPipeServer] [cli_server/cli_server.py:216]: CLI server started v1.1.7
2026-07-12 01:36:45,258 [INFO] [MainThread] [cli_server/cli_server.py:106]: Log pipe server started
2026-07-12 01:36:45,319 [WARNING] [MainThread] [deprecation/deprecation.py:136]: [DEPRECATED] BarAlignment: 'center' - Use 'align' instead.
2026-07-12 01:36:45,319 [WARNING] [MainThread] [deprecation/deprecation.py:136]: [DEPRECATED] BarBlurEffect: 'acrylic' - No longer supported and can be removed from the config.
2026-07-12 01:36:45,528 [ERROR] [MainThread] [root/get_vscode_state_db_path.py:20]: Shared storage detection failed: _path_exists: path should be string, bytes, os.PathLike or integer, not NoneType
2026-07-12 01:36:46,319 [WARNING] [MainThread] [deprecation/deprecation.py:136]: [DEPRECATED] CpuConfig: 'label_shadow' - Use CSS text-shadow instead.
2026-07-12 01:36:46,476 [WARNING] [MainThread] [deprecation/deprecation.py:140]: [DEPRECATED] VolumeConfig: 'volume_icons' renamed to 'icons' - Use 'icons' with the dictionary format instead.
2026-07-12 01:36:46,507 [INFO] [MainThread] [root/service.py:52]: AudioOutputService starting...
2026-07-12 01:36:47,613 [ERROR] [MainThread] [root/get_vscode_state_db_path.py:20]: Shared storage detection failed: _path_exists: path should be string, bytes, os.PathLike or integer, not NoneType
2026-07-12 01:36:47,763 [WARNING] [MainThread] [root/widget_builder.py:36]: Ignoring construction of invalid widget 'window_switcher'
2026-07-12 01:36:48,701 [WARNING] [MainThread] [root/hotkeys.py:285]: Invalid keybinding for window_switcher: missing 'keys' or 'action'
2026-07-12 01:36:48,702 [WARNING] [MainThread] [root/hotkeys.py:285]: Invalid keybinding for window_switcher: missing 'keys' or 'action'
2026-07-12 01:36:48,702 [WARNING] [MainThread] [root/hotkeys.py:285]: Invalid keybinding for window_switcher: missing 'keys' or 'action'
2026-07-12 01:36:48,702 [INFO] [MainThread] [root/bar_manager.py:229]: Starting HotkeyListener...
2026-07-12 01:36:48,702 [INFO] [MainThread] [root/bar_manager.py:103]: Starting WindowsNotificationEventListener...
2026-07-12 01:36:48,703 [INFO] [MainThread] [root/bar_manager.py:103]: Starting KomorebiEventListener...
2026-07-12 01:36:48,703 [ERROR] [MainThread] [root/widget_builder.py:114]: Failed to validate widget(s) due to invalid options  - window_switcher
      keybindings:
        0:
          action:
          - Field required
        1:
          keys:
          - Field required
        2:
          keys:
          - Field required
          action:
          - Field required
      
2026-07-12 01:36:48,710 [INFO] [Dummy-10] [root/event_listener.py:54]: Created named pipe yasb-79f6ae84-7d57-11f1-b3c3-e00af667f2ea
2026-07-12 01:36:48,755 [INFO] [MainThread] [root/watcher.py:65]: Watching directory: c:\users\nam khuc\.config\yasb
2026-07-12 01:36:48,756 [INFO] [MainThread] [root/watcher.py:104]: Created file watcher
2026-07-12 01:36:48,774 [INFO] [MainThread] [root/update_service.py:434]: Background update checker started
2026-07-12 01:36:48,846 [INFO] [Dummy-10] [root/event_listener.py:147]: Komorebi connected to named pipe: yasb-79f6ae84-7d57-11f1-b3c3-e00af667f2ea
2026-07-12 01:36:49,577 [INFO] [MainThread] [root/api.py:69]: Fetching new weather data at 2026-07-12 01:36:49.577788
2026-07-12 01:37:14,300 [WARNING] [MainThread] [deprecation/deprecation.py:136]: [DEPRECATED] BarAlignment: 'center' - Use 'align' instead.
2026-07-12 01:37:14,301 [WARNING] [MainThread] [deprecation/deprecation.py:136]: [DEPRECATED] BarBlurEffect: 'acrylic' - No longer supported and can be removed from the config.
2026-07-12 01:37:14,302 [INFO] [MainThread] [root/controller.py:21]: Reloading Application because of config change.
2026-07-12 01:37:14,411 [INFO] [MainThread] [cli_server/cli_server.py:114]: Log pipe server stopped
2026-07-12 01:37:14,422 [INFO] [MainThread] [root/bar_manager.py:93]: Successfully loaded updated config and re-initialised all bars.
2026-07-12 01:37:15,774 [INFO] [MainThread] [root/bar_manager.py:111]: Stopping HotkeyListener...
2026-07-12 01:37:15,778 [INFO] [MainThread] [root/bar_manager.py:119]: Stopping WindowsNotificationEventListener...
2026-07-12 01:37:15,785 [INFO] [MainThread] [root/bar_manager.py:119]: Stopping KomorebiEventListener...
2026-07-12 01:37:16,718 [INFO] [MainThread] [root/log.py:104]: YASB v2.0.5
2026-07-12 01:37:16,718 [INFO] [CLIPipeServer] [cli_server/cli_server.py:216]: CLI server started v1.1.7
2026-07-12 01:37:16,719 [INFO] [MainThread] [cli_server/cli_server.py:106]: Log pipe server started
2026-07-12 01:37:16,777 [WARNING] [MainThread] [deprecation/deprecation.py:136]: [DEPRECATED] BarAlignment: 'center' - Use 'align' instead.
2026-07-12 01:37:16,777 [WARNING] [MainThread] [deprecation/deprecation.py:136]: [DEPRECATED] BarBlurEffect: 'acrylic' - No longer supported and can be removed from the config.
2026-07-12 01:37:17,005 [ERROR] [MainThread] [root/get_vscode_state_db_path.py:20]: Shared storage detection failed: _path_exists: path should be string, bytes, os.PathLike or integer, not NoneType
2026-07-12 01:37:17,699 [WARNING] [MainThread] [deprecation/deprecation.py:136]: [DEPRECATED] CpuConfig: 'label_shadow' - Use CSS text-shadow instead.
2026-07-12 01:37:17,870 [WARNING] [MainThread] [deprecation/deprecation.py:140]: [DEPRECATED] VolumeConfig: 'volume_icons' renamed to 'icons' - Use 'icons' with the dictionary format instead.
2026-07-12 01:37:17,901 [INFO] [MainThread] [root/service.py:52]: AudioOutputService starting...
2026-07-12 01:37:18,978 [ERROR] [MainThread] [root/get_vscode_state_db_path.py:20]: Shared storage detection failed: _path_exists: path should be string, bytes, os.PathLike or integer, not NoneType
2026-07-12 01:37:19,167 [WARNING] [MainThread] [root/widget_builder.py:36]: Ignoring construction of invalid widget 'window_switcher'
2026-07-12 01:37:20,092 [WARNING] [MainThread] [root/hotkeys.py:285]: Invalid keybinding for window_switcher: missing 'keys' or 'action'
2026-07-12 01:37:20,093 [INFO] [MainThread] [root/bar_manager.py:229]: Starting HotkeyListener...
2026-07-12 01:37:20,093 [INFO] [MainThread] [root/bar_manager.py:103]: Starting KomorebiEventListener...
2026-07-12 01:37:20,093 [INFO] [MainThread] [root/bar_manager.py:103]: Starting WindowsNotificationEventListener...
2026-07-12 01:37:20,094 [ERROR] [MainThread] [root/widget_builder.py:114]: Failed to validate widget(s) due to invalid options  - window_switcher
      keybindings:
        0:
          action:
          - Field required
      action:
      - Extra inputs are not permitted
      screen:
      - Extra inputs are not permitted
      
2026-07-12 01:37:20,095 [INFO] [Dummy-8] [root/event_listener.py:54]: Created named pipe yasb-8cac73ae-7d57-11f1-896e-e00af667f2ea
2026-07-12 01:37:20,136 [INFO] [MainThread] [root/watcher.py:65]: Watching directory: c:\users\nam khuc\.config\yasb
2026-07-12 01:37:20,136 [INFO] [MainThread] [root/watcher.py:104]: Created file watcher
2026-07-12 01:37:20,157 [INFO] [MainThread] [root/update_service.py:434]: Background update checker started
2026-07-12 01:37:20,244 [INFO] [Dummy-8] [root/event_listener.py:147]: Komorebi connected to named pipe: yasb-8cac73ae-7d57-11f1-896e-e00af667f2ea
2026-07-12 01:37:20,957 [INFO] [MainThread] [root/api.py:69]: Fetching new weather data at 2026-07-12 01:37:20.957712
2026-07-12 01:37:35,727 [WARNING] [MainThread] [deprecation/deprecation.py:136]: [DEPRECATED] BarAlignment: 'center' - Use 'align' instead.
2026-07-12 01:37:35,727 [WARNING] [MainThread] [deprecation/deprecation.py:136]: [DEPRECATED] BarBlurEffect: 'acrylic' - No longer supported and can be removed from the config.
2026-07-12 01:37:35,728 [INFO] [MainThread] [root/controller.py:21]: Reloading Application because of config change.
2026-07-12 01:37:35,835 [INFO] [MainThread] [cli_server/cli_server.py:114]: Log pipe server stopped
2026-07-12 01:37:35,846 [INFO] [MainThread] [root/bar_manager.py:93]: Successfully loaded updated config and re-initialised all bars.
2026-07-12 01:37:37,200 [INFO] [MainThread] [root/bar_manager.py:111]: Stopping HotkeyListener...
2026-07-12 01:37:37,203 [INFO] [MainThread] [root/bar_manager.py:119]: Stopping KomorebiEventListener...
2026-07-12 01:37:37,208 [INFO] [MainThread] [root/bar_manager.py:119]: Stopping WindowsNotificationEventListener...
2026-07-12 01:37:38,133 [INFO] [MainThread] [root/log.py:104]: YASB v2.0.5
2026-07-12 01:37:38,134 [INFO] [CLIPipeServer] [cli_server/cli_server.py:216]: CLI server started v1.1.7
2026-07-12 01:37:38,134 [INFO] [MainThread] [cli_server/cli_server.py:106]: Log pipe server started
2026-07-12 01:37:38,194 [WARNING] [MainThread] [deprecation/deprecation.py:136]: [DEPRECATED] BarAlignment: 'center' - Use 'align' instead.
2026-07-12 01:37:38,194 [WARNING] [MainThread] [deprecation/deprecation.py:136]: [DEPRECATED] BarBlurEffect: 'acrylic' - No longer supported and can be removed from the config.
2026-07-12 01:37:38,403 [ERROR] [MainThread] [root/get_vscode_state_db_path.py:20]: Shared storage detection failed: _path_exists: path should be string, bytes, os.PathLike or integer, not NoneType
2026-07-12 01:37:39,136 [WARNING] [MainThread] [deprecation/deprecation.py:136]: [DEPRECATED] CpuConfig: 'label_shadow' - Use CSS text-shadow instead.
2026-07-12 01:37:39,376 [INFO] [MainThread] [taskbar_window_manager/window_manager.py:178]: TaskbarWindowManager is starting...
2026-07-12 01:37:39,476 [WARNING] [MainThread] [deprecation/deprecation.py:140]: [DEPRECATED] VolumeConfig: 'volume_icons' renamed to 'icons' - Use 'icons' with the dictionary format instead.
2026-07-12 01:37:39,512 [INFO] [MainThread] [root/service.py:52]: AudioOutputService starting...
2026-07-12 01:37:40,692 [ERROR] [MainThread] [root/get_vscode_state_db_path.py:20]: Shared storage detection failed: _path_exists: path should be string, bytes, os.PathLike or integer, not NoneType
2026-07-12 01:37:41,781 [INFO] [MainThread] [root/bar_manager.py:229]: Starting HotkeyListener...
2026-07-12 01:37:41,781 [INFO] [MainThread] [root/bar_manager.py:103]: Starting WindowsNotificationEventListener...
2026-07-12 01:37:41,781 [INFO] [MainThread] [root/bar_manager.py:103]: Starting KomorebiEventListener...
2026-07-12 01:37:41,783 [INFO] [MainThread] [root/watcher.py:65]: Watching directory: c:\users\nam khuc\.config\yasb
2026-07-12 01:37:41,784 [INFO] [MainThread] [root/watcher.py:104]: Created file watcher
2026-07-12 01:37:41,791 [INFO] [Dummy-11] [root/event_listener.py:54]: Created named pipe yasb-9999d8d3-7d57-11f1-881b-e00af667f2ea
2026-07-12 01:37:41,804 [INFO] [MainThread] [root/update_service.py:434]: Background update checker started
2026-07-12 01:37:41,972 [INFO] [Dummy-11] [root/event_listener.py:147]: Komorebi connected to named pipe: yasb-9999d8d3-7d57-11f1-881b-e00af667f2ea
2026-07-12 01:37:42,648 [INFO] [MainThread] [root/api.py:69]: Fetching new weather data at 2026-07-12 01:37:42.648317
2026-07-12 01:38:08,925 [WARNING] [MainThread] [deprecation/deprecation.py:136]: [DEPRECATED] BarAlignment: 'center' - Use 'align' instead.
2026-07-12 01:38:08,925 [WARNING] [MainThread] [deprecation/deprecation.py:136]: [DEPRECATED] BarBlurEffect: 'acrylic' - No longer supported and can be removed from the config.
2026-07-12 01:38:08,925 [INFO] [MainThread] [root/controller.py:21]: Reloading Application because of config change.
2026-07-12 01:38:09,041 [INFO] [MainThread] [cli_server/cli_server.py:114]: Log pipe server stopped
2026-07-12 01:38:09,050 [INFO] [MainThread] [root/bar_manager.py:93]: Successfully loaded updated config and re-initialised all bars.
2026-07-12 01:38:10,918 [INFO] [MainThread] [root/bar_manager.py:111]: Stopping HotkeyListener...
2026-07-12 01:38:10,921 [INFO] [MainThread] [root/bar_manager.py:119]: Stopping WindowsNotificationEventListener...
2026-07-12 01:38:10,923 [INFO] [MainThread] [root/bar_manager.py:119]: Stopping KomorebiEventListener...
2026-07-12 01:38:11,338 [INFO] [MainThread] [root/log.py:104]: YASB v2.0.5
2026-07-12 01:38:11,339 [INFO] [CLIPipeServer] [cli_server/cli_server.py:216]: CLI server started v1.1.7
2026-07-12 01:38:11,340 [INFO] [MainThread] [cli_server/cli_server.py:106]: Log pipe server started
2026-07-12 01:38:11,406 [WARNING] [MainThread] [deprecation/deprecation.py:136]: [DEPRECATED] BarAlignment: 'center' - Use 'align' instead.
2026-07-12 01:38:11,406 [WARNING] [MainThread] [deprecation/deprecation.py:136]: [DEPRECATED] BarBlurEffect: 'acrylic' - No longer supported and can be removed from the config.
2026-07-12 01:38:11,611 [ERROR] [MainThread] [root/get_vscode_state_db_path.py:20]: Shared storage detection failed: _path_exists: path should be string, bytes, os.PathLike or integer, not NoneType
2026-07-12 01:38:12,307 [WARNING] [MainThread] [deprecation/deprecation.py:136]: [DEPRECATED] CpuConfig: 'label_shadow' - Use CSS text-shadow instead.
2026-07-12 01:38:12,470 [WARNING] [MainThread] [deprecation/deprecation.py:140]: [DEPRECATED] VolumeConfig: 'volume_icons' renamed to 'icons' - Use 'icons' with the dictionary format instead.
2026-07-12 01:38:12,505 [INFO] [MainThread] [root/service.py:52]: AudioOutputService starting...
2026-07-12 01:38:13,619 [ERROR] [MainThread] [root/get_vscode_state_db_path.py:20]: Shared storage detection failed: _path_exists: path should be string, bytes, os.PathLike or integer, not NoneType
2026-07-12 01:38:14,706 [INFO] [MainThread] [root/bar_manager.py:229]: Starting HotkeyListener...
2026-07-12 01:38:14,706 [INFO] [MainThread] [root/bar_manager.py:103]: Starting WindowsNotificationEventListener...
2026-07-12 01:38:14,707 [INFO] [MainThread] [root/bar_manager.py:103]: Starting KomorebiEventListener...
2026-07-12 01:38:14,709 [INFO] [MainThread] [root/watcher.py:65]: Watching directory: c:\users\nam khuc\.config\yasb
2026-07-12 01:38:14,710 [INFO] [MainThread] [root/watcher.py:104]: Created file watcher
2026-07-12 01:38:14,710 [INFO] [Dummy-11] [root/event_listener.py:54]: Created named pipe yasb-ad39de8f-7d57-11f1-929f-e00af667f2ea
2026-07-12 01:38:14,751 [INFO] [MainThread] [root/update_service.py:434]: Background update checker started
2026-07-12 01:38:14,871 [INFO] [Dummy-11] [root/event_listener.py:147]: Komorebi connected to named pipe: yasb-ad39de8f-7d57-11f1-929f-e00af667f2ea
2026-07-12 01:38:15,491 [INFO] [MainThread] [root/api.py:69]: Fetching new weather data at 2026-07-12 01:38:15.491237
2026-07-12 01:42:57,287 [WARNING] [MainThread] [deprecation/deprecation.py:136]: [DEPRECATED] BarAlignment: 'center' - Use 'align' instead.
2026-07-12 01:42:57,287 [WARNING] [MainThread] [deprecation/deprecation.py:136]: [DEPRECATED] BarBlurEffect: 'acrylic' - No longer supported and can be removed from the config.
2026-07-12 01:42:57,288 [INFO] [MainThread] [root/controller.py:21]: Reloading Application because of config change.
2026-07-12 01:42:57,399 [INFO] [MainThread] [cli_server/cli_server.py:114]: Log pipe server stopped
2026-07-12 01:42:57,410 [INFO] [MainThread] [root/bar_manager.py:93]: Successfully loaded updated config and re-initialised all bars.
2026-07-12 01:42:58,777 [INFO] [MainThread] [root/bar_manager.py:111]: Stopping HotkeyListener...
2026-07-12 01:42:58,783 [INFO] [MainThread] [root/bar_manager.py:119]: Stopping WindowsNotificationEventListener...
2026-07-12 01:42:58,788 [INFO] [MainThread] [root/bar_manager.py:119]: Stopping KomorebiEventListener...
2026-07-12 01:42:59,652 [INFO] [MainThread] [root/log.py:104]: YASB v2.0.5
2026-07-12 01:42:59,653 [INFO] [CLIPipeServer] [cli_server/cli_server.py:216]: CLI server started v1.1.7
2026-07-12 01:42:59,654 [INFO] [MainThread] [cli_server/cli_server.py:106]: Log pipe server started
2026-07-12 01:42:59,721 [WARNING] [MainThread] [deprecation/deprecation.py:136]: [DEPRECATED] BarAlignment: 'center' - Use 'align' instead.
2026-07-12 01:42:59,721 [WARNING] [MainThread] [deprecation/deprecation.py:136]: [DEPRECATED] BarBlurEffect: 'acrylic' - No longer supported and can be removed from the config.
2026-07-12 01:42:59,955 [ERROR] [MainThread] [root/get_vscode_state_db_path.py:20]: Shared storage detection failed: _path_exists: path should be string, bytes, os.PathLike or integer, not NoneType
2026-07-12 01:43:00,748 [WARNING] [MainThread] [deprecation/deprecation.py:136]: [DEPRECATED] CpuConfig: 'label_shadow' - Use CSS text-shadow instead.
2026-07-12 01:43:00,891 [WARNING] [MainThread] [deprecation/deprecation.py:140]: [DEPRECATED] VolumeConfig: 'volume_icons' renamed to 'icons' - Use 'icons' with the dictionary format instead.
2026-07-12 01:43:00,931 [INFO] [MainThread] [root/service.py:52]: AudioOutputService starting...
2026-07-12 01:43:02,099 [ERROR] [MainThread] [root/get_vscode_state_db_path.py:20]: Shared storage detection failed: _path_exists: path should be string, bytes, os.PathLike or integer, not NoneType
2026-07-12 01:43:03,194 [INFO] [MainThread] [root/bar_manager.py:229]: Starting HotkeyListener...
2026-07-12 01:43:03,195 [INFO] [MainThread] [root/bar_manager.py:103]: Starting KomorebiEventListener...
2026-07-12 01:43:03,196 [INFO] [MainThread] [root/bar_manager.py:103]: Starting WindowsNotificationEventListener...
2026-07-12 01:43:03,199 [INFO] [MainThread] [root/watcher.py:65]: Watching directory: c:\users\nam khuc\.config\yasb
2026-07-12 01:43:03,199 [INFO] [MainThread] [root/watcher.py:104]: Created file watcher
2026-07-12 01:43:03,199 [INFO] [Dummy-11] [root/event_listener.py:54]: Created named pipe yasb-592dc212-7d58-11f1-95a3-e00af667f2ea
2026-07-12 01:43:03,262 [INFO] [MainThread] [root/update_service.py:434]: Background update checker started
2026-07-12 01:43:03,371 [INFO] [Dummy-11] [root/event_listener.py:147]: Komorebi connected to named pipe: yasb-592dc212-7d58-11f1-95a3-e00af667f2ea
2026-07-12 01:43:04,280 [INFO] [MainThread] [root/api.py:69]: Fetching new weather data at 2026-07-12 01:43:04.280428
2026-07-12 01:43:27,968 [WARNING] [MainThread] [deprecation/deprecation.py:136]: [DEPRECATED] BarAlignment: 'center' - Use 'align' instead.
2026-07-12 01:43:27,969 [WARNING] [MainThread] [deprecation/deprecation.py:136]: [DEPRECATED] BarBlurEffect: 'acrylic' - No longer supported and can be removed from the config.
2026-07-12 01:43:27,970 [INFO] [MainThread] [root/controller.py:21]: Reloading Application because of config change.
2026-07-12 01:43:28,078 [INFO] [MainThread] [cli_server/cli_server.py:114]: Log pipe server stopped
2026-07-12 01:43:28,090 [INFO] [MainThread] [root/bar_manager.py:93]: Successfully loaded updated config and re-initialised all bars.
2026-07-12 01:43:29,490 [INFO] [MainThread] [root/bar_manager.py:111]: Stopping HotkeyListener...
2026-07-12 01:43:29,498 [INFO] [MainThread] [root/bar_manager.py:119]: Stopping KomorebiEventListener...
2026-07-12 01:43:29,503 [INFO] [MainThread] [root/bar_manager.py:119]: Stopping WindowsNotificationEventListener...
2026-07-12 01:43:30,200 [INFO] [MainThread] [root/log.py:104]: YASB v2.0.5
2026-07-12 01:43:30,201 [INFO] [CLIPipeServer] [cli_server/cli_server.py:216]: CLI server started v1.1.7
2026-07-12 01:43:30,202 [INFO] [MainThread] [cli_server/cli_server.py:106]: Log pipe server started
2026-07-12 01:43:30,268 [WARNING] [MainThread] [deprecation/deprecation.py:136]: [DEPRECATED] BarAlignment: 'center' - Use 'align' instead.
2026-07-12 01:43:30,268 [WARNING] [MainThread] [deprecation/deprecation.py:136]: [DEPRECATED] BarBlurEffect: 'acrylic' - No longer supported and can be removed from the config.
2026-07-12 01:43:30,488 [ERROR] [MainThread] [root/get_vscode_state_db_path.py:20]: Shared storage detection failed: _path_exists: path should be string, bytes, os.PathLike or integer, not NoneType
2026-07-12 01:43:31,123 [WARNING] [MainThread] [deprecation/deprecation.py:136]: [DEPRECATED] CpuConfig: 'label_shadow' - Use CSS text-shadow instead.
2026-07-12 01:43:31,284 [WARNING] [MainThread] [deprecation/deprecation.py:140]: [DEPRECATED] VolumeConfig: 'volume_icons' renamed to 'icons' - Use 'icons' with the dictionary format instead.
2026-07-12 01:43:31,322 [INFO] [MainThread] [root/service.py:52]: AudioOutputService starting...
2026-07-12 01:43:32,497 [ERROR] [MainThread] [root/get_vscode_state_db_path.py:20]: Shared storage detection failed: _path_exists: path should be string, bytes, os.PathLike or integer, not NoneType
2026-07-12 01:43:32,720 [WARNING] [MainThread] [root/widget_builder.py:36]: Ignoring construction of invalid widget 'todo'
2026-07-12 01:43:33,553 [INFO] [MainThread] [root/bar_manager.py:229]: Starting HotkeyListener...
2026-07-12 01:43:33,553 [INFO] [MainThread] [root/bar_manager.py:103]: Starting KomorebiEventListener...
2026-07-12 01:43:33,554 [INFO] [MainThread] [root/bar_manager.py:103]: Starting WindowsNotificationEventListener...
2026-07-12 01:43:33,554 [ERROR] [MainThread] [root/widget_builder.py:114]: Failed to validate widget(s) due to invalid options  - todo
      menu:
      - Input should be a valid dictionary or instance of MenuConfig
      icons:
      - Input should be a valid dictionary or instance of IconsConfig
      categories:
      - Input should be a valid dictionary
      callbacks:
      - Input should be a valid dictionary or instance of CallbacksTodoConfig
      blur:
      - Extra inputs are not permitted
      round_corners:
      - Extra inputs are not permitted
      round_corners_type:
      - Extra inputs are not permitted
      border_color:
      - Extra inputs are not permitted
      alignment:
      - Extra inputs are not permitted
      direction:
      - Extra inputs are not permitted
      offset_top:
      - Extra inputs are not permitted
      offset_left:
      - Extra inputs are not permitted
      add:
      - Extra inputs are not permitted
      edit:
      - Extra inputs are not permitted
      delete:
      - Extra inputs are not permitted
      date:
      - Extra inputs are not permitted
      category:
      - Extra inputs are not permitted
      checked:
      - Extra inputs are not permitted
      unchecked:
      - Extra inputs are not permitted
      sort:
      - Extra inputs are not permitted
      no_tasks:
      - Extra inputs are not permitted
      default:
      - Extra inputs are not permitted
      soon:
      - Extra inputs are not permitted
      today:
      - Extra inputs are not permitted
      urgent:
      - Extra inputs are not permitted
      important:
      - Extra inputs are not permitted
      on_left:
      - Extra inputs are not permitted
      on_middle:
      - Extra inputs are not permitted
      on_right:
      - Extra inputs are not permitted
      
2026-07-12 01:43:33,557 [INFO] [Dummy-9] [root/event_listener.py:54]: Created named pipe yasb-6b45fe27-7d58-11f1-aebd-e00af667f2ea
2026-07-12 01:43:33,603 [INFO] [MainThread] [root/watcher.py:65]: Watching directory: c:\users\nam khuc\.config\yasb
2026-07-12 01:43:33,603 [INFO] [MainThread] [root/watcher.py:104]: Created file watcher
2026-07-12 01:43:33,626 [INFO] [MainThread] [root/update_service.py:434]: Background update checker started
2026-07-12 01:43:33,702 [INFO] [Dummy-9] [root/event_listener.py:147]: Komorebi connected to named pipe: yasb-6b45fe27-7d58-11f1-aebd-e00af667f2ea
2026-07-12 01:43:34,416 [INFO] [MainThread] [root/api.py:69]: Fetching new weather data at 2026-07-12 01:43:34.416893
2026-07-12 01:44:50,736 [WARNING] [MainThread] [deprecation/deprecation.py:136]: [DEPRECATED] BarAlignment: 'center' - Use 'align' instead.
2026-07-12 01:44:50,736 [WARNING] [MainThread] [deprecation/deprecation.py:136]: [DEPRECATED] BarBlurEffect: 'acrylic' - No longer supported and can be removed from the config.
2026-07-12 01:44:50,737 [INFO] [MainThread] [root/controller.py:21]: Reloading Application because of config change.
2026-07-12 01:44:50,851 [INFO] [MainThread] [cli_server/cli_server.py:114]: Log pipe server stopped
2026-07-12 01:44:50,862 [INFO] [MainThread] [root/bar_manager.py:93]: Successfully loaded updated config and re-initialised all bars.
2026-07-12 01:44:52,205 [INFO] [MainThread] [root/bar_manager.py:111]: Stopping HotkeyListener...
2026-07-12 01:44:52,213 [INFO] [MainThread] [root/bar_manager.py:119]: Stopping KomorebiEventListener...
2026-07-12 01:44:52,225 [INFO] [MainThread] [root/bar_manager.py:119]: Stopping WindowsNotificationEventListener...
2026-07-12 01:44:53,096 [INFO] [MainThread] [root/log.py:104]: YASB v2.0.5
2026-07-12 01:44:53,097 [INFO] [CLIPipeServer] [cli_server/cli_server.py:216]: CLI server started v1.1.7
2026-07-12 01:44:53,097 [INFO] [MainThread] [cli_server/cli_server.py:106]: Log pipe server started
2026-07-12 01:44:53,162 [WARNING] [MainThread] [deprecation/deprecation.py:136]: [DEPRECATED] BarAlignment: 'center' - Use 'align' instead.
2026-07-12 01:44:53,162 [WARNING] [MainThread] [deprecation/deprecation.py:136]: [DEPRECATED] BarBlurEffect: 'acrylic' - No longer supported and can be removed from the config.
2026-07-12 01:44:53,410 [ERROR] [MainThread] [root/get_vscode_state_db_path.py:20]: Shared storage detection failed: _path_exists: path should be string, bytes, os.PathLike or integer, not NoneType
2026-07-12 01:44:54,119 [WARNING] [MainThread] [deprecation/deprecation.py:136]: [DEPRECATED] CpuConfig: 'label_shadow' - Use CSS text-shadow instead.
2026-07-12 01:44:54,274 [WARNING] [MainThread] [deprecation/deprecation.py:140]: [DEPRECATED] VolumeConfig: 'volume_icons' renamed to 'icons' - Use 'icons' with the dictionary format instead.
2026-07-12 01:44:54,306 [INFO] [MainThread] [root/service.py:52]: AudioOutputService starting...
2026-07-12 01:44:55,435 [ERROR] [MainThread] [root/get_vscode_state_db_path.py:20]: Shared storage detection failed: _path_exists: path should be string, bytes, os.PathLike or integer, not NoneType
2026-07-12 01:44:55,626 [WARNING] [MainThread] [root/widget_builder.py:36]: Ignoring construction of invalid widget 'todo'
2026-07-12 01:44:56,525 [INFO] [MainThread] [root/bar_manager.py:229]: Starting HotkeyListener...
2026-07-12 01:44:56,525 [INFO] [MainThread] [root/bar_manager.py:103]: Starting WindowsNotificationEventListener...
2026-07-12 01:44:56,525 [INFO] [MainThread] [root/bar_manager.py:103]: Starting KomorebiEventListener...
2026-07-12 01:44:56,526 [ERROR] [MainThread] [root/widget_builder.py:114]: Failed to validate widget(s) due to invalid options  - todo
      categories:
        callbacks:
          label:
          - Field required
          on_left:
          - Extra inputs are not permitted
          on_middle:
          - Extra inputs are not permitted
          on_right:
          - Extra inputs are not permitted
      
2026-07-12 01:44:56,527 [INFO] [Dummy-9] [root/event_listener.py:54]: Created named pipe yasb-9cba81fd-7d58-11f1-8715-e00af667f2ea
2026-07-12 01:44:56,565 [INFO] [MainThread] [root/watcher.py:65]: Watching directory: c:\users\nam khuc\.config\yasb
2026-07-12 01:44:56,566 [INFO] [MainThread] [root/watcher.py:104]: Created file watcher
2026-07-12 01:44:56,589 [INFO] [MainThread] [root/update_service.py:434]: Background update checker started
2026-07-12 01:44:56,673 [INFO] [Dummy-9] [root/event_listener.py:147]: Komorebi connected to named pipe: yasb-9cba81fd-7d58-11f1-8715-e00af667f2ea
2026-07-12 01:44:57,405 [INFO] [MainThread] [root/api.py:69]: Fetching new weather data at 2026-07-12 01:44:57.405844
2026-07-12 01:45:50,946 [WARNING] [MainThread] [deprecation/deprecation.py:136]: [DEPRECATED] BarAlignment: 'center' - Use 'align' instead.
2026-07-12 01:45:50,946 [WARNING] [MainThread] [deprecation/deprecation.py:136]: [DEPRECATED] BarBlurEffect: 'acrylic' - No longer supported and can be removed from the config.
2026-07-12 01:45:50,947 [INFO] [MainThread] [root/controller.py:21]: Reloading Application because of config change.
2026-07-12 01:45:51,058 [INFO] [MainThread] [cli_server/cli_server.py:114]: Log pipe server stopped
2026-07-12 01:45:51,069 [INFO] [MainThread] [root/bar_manager.py:93]: Successfully loaded updated config and re-initialised all bars.
2026-07-12 01:45:52,426 [INFO] [MainThread] [root/bar_manager.py:111]: Stopping HotkeyListener...
2026-07-12 01:45:52,432 [INFO] [MainThread] [root/bar_manager.py:119]: Stopping WindowsNotificationEventListener...
2026-07-12 01:45:52,441 [INFO] [MainThread] [root/bar_manager.py:119]: Stopping KomorebiEventListener...
2026-07-12 01:45:53,327 [INFO] [MainThread] [root/log.py:104]: YASB v2.0.5
2026-07-12 01:45:53,327 [INFO] [CLIPipeServer] [cli_server/cli_server.py:216]: CLI server started v1.1.7
2026-07-12 01:45:53,328 [INFO] [MainThread] [cli_server/cli_server.py:106]: Log pipe server started
2026-07-12 01:45:53,389 [WARNING] [MainThread] [deprecation/deprecation.py:136]: [DEPRECATED] BarAlignment: 'center' - Use 'align' instead.
2026-07-12 01:45:53,389 [WARNING] [MainThread] [deprecation/deprecation.py:136]: [DEPRECATED] BarBlurEffect: 'acrylic' - No longer supported and can be removed from the config.
2026-07-12 01:45:53,603 [ERROR] [MainThread] [root/get_vscode_state_db_path.py:20]: Shared storage detection failed: _path_exists: path should be string, bytes, os.PathLike or integer, not NoneType
2026-07-12 01:45:54,347 [WARNING] [MainThread] [deprecation/deprecation.py:136]: [DEPRECATED] CpuConfig: 'label_shadow' - Use CSS text-shadow instead.
2026-07-12 01:45:54,511 [WARNING] [MainThread] [deprecation/deprecation.py:140]: [DEPRECATED] VolumeConfig: 'volume_icons' renamed to 'icons' - Use 'icons' with the dictionary format instead.
2026-07-12 01:45:54,543 [INFO] [MainThread] [root/service.py:52]: AudioOutputService starting...
2026-07-12 01:45:55,655 [ERROR] [MainThread] [root/get_vscode_state_db_path.py:20]: Shared storage detection failed: _path_exists: path should be string, bytes, os.PathLike or integer, not NoneType
2026-07-12 01:45:56,695 [INFO] [MainThread] [root/bar_manager.py:229]: Starting HotkeyListener...
2026-07-12 01:45:56,695 [INFO] [MainThread] [root/bar_manager.py:103]: Starting KomorebiEventListener...
2026-07-12 01:45:56,695 [INFO] [MainThread] [root/bar_manager.py:103]: Starting WindowsNotificationEventListener...
2026-07-12 01:45:56,698 [INFO] [Dummy-10] [root/event_listener.py:54]: Created named pipe yasb-c097aac1-7d58-11f1-8dde-e00af667f2ea
2026-07-12 01:45:56,698 [INFO] [MainThread] [root/watcher.py:65]: Watching directory: c:\users\nam khuc\.config\yasb
2026-07-12 01:45:56,698 [INFO] [MainThread] [root/watcher.py:104]: Created file watcher
2026-07-12 01:45:56,732 [INFO] [MainThread] [root/update_service.py:434]: Background update checker started
2026-07-12 01:45:56,848 [INFO] [Dummy-10] [root/event_listener.py:147]: Komorebi connected to named pipe: yasb-c097aac1-7d58-11f1-8dde-e00af667f2ea
2026-07-12 01:45:57,540 [INFO] [MainThread] [root/api.py:69]: Fetching new weather data at 2026-07-12 01:45:57.540429
2026-07-12 01:55:54,885 [INFO] [MainThread] [root/api.py:69]: Fetching new weather data at 2026-07-12 01:55:54.885793
2026-07-12 02:01:29,906 [WARNING] [MainThread] [deprecation/deprecation.py:136]: [DEPRECATED] BarAlignment: 'center' - Use 'align' instead.
2026-07-12 02:01:29,907 [WARNING] [MainThread] [deprecation/deprecation.py:136]: [DEPRECATED] BarBlurEffect: 'acrylic' - No longer supported and can be removed from the config.
2026-07-12 02:01:29,908 [INFO] [MainThread] [root/controller.py:21]: Reloading Application because of config change.
2026-07-12 02:01:30,012 [INFO] [MainThread] [cli_server/cli_server.py:114]: Log pipe server stopped
2026-07-12 02:01:30,021 [INFO] [MainThread] [root/bar_manager.py:93]: Successfully loaded updated config and re-initialised all bars.
2026-07-12 02:01:31,395 [INFO] [MainThread] [root/bar_manager.py:111]: Stopping HotkeyListener...
2026-07-12 02:01:31,397 [INFO] [MainThread] [root/bar_manager.py:119]: Stopping KomorebiEventListener...
2026-07-12 02:01:31,401 [INFO] [MainThread] [root/bar_manager.py:119]: Stopping WindowsNotificationEventListener...
2026-07-12 02:01:32,268 [INFO] [MainThread] [root/log.py:104]: YASB v2.0.5
2026-07-12 02:01:32,269 [INFO] [CLIPipeServer] [cli_server/cli_server.py:216]: CLI server started v1.1.7
2026-07-12 02:01:32,269 [INFO] [MainThread] [cli_server/cli_server.py:106]: Log pipe server started
2026-07-12 02:01:32,341 [WARNING] [MainThread] [deprecation/deprecation.py:136]: [DEPRECATED] BarAlignment: 'center' - Use 'align' instead.
2026-07-12 02:01:32,341 [WARNING] [MainThread] [deprecation/deprecation.py:136]: [DEPRECATED] BarBlurEffect: 'acrylic' - No longer supported and can be removed from the config.
2026-07-12 02:01:32,578 [ERROR] [MainThread] [root/get_vscode_state_db_path.py:20]: Shared storage detection failed: _path_exists: path should be string, bytes, os.PathLike or integer, not NoneType
2026-07-12 02:01:33,252 [WARNING] [MainThread] [deprecation/deprecation.py:136]: [DEPRECATED] CpuConfig: 'label_shadow' - Use CSS text-shadow instead.
2026-07-12 02:01:33,413 [WARNING] [MainThread] [deprecation/deprecation.py:140]: [DEPRECATED] VolumeConfig: 'volume_icons' renamed to 'icons' - Use 'icons' with the dictionary format instead.
2026-07-12 02:01:33,445 [INFO] [MainThread] [root/service.py:52]: AudioOutputService starting...
2026-07-12 02:01:34,590 [ERROR] [MainThread] [root/get_vscode_state_db_path.py:20]: Shared storage detection failed: _path_exists: path should be string, bytes, os.PathLike or integer, not NoneType
2026-07-12 02:01:35,670 [INFO] [MainThread] [root/bar_manager.py:229]: Starting HotkeyListener...
2026-07-12 02:01:35,670 [INFO] [MainThread] [root/bar_manager.py:103]: Starting KomorebiEventListener...
2026-07-12 02:01:35,671 [INFO] [MainThread] [root/bar_manager.py:103]: Starting WindowsNotificationEventListener...
2026-07-12 02:01:35,674 [INFO] [Dummy-10] [root/event_listener.py:54]: Created named pipe yasb-f04402a4-7d5a-11f1-9d18-e00af667f2ea
2026-07-12 02:01:35,674 [INFO] [MainThread] [root/watcher.py:65]: Watching directory: c:\users\nam khuc\.config\yasb
2026-07-12 02:01:35,674 [INFO] [MainThread] [root/watcher.py:104]: Created file watcher
2026-07-12 02:01:35,719 [INFO] [MainThread] [root/update_service.py:434]: Background update checker started
2026-07-12 02:01:35,858 [INFO] [Dummy-10] [root/event_listener.py:147]: Komorebi connected to named pipe: yasb-f04402a4-7d5a-11f1-9d18-e00af667f2ea
2026-07-12 02:01:36,686 [INFO] [MainThread] [root/api.py:69]: Fetching new weather data at 2026-07-12 02:01:36.686501
2026-07-12 02:04:39,575 [WARNING] [Dummy-10] [root/event_listener.py:95]: Pipe has been ended: (109, 'PeekNamedPipe', 'The pipe has been ended.')
2026-07-12 02:04:39,576 [INFO] [Dummy-10] [root/event_listener.py:107]: Attempting to reconnect to Komorebi...
2026-07-12 02:04:42,576 [INFO] [Dummy-10] [root/event_listener.py:54]: Created named pipe yasb-f04402a4-7d5a-11f1-9d18-e00af667f2ea
2026-07-12 02:04:42,688 [WARNING] [Dummy-10] [root/event_listener.py:134]: Komorebi failed to subscribe named pipe. Komorebi is not running, please start Komorebi.
2026-07-12 02:05:18,531 [INFO] [Dummy-10] [root/event_listener.py:147]: Komorebi connected to named pipe: yasb-f04402a4-7d5a-11f1-9d18-e00af667f2ea
2026-07-12 02:11:33,771 [INFO] [MainThread] [root/api.py:69]: Fetching new weather data at 2026-07-12 02:11:33.771521
2026-07-12 02:13:57,528 [WARNING] [Dummy-10] [root/event_listener.py:95]: Pipe has been ended: (109, 'PeekNamedPipe', 'The pipe has been ended.')
2026-07-12 02:13:57,529 [INFO] [Dummy-10] [root/event_listener.py:107]: Attempting to reconnect to Komorebi...
2026-07-12 02:14:00,542 [INFO] [Dummy-10] [root/event_listener.py:54]: Created named pipe yasb-f04402a4-7d5a-11f1-9d18-e00af667f2ea
2026-07-12 02:14:00,657 [WARNING] [Dummy-10] [root/event_listener.py:134]: Komorebi failed to subscribe named pipe. Komorebi is not running, please start Komorebi.
2026-07-12 02:14:16,030 [INFO] [Dummy-10] [root/event_listener.py:147]: Komorebi connected to named pipe: yasb-f04402a4-7d5a-11f1-9d18-e00af667f2ea
2026-07-12 02:17:46,489 [WARNING] [Dummy-10] [root/event_listener.py:95]: Pipe has been ended: (109, 'PeekNamedPipe', 'The pipe has been ended.')
2026-07-12 02:17:46,490 [INFO] [Dummy-10] [root/event_listener.py:107]: Attempting to reconnect to Komorebi...
2026-07-12 02:17:49,498 [INFO] [Dummy-10] [root/event_listener.py:54]: Created named pipe yasb-f04402a4-7d5a-11f1-9d18-e00af667f2ea
2026-07-12 02:17:49,593 [INFO] [Dummy-10] [root/event_listener.py:147]: Komorebi connected to named pipe: yasb-f04402a4-7d5a-11f1-9d18-e00af667f2ea
2026-07-12 02:18:29,304 [WARNING] [Dummy-10] [root/event_listener.py:95]: Pipe has been ended: (109, 'PeekNamedPipe', 'The pipe has been ended.')
2026-07-12 02:18:29,305 [INFO] [Dummy-10] [root/event_listener.py:107]: Attempting to reconnect to Komorebi...
2026-07-12 02:18:32,308 [INFO] [Dummy-10] [root/event_listener.py:54]: Created named pipe yasb-f04402a4-7d5a-11f1-9d18-e00af667f2ea
2026-07-12 02:18:32,401 [INFO] [Dummy-10] [root/event_listener.py:147]: Komorebi connected to named pipe: yasb-f04402a4-7d5a-11f1-9d18-e00af667f2ea
2026-07-12 02:21:33,657 [INFO] [MainThread] [root/api.py:69]: Fetching new weather data at 2026-07-12 02:21:33.657815
